{"window":{"start":"2022-12-09T10:33:00.000Z","end":"2022-12-09T10:34:00.000Z"},"country":"United Kingdom","OPM":15,"total_sale_volume":815.8799974322319,"rate_of_return":0.13333333333333333}
{"window":{"start":"2022-12-08T16:08:00.000Z","end":"2022-12-08T16:09:00.000Z"},"country":"United Kingdom","OPM":10,"total_sale_volume":440.2899932861328,"rate_of_return":0.1}
{"window":{"start":"2022-12-09T10:27:00.000Z","end":"2022-12-09T10:28:00.000Z"},"country":"United Kingdom","OPM":11,"total_sale_volume":989.6200127601624,"rate_of_return":0.0}
{"window":{"start":"2022-12-08T21:43:00.000Z","end":"2022-12-08T21:44:00.000Z"},"country":"France","OPM":1,"total_sale_volume":39.2599983215332,"rate_of_return":0.0}
{"window":{"start":"2022-12-08T23:45:00.000Z","end":"2022-12-08T23:46:00.000Z"},"country":"Germany","OPM":1,"total_sale_volume":33.9900016784668,"rate_of_return":0.0}
{"window":{"start":"2022-12-09T14:45:00.000Z","end":"2022-12-09T14:46:00.000Z"},"country":"United Kingdom","OPM":9,"total_sale_volume":360.2800010442734,"rate_of_return":0.0}
{"window":{"start":"2022-12-09T16:41:00.000Z","end":"2022-12-09T16:42:00.000Z"},"country":"France","OPM":1,"total_sale_volume":-119.69000244140625,"rate_of_return":1.0}
{"window":{"start":"2022-12-09T16:11:00.000Z","end":"2022-12-09T16:12:00.000Z"},"country":"Switzerland","OPM":1,"total_sale_volume":20.690000534057617,"rate_of_return":0.0}
{"window":{"start":"2022-12-08T12:40:00.000Z","end":"2022-12-08T12:41:00.000Z"},"country":"United Kingdom","OPM":11,"total_sale_volume":342.9400005340576,"rate_of_return":0.09090909090909091}
{"window":{"start":"2022-12-09T09:41:00.000Z","end":"2022-12-09T09:42:00.000Z"},"country":"United Kingdom","OPM":8,"total_sale_volume":97.27999019622803,"rate_of_return":0.25}
{"window":{"start":"2022-12-08T17:37:00.000Z","end":"2022-12-08T17:38:00.000Z"},"country":"United Kingdom","OPM":10,"total_sale_volume":803.5899703502655,"rate_of_return":0.0}
{"window":{"start":"2022-12-09T00:54:00.000Z","end":"2022-12-09T00:55:00.000Z"},"country":"Germany","OPM":2,"total_sale_volume":195.90999603271484,"rate_of_return":0.0}
{"window":{"start":"2022-12-09T12:56:00.000Z","end":"2022-12-09T12:57:00.000Z"},"country":"United Kingdom","OPM":11,"total_sale_volume":309.5500011444092,"rate_of_return":0.0}
{"window":{"start":"2022-12-08T12:56:00.000Z","end":"2022-12-08T12:57:00.000Z"},"country":"EIRE","OPM":1,"total_sale_volume":84.66999816894531,"rate_of_return":0.0}
