{"window":{"start":"2022-12-08T23:58:00.000Z","end":"2022-12-08T23:59:00.000Z"},"country":"United Kingdom","OPM":7,"total_sale_volume":405.8699960708618,"rate_of_return":0.0}
{"window":{"start":"2022-12-08T18:13:00.000Z","end":"2022-12-08T18:14:00.000Z"},"country":"Spain","OPM":1,"total_sale_volume":33.68000030517578,"rate_of_return":0.0}
{"window":{"start":"2022-12-09T20:39:00.000Z","end":"2022-12-09T20:40:00.000Z"},"country":"United Kingdom","OPM":7,"total_sale_volume":342.54999923706055,"rate_of_return":0.0}
{"window":{"start":"2022-12-08T13:21:00.000Z","end":"2022-12-08T13:22:00.000Z"},"country":"United Kingdom","OPM":16,"total_sale_volume":710.5299983024597,"rate_of_return":0.0}
{"window":{"start":"2022-12-08T23:23:00.000Z","end":"2022-12-08T23:24:00.000Z"},"country":"Germany","OPM":1,"total_sale_volume":299.95001220703125,"rate_of_return":0.0}
{"window":{"start":"2022-12-08T12:05:00.000Z","end":"2022-12-08T12:06:00.000Z"},"country":"United Kingdom","OPM":11,"total_sale_volume":397.1299987435341,"rate_of_return":0.0}
{"window":{"start":"2022-12-09T18:42:00.000Z","end":"2022-12-09T18:43:00.000Z"},"country":"United Kingdom","OPM":5,"total_sale_volume":188.06999969482422,"rate_of_return":0.0}
{"window":{"start":"2022-12-08T16:38:00.000Z","end":"2022-12-08T16:39:00.000Z"},"country":"United Kingdom","OPM":9,"total_sale_volume":824.4399862289429,"rate_of_return":0.0}
{"window":{"start":"2022-12-09T15:42:00.000Z","end":"2022-12-09T15:43:00.000Z"},"country":"Unspecified","OPM":1,"total_sale_volume":17.849998474121094,"rate_of_return":0.0}
{"window":{"start":"2022-12-09T13:59:00.000Z","end":"2022-12-09T14:00:00.000Z"},"country":"France","OPM":2,"total_sale_volume":136.3499984741211,"rate_of_return":0.0}
{"window":{"start":"2022-12-09T19:17:00.000Z","end":"2022-12-09T19:18:00.000Z"},"country":"France","OPM":1,"total_sale_volume":24.25,"rate_of_return":0.0}
{"window":{"start":"2022-12-09T01:43:00.000Z","end":"2022-12-09T01:44:00.000Z"},"country":"United Kingdom","OPM":12,"total_sale_volume":434.01999723911285,"rate_of_return":0.0}
{"window":{"start":"2022-12-08T09:54:00.000Z","end":"2022-12-08T09:55:00.000Z"},"country":"USA","OPM":1,"total_sale_volume":122.33000183105469,"rate_of_return":0.0}
{"window":{"start":"2022-12-08T17:36:00.000Z","end":"2022-12-08T17:37:00.000Z"},"country":"United Kingdom","OPM":9,"total_sale_volume":435.4399871826172,"rate_of_return":0.0}
{"window":{"start":"2022-12-09T01:19:00.000Z","end":"2022-12-09T01:20:00.000Z"},"country":"Israel","OPM":1,"total_sale_volume":16.219999313354492,"rate_of_return":0.0}
{"window":{"start":"2022-12-09T12:57:00.000Z","end":"2022-12-09T12:58:00.000Z"},"country":"Cyprus","OPM":1,"total_sale_volume":1.649999976158142,"rate_of_return":0.0}
{"window":{"start":"2022-12-08T13:55:00.000Z","end":"2022-12-08T13:56:00.000Z"},"country":"United Kingdom","OPM":5,"total_sale_volume":295.39999198913574,"rate_of_return":0.0}
{"window":{"start":"2022-12-08T18:52:00.000Z","end":"2022-12-08T18:53:00.000Z"},"country":"France","OPM":1,"total_sale_volume":89.16999816894531,"rate_of_return":0.0}
{"window":{"start":"2022-12-09T14:39:00.000Z","end":"2022-12-09T14:40:00.000Z"},"country":"Cyprus","OPM":1,"total_sale_volume":30.959999084472656,"rate_of_return":0.0}
{"window":{"start":"2022-12-09T05:50:00.000Z","end":"2022-12-09T05:51:00.000Z"},"country":"United Kingdom","OPM":14,"total_sale_volume":923.9700031280518,"rate_of_return":0.14285714285714285}
