{"window":{"start":"2022-12-08T20:20:00.000Z","end":"2022-12-08T20:21:00.000Z"},"country":"France","OPM":1,"total_sale_volume":36.41999816894531,"rate_of_return":0.0}
{"window":{"start":"2022-12-09T06:16:00.000Z","end":"2022-12-09T06:17:00.000Z"},"country":"Germany","OPM":1,"total_sale_volume":11.899999618530273,"rate_of_return":0.0}
{"window":{"start":"2022-12-09T04:08:00.000Z","end":"2022-12-09T04:09:00.000Z"},"country":"Netherlands","OPM":1,"total_sale_volume":56.89999771118164,"rate_of_return":0.0}
{"window":{"start":"2022-12-09T18:30:00.000Z","end":"2022-12-09T18:31:00.000Z"},"country":"United Kingdom","OPM":10,"total_sale_volume":1633.359988451004,"rate_of_return":0.0}
{"window":{"start":"2022-12-09T06:38:00.000Z","end":"2022-12-09T06:39:00.000Z"},"country":"United Kingdom","OPM":8,"total_sale_volume":631.9800071716309,"rate_of_return":0.0}
{"window":{"start":"2022-12-08T19:31:00.000Z","end":"2022-12-08T19:32:00.000Z"},"country":"Switzerland","OPM":1,"total_sale_volume":288.0799865722656,"rate_of_return":0.0}
{"window":{"start":"2022-12-09T12:12:00.000Z","end":"2022-12-09T12:13:00.000Z"},"country":"France","OPM":1,"total_sale_volume":-260.66998291015625,"rate_of_return":1.0}
{"window":{"start":"2022-12-08T16:01:00.000Z","end":"2022-12-08T16:02:00.000Z"},"country":"EIRE","OPM":1,"total_sale_volume":29.849998474121094,"rate_of_return":0.0}
{"window":{"start":"2022-12-09T15:49:00.000Z","end":"2022-12-09T15:50:00.000Z"},"country":"United Kingdom","OPM":5,"total_sale_volume":647.3700141906738,"rate_of_return":0.0}
{"window":{"start":"2022-12-09T20:38:00.000Z","end":"2022-12-09T20:39:00.000Z"},"country":"United Kingdom","OPM":12,"total_sale_volume":559.009991645813,"rate_of_return":0.08333333333333333}
{"window":{"start":"2022-12-09T18:31:00.000Z","end":"2022-12-09T18:32:00.000Z"},"country":"Germany","OPM":1,"total_sale_volume":72.22999572753906,"rate_of_return":0.0}
{"window":{"start":"2022-12-09T09:04:00.000Z","end":"2022-12-09T09:05:00.000Z"},"country":"France","OPM":1,"total_sale_volume":1.9499999284744263,"rate_of_return":0.0}
{"window":{"start":"2022-12-08T23:53:00.000Z","end":"2022-12-08T23:54:00.000Z"},"country":"Cyprus","OPM":1,"total_sale_volume":62.48999786376953,"rate_of_return":0.0}
{"window":{"start":"2022-12-08T21:57:00.000Z","end":"2022-12-08T21:58:00.000Z"},"country":"United Kingdom","OPM":4,"total_sale_volume":90.2600020468235,"rate_of_return":0.0}
{"window":{"start":"2022-12-08T17:38:00.000Z","end":"2022-12-08T17:39:00.000Z"},"country":"France","OPM":1,"total_sale_volume":19.799999237060547,"rate_of_return":0.0}
{"window":{"start":"2022-12-08T15:28:00.000Z","end":"2022-12-08T15:29:00.000Z"},"country":"Singapore","OPM":1,"total_sale_volume":77.30000305175781,"rate_of_return":0.0}
{"window":{"start":"2022-12-08T19:55:00.000Z","end":"2022-12-08T19:56:00.000Z"},"country":"United Kingdom","OPM":12,"total_sale_volume":1036.1400169432163,"rate_of_return":0.16666666666666666}
{"window":{"start":"2022-12-09T09:50:00.000Z","end":"2022-12-09T09:51:00.000Z"},"country":"United Kingdom","OPM":11,"total_sale_volume":300.76000022888184,"rate_of_return":0.2727272727272727}
{"window":{"start":"2022-12-09T07:59:00.000Z","end":"2022-12-09T08:00:00.000Z"},"country":"Switzerland","OPM":1,"total_sale_volume":54.45000076293945,"rate_of_return":0.0}
