{"window":{"start":"2022-12-08T14:19:00.000Z","end":"2022-12-08T14:20:00.000Z"},"country":"United Kingdom","OPM":9,"total_sale_volume":567.4600029587746,"rate_of_return":0.0}
{"window":{"start":"2022-12-09T03:31:00.000Z","end":"2022-12-09T03:32:00.000Z"},"country":"United Kingdom","OPM":9,"total_sale_volume":391.09000301361084,"rate_of_return":0.0}
{"window":{"start":"2022-12-09T21:08:00.000Z","end":"2022-12-09T21:09:00.000Z"},"country":"France","OPM":1,"total_sale_volume":49.560001373291016,"rate_of_return":0.0}
{"window":{"start":"2022-12-09T21:56:00.000Z","end":"2022-12-09T21:57:00.000Z"},"country":"United Kingdom","OPM":8,"total_sale_volume":420.0400047302246,"rate_of_return":0.0}
{"window":{"start":"2022-12-09T06:15:00.000Z","end":"2022-12-09T06:16:00.000Z"},"country":"France","OPM":1,"total_sale_volume":32.400001525878906,"rate_of_return":0.0}
{"window":{"start":"2022-12-08T18:12:00.000Z","end":"2022-12-08T18:13:00.000Z"},"country":"Germany","OPM":1,"total_sale_volume":359.2099914550781,"rate_of_return":0.0}
{"window":{"start":"2022-12-09T11:52:00.000Z","end":"2022-12-09T11:53:00.000Z"},"country":"United Kingdom","OPM":7,"total_sale_volume":512.2100009918213,"rate_of_return":0.14285714285714285}
{"window":{"start":"2022-12-08T09:25:00.000Z","end":"2022-12-08T09:26:00.000Z"},"country":"Germany","OPM":1,"total_sale_volume":175.95001220703125,"rate_of_return":0.0}
{"window":{"start":"2022-12-09T06:12:00.000Z","end":"2022-12-09T06:13:00.000Z"},"country":"Germany","OPM":1,"total_sale_volume":28.100000381469727,"rate_of_return":0.0}
{"window":{"start":"2022-12-09T07:55:00.000Z","end":"2022-12-09T07:56:00.000Z"},"country":"Germany","OPM":1,"total_sale_volume":98.54999542236328,"rate_of_return":0.0}
{"window":{"start":"2022-12-09T09:45:00.000Z","end":"2022-12-09T09:46:00.000Z"},"country":"France","OPM":1,"total_sale_volume":8.600000381469727,"rate_of_return":0.0}
{"window":{"start":"2022-12-09T04:37:00.000Z","end":"2022-12-09T04:38:00.000Z"},"country":"EIRE","OPM":1,"total_sale_volume":4.949999809265137,"rate_of_return":0.0}
{"window":{"start":"2022-12-09T15:35:00.000Z","end":"2022-12-09T15:36:00.000Z"},"country":"Poland","OPM":1,"total_sale_volume":41.43000030517578,"rate_of_return":0.0}
{"window":{"start":"2022-12-08T15:50:00.000Z","end":"2022-12-08T15:51:00.000Z"},"country":"Germany","OPM":1,"total_sale_volume":133.3000030517578,"rate_of_return":0.0}
{"window":{"start":"2022-12-08T23:33:00.000Z","end":"2022-12-08T23:34:00.000Z"},"country":"United Kingdom","OPM":2,"total_sale_volume":297.09998321533203,"rate_of_return":0.0}
{"window":{"start":"2022-12-08T10:18:00.000Z","end":"2022-12-08T10:19:00.000Z"},"country":"United Kingdom","OPM":9,"total_sale_volume":540.849996805191,"rate_of_return":0.0}
{"window":{"start":"2022-12-08T11:33:00.000Z","end":"2022-12-08T11:34:00.000Z"},"country":"United Kingdom","OPM":14,"total_sale_volume":718.0100079774857,"rate_of_return":0.0}
{"window":{"start":"2022-12-08T20:29:00.000Z","end":"2022-12-08T20:30:00.000Z"},"country":"Germany","OPM":2,"total_sale_volume":29.25,"rate_of_return":0.0}
{"window":{"start":"2022-12-08T12:38:00.000Z","end":"2022-12-08T12:39:00.000Z"},"country":"France","OPM":1,"total_sale_volume":49.80000305175781,"rate_of_return":0.0}
