{"window":{"start":"2022-12-09T16:05:00.000Z","end":"2022-12-09T16:06:00.000Z"},"country":"United Kingdom","OPM":9,"total_sale_volume":67.45998954772949,"rate_of_return":0.1111111111111111}
{"window":{"start":"2022-12-09T06:40:00.000Z","end":"2022-12-09T06:41:00.000Z"},"country":"United Kingdom","OPM":7,"total_sale_volume":-19.859976291656494,"rate_of_return":0.14285714285714285}
{"window":{"start":"2022-12-08T18:09:00.000Z","end":"2022-12-08T18:10:00.000Z"},"country":"EIRE","OPM":1,"total_sale_volume":12.789999961853027,"rate_of_return":0.0}
{"window":{"start":"2022-12-09T05:01:00.000Z","end":"2022-12-09T05:02:00.000Z"},"country":"United Kingdom","OPM":3,"total_sale_volume":118.02000200748444,"rate_of_return":0.0}
{"window":{"start":"2022-12-09T22:29:00.000Z","end":"2022-12-09T22:30:00.000Z"},"country":"United Kingdom","OPM":11,"total_sale_volume":716.8200027942657,"rate_of_return":0.09090909090909091}
{"window":{"start":"2022-12-08T16:54:00.000Z","end":"2022-12-08T16:55:00.000Z"},"country":"United Kingdom","OPM":13,"total_sale_volume":943.5100021362305,"rate_of_return":0.0}
{"window":{"start":"2022-12-09T09:26:00.000Z","end":"2022-12-09T09:27:00.000Z"},"country":"United Kingdom","OPM":5,"total_sale_volume":505.17000579833984,"rate_of_return":0.0}
{"window":{"start":"2022-12-08T14:09:00.000Z","end":"2022-12-08T14:10:00.000Z"},"country":"United Kingdom","OPM":10,"total_sale_volume":449.9299885034561,"rate_of_return":0.0}
{"window":{"start":"2022-12-08T17:36:00.000Z","end":"2022-12-08T17:37:00.000Z"},"country":"Germany","OPM":2,"total_sale_volume":75.7100019454956,"rate_of_return":0.0}
{"window":{"start":"2022-12-08T19:39:00.000Z","end":"2022-12-08T19:40:00.000Z"},"country":"United Kingdom","OPM":13,"total_sale_volume":1058.3999996185303,"rate_of_return":0.0}
{"window":{"start":"2022-12-08T10:32:00.000Z","end":"2022-12-08T10:33:00.000Z"},"country":"United Kingdom","OPM":15,"total_sale_volume":939.3100059628487,"rate_of_return":0.0}
{"window":{"start":"2022-12-08T12:25:00.000Z","end":"2022-12-08T12:26:00.000Z"},"country":"EIRE","OPM":1,"total_sale_volume":26.240001678466797,"rate_of_return":0.0}
{"window":{"start":"2022-12-09T03:01:00.000Z","end":"2022-12-09T03:02:00.000Z"},"country":"United Kingdom","OPM":6,"total_sale_volume":1509.119987487793,"rate_of_return":0.0}
{"window":{"start":"2022-12-09T09:52:00.000Z","end":"2022-12-09T09:53:00.000Z"},"country":"EIRE","OPM":1,"total_sale_volume":2.9000000953674316,"rate_of_return":0.0}
{"window":{"start":"2022-12-08T08:56:00.000Z","end":"2022-12-08T08:57:00.000Z"},"country":"France","OPM":1,"total_sale_volume":11.949999809265137,"rate_of_return":0.0}
{"window":{"start":"2022-12-08T14:28:00.000Z","end":"2022-12-08T14:29:00.000Z"},"country":"United Kingdom","OPM":4,"total_sale_volume":492.4500160217285,"rate_of_return":0.0}
