{"window":{"start":"2022-12-09T03:03:00.000Z","end":"2022-12-09T03:04:00.000Z"},"country":"United Kingdom","OPM":15,"total_sale_volume":1378.5300384163857,"rate_of_return":0.0}
{"window":{"start":"2022-12-08T19:20:00.000Z","end":"2022-12-08T19:21:00.000Z"},"country":"United Kingdom","OPM":14,"total_sale_volume":831.3699960708618,"rate_of_return":0.14285714285714285}
{"window":{"start":"2022-12-09T21:36:00.000Z","end":"2022-12-09T21:37:00.000Z"},"country":"Germany","OPM":1,"total_sale_volume":100.20000457763672,"rate_of_return":0.0}
{"window":{"start":"2022-12-08T09:14:00.000Z","end":"2022-12-08T09:15:00.000Z"},"country":"United Kingdom","OPM":12,"total_sale_volume":349.9100034981966,"rate_of_return":0.08333333333333333}
{"window":{"start":"2022-12-09T06:17:00.000Z","end":"2022-12-09T06:18:00.000Z"},"country":"United Kingdom","OPM":6,"total_sale_volume":687.3400211334229,"rate_of_return":0.0}
{"window":{"start":"2022-12-08T13:27:00.000Z","end":"2022-12-08T13:28:00.000Z"},"country":"France","OPM":1,"total_sale_volume":180.3699951171875,"rate_of_return":0.0}
{"window":{"start":"2022-12-09T11:40:00.000Z","end":"2022-12-09T11:41:00.000Z"},"country":"United Kingdom","OPM":4,"total_sale_volume":567.3900012969971,"rate_of_return":0.0}
{"window":{"start":"2022-12-09T15:42:00.000Z","end":"2022-12-09T15:43:00.000Z"},"country":"Germany","OPM":1,"total_sale_volume":0.8399999737739563,"rate_of_return":0.0}
{"window":{"start":"2022-12-08T22:52:00.000Z","end":"2022-12-08T22:53:00.000Z"},"country":"Germany","OPM":1,"total_sale_volume":42.7599983215332,"rate_of_return":0.0}
{"window":{"start":"2022-12-09T00:06:00.000Z","end":"2022-12-09T00:07:00.000Z"},"country":"United Kingdom","OPM":13,"total_sale_volume":333.4799962043762,"rate_of_return":0.07692307692307693}
{"window":{"start":"2022-12-08T12:24:00.000Z","end":"2022-12-08T12:25:00.000Z"},"country":"France","OPM":1,"total_sale_volume":46.29999923706055,"rate_of_return":0.0}
{"window":{"start":"2022-12-08T15:25:00.000Z","end":"2022-12-08T15:26:00.000Z"},"country":"France","OPM":1,"total_sale_volume":24.530000686645508,"rate_of_return":0.0}
{"window":{"start":"2022-12-08T22:15:00.000Z","end":"2022-12-08T22:16:00.000Z"},"country":"EIRE","OPM":1,"total_sale_volume":59.54999923706055,"rate_of_return":0.0}
{"window":{"start":"2022-12-08T12:30:00.000Z","end":"2022-12-08T12:31:00.000Z"},"country":"Germany","OPM":1,"total_sale_volume":30.75,"rate_of_return":0.0}
{"window":{"start":"2022-12-08T12:33:00.000Z","end":"2022-12-08T12:34:00.000Z"},"country":"United Kingdom","OPM":11,"total_sale_volume":373.239999294281,"rate_of_return":0.2727272727272727}
{"window":{"start":"2022-12-09T05:18:00.000Z","end":"2022-12-09T05:19:00.000Z"},"country":"United Kingdom","OPM":10,"total_sale_volume":319.2400016784668,"rate_of_return":0.0}
{"window":{"start":"2022-12-08T09:43:00.000Z","end":"2022-12-08T09:44:00.000Z"},"country":"United Kingdom","OPM":8,"total_sale_volume":1176.8699505329132,"rate_of_return":0.0}
{"window":{"start":"2022-12-08T12:31:00.000Z","end":"2022-12-08T12:32:00.000Z"},"country":"EIRE","OPM":1,"total_sale_volume":31.5,"rate_of_return":0.0}
{"window":{"start":"2022-12-09T11:48:00.000Z","end":"2022-12-09T11:49:00.000Z"},"country":"United Kingdom","OPM":16,"total_sale_volume":368.9899971485138,"rate_of_return":0.0625}
