{"window":{"start":"2022-12-09T16:57:00.000Z","end":"2022-12-09T16:58:00.000Z"},"country":"France","OPM":1,"total_sale_volume":31.610000610351562,"rate_of_return":0.0}
{"window":{"start":"2022-12-09T13:47:00.000Z","end":"2022-12-09T13:48:00.000Z"},"country":"Switzerland","OPM":1,"total_sale_volume":31.329999923706055,"rate_of_return":0.0}
{"window":{"start":"2022-12-08T09:25:00.000Z","end":"2022-12-08T09:26:00.000Z"},"country":"Netherlands","OPM":1,"total_sale_volume":8.25,"rate_of_return":0.0}
{"window":{"start":"2022-12-09T09:06:00.000Z","end":"2022-12-09T09:07:00.000Z"},"country":"United Kingdom","OPM":7,"total_sale_volume":625.9700050354004,"rate_of_return":0.0}
{"window":{"start":"2022-12-09T20:07:00.000Z","end":"2022-12-09T20:08:00.000Z"},"country":"Germany","OPM":1,"total_sale_volume":69.72000122070312,"rate_of_return":0.0}
{"window":{"start":"2022-12-08T15:22:00.000Z","end":"2022-12-08T15:23:00.000Z"},"country":"United Kingdom","OPM":12,"total_sale_volume":548.7999957799911,"rate_of_return":0.0}
{"window":{"start":"2022-12-09T16:09:00.000Z","end":"2022-12-09T16:10:00.000Z"},"country":"United Kingdom","OPM":9,"total_sale_volume":501.6900053024292,"rate_of_return":0.0}
{"window":{"start":"2022-12-08T18:58:00.000Z","end":"2022-12-08T18:59:00.000Z"},"country":"United Kingdom","OPM":13,"total_sale_volume":666.3500168323517,"rate_of_return":0.07692307692307693}
{"window":{"start":"2022-12-09T07:56:00.000Z","end":"2022-12-09T07:57:00.000Z"},"country":"United Kingdom","OPM":6,"total_sale_volume":642.4700274467468,"rate_of_return":0.16666666666666666}
{"window":{"start":"2022-12-09T18:07:00.000Z","end":"2022-12-09T18:08:00.000Z"},"country":"France","OPM":2,"total_sale_volume":248.8100070953369,"rate_of_return":0.0}
{"window":{"start":"2022-12-08T13:43:00.000Z","end":"2022-12-08T13:44:00.000Z"},"country":"United Kingdom","OPM":5,"total_sale_volume":410.7299870252609,"rate_of_return":0.0}
{"window":{"start":"2022-12-09T07:28:00.000Z","end":"2022-12-09T07:29:00.000Z"},"country":"Germany","OPM":1,"total_sale_volume":4.199999809265137,"rate_of_return":0.0}
{"window":{"start":"2022-12-08T09:56:00.000Z","end":"2022-12-08T09:57:00.000Z"},"country":"United Kingdom","OPM":10,"total_sale_volume":304.0699996948242,"rate_of_return":0.2}
{"window":{"start":"2022-12-08T18:15:00.000Z","end":"2022-12-08T18:16:00.000Z"},"country":"United Kingdom","OPM":6,"total_sale_volume":-733.4799652099609,"rate_of_return":0.3333333333333333}
{"window":{"start":"2022-12-09T00:11:00.000Z","end":"2022-12-09T00:12:00.000Z"},"country":"United Kingdom","OPM":14,"total_sale_volume":557.9799904823303,"rate_of_return":0.07142857142857142}
{"window":{"start":"2022-12-09T03:52:00.000Z","end":"2022-12-09T03:53:00.000Z"},"country":"United Kingdom","OPM":4,"total_sale_volume":204.31999588012695,"rate_of_return":0.0}
{"window":{"start":"2022-12-09T19:32:00.000Z","end":"2022-12-09T19:33:00.000Z"},"country":"Germany","OPM":1,"total_sale_volume":-27.75,"rate_of_return":1.0}
{"window":{"start":"2022-12-09T20:44:00.000Z","end":"2022-12-09T20:45:00.000Z"},"country":"United Kingdom","OPM":10,"total_sale_volume":708.2600049972534,"rate_of_return":0.0}
{"window":{"start":"2022-12-09T18:55:00.000Z","end":"2022-12-09T18:56:00.000Z"},"country":"United Kingdom","OPM":7,"total_sale_volume":200.29001116752625,"rate_of_return":0.14285714285714285}
