{"window":{"start":"2022-12-09T06:50:00.000Z","end":"2022-12-09T06:51:00.000Z"},"country":"United Kingdom","OPM":8,"total_sale_volume":888.2000074386597,"rate_of_return":0.0}
{"window":{"start":"2022-12-08T18:07:00.000Z","end":"2022-12-08T18:08:00.000Z"},"country":"Austria","OPM":1,"total_sale_volume":175.8000030517578,"rate_of_return":0.0}
{"window":{"start":"2022-12-09T05:48:00.000Z","end":"2022-12-09T05:49:00.000Z"},"country":"Channel Islands","OPM":1,"total_sale_volume":132.3300018310547,"rate_of_return":0.0}
{"window":{"start":"2022-12-09T00:24:00.000Z","end":"2022-12-09T00:25:00.000Z"},"country":"Spain","OPM":1,"total_sale_volume":41.30000305175781,"rate_of_return":0.0}
{"window":{"start":"2022-12-09T21:54:00.000Z","end":"2022-12-09T21:55:00.000Z"},"country":"Spain","OPM":1,"total_sale_volume":11.800000190734863,"rate_of_return":0.0}
{"window":{"start":"2022-12-09T16:07:00.000Z","end":"2022-12-09T16:08:00.000Z"},"country":"Germany","OPM":2,"total_sale_volume":147.02000045776367,"rate_of_return":0.0}
{"window":{"start":"2022-12-08T21:25:00.000Z","end":"2022-12-08T21:26:00.000Z"},"country":"Germany","OPM":1,"total_sale_volume":2.549999952316284,"rate_of_return":0.0}
{"window":{"start":"2022-12-09T01:16:00.000Z","end":"2022-12-09T01:17:00.000Z"},"country":"Netherlands","OPM":1,"total_sale_volume":14.75,"rate_of_return":0.0}
{"window":{"start":"2022-12-08T08:53:00.000Z","end":"2022-12-08T08:54:00.000Z"},"country":"United Kingdom","OPM":8,"total_sale_volume":379.48999404907227,"rate_of_return":0.0}
{"window":{"start":"2022-12-09T04:28:00.000Z","end":"2022-12-09T04:29:00.000Z"},"country":"United Kingdom","OPM":8,"total_sale_volume":475.03999876976013,"rate_of_return":0.0}
{"window":{"start":"2022-12-08T15:08:00.000Z","end":"2022-12-08T15:09:00.000Z"},"country":"United Kingdom","OPM":12,"total_sale_volume":1531.4099659919739,"rate_of_return":0.08333333333333333}
{"window":{"start":"2022-12-09T11:44:00.000Z","end":"2022-12-09T11:45:00.000Z"},"country":"United Kingdom","OPM":12,"total_sale_volume":304.9199984073639,"rate_of_return":0.0}
{"window":{"start":"2022-12-08T16:50:00.000Z","end":"2022-12-08T16:51:00.000Z"},"country":"EIRE","OPM":1,"total_sale_volume":2.0999999046325684,"rate_of_return":0.0}
{"window":{"start":"2022-12-09T13:21:00.000Z","end":"2022-12-09T13:22:00.000Z"},"country":"United Kingdom","OPM":9,"total_sale_volume":953.6799926757812,"rate_of_return":0.0}
{"window":{"start":"2022-12-08T10:58:00.000Z","end":"2022-12-08T10:59:00.000Z"},"country":"United Kingdom","OPM":7,"total_sale_volume":304.6799931526184,"rate_of_return":0.0}
{"window":{"start":"2022-12-08T16:36:00.000Z","end":"2022-12-08T16:37:00.000Z"},"country":"France","OPM":1,"total_sale_volume":14.84999942779541,"rate_of_return":0.0}
{"window":{"start":"2022-12-09T22:53:00.000Z","end":"2022-12-09T22:54:00.000Z"},"country":"United Kingdom","OPM":8,"total_sale_volume":-64.14999508857727,"rate_of_return":0.125}
{"window":{"start":"2022-12-08T18:10:00.000Z","end":"2022-12-08T18:11:00.000Z"},"country":"Portugal","OPM":1,"total_sale_volume":4.130000114440918,"rate_of_return":0.0}
{"window":{"start":"2022-12-08T13:04:00.000Z","end":"2022-12-08T13:05:00.000Z"},"country":"United Kingdom","OPM":17,"total_sale_volume":757.6099862158298,"rate_of_return":0.11764705882352941}
{"window":{"start":"2022-12-09T19:22:00.000Z","end":"2022-12-09T19:23:00.000Z"},"country":"United Kingdom","OPM":10,"total_sale_volume":1139.5400037765503,"rate_of_return":0.0}
{"window":{"start":"2022-12-08T12:41:00.000Z","end":"2022-12-08T12:42:00.000Z"},"country":"United Kingdom","OPM":3,"total_sale_volume":401.4499740600586,"rate_of_return":0.0}
{"window":{"start":"2022-12-08T16:32:00.000Z","end":"2022-12-08T16:33:00.000Z"},"country":"Germany","OPM":1,"total_sale_volume":16.5,"rate_of_return":0.0}
{"window":{"start":"2022-12-08T21:42:00.000Z","end":"2022-12-08T21:43:00.000Z"},"country":"France","OPM":1,"total_sale_volume":167.13999938964844,"rate_of_return":0.0}
{"window":{"start":"2022-12-09T13:09:00.000Z","end":"2022-12-09T13:10:00.000Z"},"country":"France","OPM":1,"total_sale_volume":24.049999237060547,"rate_of_return":0.0}
{"window":{"start":"2022-12-08T10:06:00.000Z","end":"2022-12-08T10:07:00.000Z"},"country":"Switzerland","OPM":1,"total_sale_volume":95.70999908447266,"rate_of_return":0.0}
