{"window":{"start":"2022-12-08T11:10:00.000Z","end":"2022-12-08T11:11:00.000Z"},"country":"United Kingdom","OPM":13,"total_sale_volume":851.9899897575378,"rate_of_return":0.0}
{"window":{"start":"2022-12-09T04:55:00.000Z","end":"2022-12-09T04:56:00.000Z"},"country":"United Kingdom","OPM":14,"total_sale_volume":805.6999862790108,"rate_of_return":0.0}
{"window":{"start":"2022-12-08T16:03:00.000Z","end":"2022-12-08T16:04:00.000Z"},"country":"United Kingdom","OPM":5,"total_sale_volume":544.4099906682968,"rate_of_return":0.0}
{"window":{"start":"2022-12-09T18:36:00.000Z","end":"2022-12-09T18:37:00.000Z"},"country":"Switzerland","OPM":1,"total_sale_volume":48.060001373291016,"rate_of_return":0.0}
{"window":{"start":"2022-12-09T19:05:00.000Z","end":"2022-12-09T19:06:00.000Z"},"country":"Netherlands","OPM":1,"total_sale_volume":62.91999816894531,"rate_of_return":0.0}
{"window":{"start":"2022-12-08T14:15:00.000Z","end":"2022-12-08T14:16:00.000Z"},"country":"Italy","OPM":1,"total_sale_volume":882.0,"rate_of_return":0.0}
{"window":{"start":"2022-12-09T07:17:00.000Z","end":"2022-12-09T07:18:00.000Z"},"country":"Finland","OPM":1,"total_sale_volume":46.0,"rate_of_return":0.0}
{"window":{"start":"2022-12-09T05:04:00.000Z","end":"2022-12-09T05:05:00.000Z"},"country":"United Kingdom","OPM":7,"total_sale_volume":449.54000091552734,"rate_of_return":0.14285714285714285}
{"window":{"start":"2022-12-09T21:58:00.000Z","end":"2022-12-09T21:59:00.000Z"},"country":"United Kingdom","OPM":5,"total_sale_volume":88.55000162124634,"rate_of_return":0.0}
{"window":{"start":"2022-12-08T20:03:00.000Z","end":"2022-12-08T20:04:00.000Z"},"country":"United Kingdom","OPM":7,"total_sale_volume":357.98999881744385,"rate_of_return":0.0}
{"window":{"start":"2022-12-09T22:36:00.000Z","end":"2022-12-09T22:37:00.000Z"},"country":"RSA","OPM":1,"total_sale_volume":97.4000015258789,"rate_of_return":0.0}
{"window":{"start":"2022-12-09T12:37:00.000Z","end":"2022-12-09T12:38:00.000Z"},"country":"United Kingdom","OPM":9,"total_sale_volume":225.52000069618225,"rate_of_return":0.2222222222222222}
{"window":{"start":"2022-12-09T12:25:00.000Z","end":"2022-12-09T12:26:00.000Z"},"country":"France","OPM":2,"total_sale_volume":79.63000202178955,"rate_of_return":0.0}
{"window":{"start":"2022-12-09T16:15:00.000Z","end":"2022-12-09T16:16:00.000Z"},"country":"United Kingdom","OPM":9,"total_sale_volume":969.1699756383896,"rate_of_return":0.0}
{"window":{"start":"2022-12-09T06:44:00.000Z","end":"2022-12-09T06:45:00.000Z"},"country":"United Kingdom","OPM":7,"total_sale_volume":239.02000331878662,"rate_of_return":0.0}
{"window":{"start":"2022-12-09T20:14:00.000Z","end":"2022-12-09T20:15:00.000Z"},"country":"United Kingdom","OPM":12,"total_sale_volume":707.389988899231,"rate_of_return":0.08333333333333333}
{"window":{"start":"2022-12-08T16:54:00.000Z","end":"2022-12-08T16:55:00.000Z"},"country":"Germany","OPM":1,"total_sale_volume":76.33999633789062,"rate_of_return":0.0}
{"window":{"start":"2022-12-08T21:58:00.000Z","end":"2022-12-08T21:59:00.000Z"},"country":"EIRE","OPM":1,"total_sale_volume":16.349998474121094,"rate_of_return":0.0}
{"window":{"start":"2022-12-09T00:01:00.000Z","end":"2022-12-09T00:02:00.000Z"},"country":"EIRE","OPM":1,"total_sale_volume":99.37000274658203,"rate_of_return":0.0}
{"window":{"start":"2022-12-09T00:07:00.000Z","end":"2022-12-09T00:08:00.000Z"},"country":"United Kingdom","OPM":15,"total_sale_volume":1243.6999983787537,"rate_of_return":0.0}
{"window":{"start":"2022-12-08T20:52:00.000Z","end":"2022-12-08T20:53:00.000Z"},"country":"United Kingdom","OPM":16,"total_sale_volume":1298.540002822876,"rate_of_return":0.0625}
