{"window":{"start":"2022-12-08T09:06:00.000Z","end":"2022-12-08T09:07:00.000Z"},"country":"United Kingdom","OPM":17,"total_sale_volume":682.7800207138062,"rate_of_return":0.0}
{"window":{"start":"2022-12-09T16:41:00.000Z","end":"2022-12-09T16:42:00.000Z"},"country":"EIRE","OPM":1,"total_sale_volume":17.5,"rate_of_return":0.0}
{"window":{"start":"2022-12-09T11:54:00.000Z","end":"2022-12-09T11:55:00.000Z"},"country":"United Kingdom","OPM":7,"total_sale_volume":379.4300079345703,"rate_of_return":0.0}
{"window":{"start":"2022-12-09T13:58:00.000Z","end":"2022-12-09T13:59:00.000Z"},"country":"United Kingdom","OPM":3,"total_sale_volume":53.52999830245972,"rate_of_return":0.0}
{"window":{"start":"2022-12-08T16:25:00.000Z","end":"2022-12-08T16:26:00.000Z"},"country":"United Kingdom","OPM":8,"total_sale_volume":276.8000009059906,"rate_of_return":0.0}
{"window":{"start":"2022-12-08T23:11:00.000Z","end":"2022-12-08T23:12:00.000Z"},"country":"United Kingdom","OPM":14,"total_sale_volume":1312.9800367355347,"rate_of_return":0.07142857142857142}
{"window":{"start":"2022-12-09T18:02:00.000Z","end":"2022-12-09T18:03:00.000Z"},"country":"Germany","OPM":1,"total_sale_volume":29.869998931884766,"rate_of_return":0.0}
{"window":{"start":"2022-12-08T11:04:00.000Z","end":"2022-12-08T11:05:00.000Z"},"country":"United Kingdom","OPM":4,"total_sale_volume":926.9700012207031,"rate_of_return":0.0}
{"window":{"start":"2022-12-09T02:11:00.000Z","end":"2022-12-09T02:12:00.000Z"},"country":"France","OPM":1,"total_sale_volume":69.20999908447266,"rate_of_return":0.0}
{"window":{"start":"2022-12-08T15:36:00.000Z","end":"2022-12-08T15:37:00.000Z"},"country":"EIRE","OPM":1,"total_sale_volume":34.290000915527344,"rate_of_return":0.0}
{"window":{"start":"2022-12-09T10:50:00.000Z","end":"2022-12-09T10:51:00.000Z"},"country":"Japan","OPM":1,"total_sale_volume":19.559999465942383,"rate_of_return":0.0}
{"window":{"start":"2022-12-09T16:41:00.000Z","end":"2022-12-09T16:42:00.000Z"},"country":"Cyprus","OPM":1,"total_sale_volume":4.130000114440918,"rate_of_return":0.0}
{"window":{"start":"2022-12-08T17:30:00.000Z","end":"2022-12-08T17:31:00.000Z"},"country":"United Kingdom","OPM":4,"total_sale_volume":255.52000045776367,"rate_of_return":0.0}
{"window":{"start":"2022-12-09T01:02:00.000Z","end":"2022-12-09T01:03:00.000Z"},"country":"Norway","OPM":1,"total_sale_volume":24.780000686645508,"rate_of_return":0.0}
{"window":{"start":"2022-12-08T23:22:00.000Z","end":"2022-12-08T23:23:00.000Z"},"country":"Portugal","OPM":1,"total_sale_volume":111.09000396728516,"rate_of_return":0.0}
{"window":{"start":"2022-12-08T17:27:00.000Z","end":"2022-12-08T17:28:00.000Z"},"country":"United Kingdom","OPM":11,"total_sale_volume":720.4300165176392,"rate_of_return":0.0}
{"window":{"start":"2022-12-09T10:25:00.000Z","end":"2022-12-09T10:26:00.000Z"},"country":"United Kingdom","OPM":5,"total_sale_volume":361.54999923706055,"rate_of_return":0.0}
{"window":{"start":"2022-12-08T14:24:00.000Z","end":"2022-12-08T14:25:00.000Z"},"country":"United Kingdom","OPM":9,"total_sale_volume":46.97000062465668,"rate_of_return":0.1111111111111111}
{"window":{"start":"2022-12-08T17:41:00.000Z","end":"2022-12-08T17:42:00.000Z"},"country":"United Kingdom","OPM":7,"total_sale_volume":335.3600044250488,"rate_of_return":0.14285714285714285}
{"window":{"start":"2022-12-09T05:37:00.000Z","end":"2022-12-09T05:38:00.000Z"},"country":"United Kingdom","OPM":10,"total_sale_volume":575.4000005722046,"rate_of_return":0.0}
{"window":{"start":"2022-12-08T12:12:00.000Z","end":"2022-12-08T12:13:00.000Z"},"country":"United Kingdom","OPM":8,"total_sale_volume":364.3199920654297,"rate_of_return":0.0}
