{"window":{"start":"2022-12-08T22:15:00.000Z","end":"2022-12-08T22:16:00.000Z"},"country":"Norway","OPM":1,"total_sale_volume":39.130001068115234,"rate_of_return":0.0}
{"window":{"start":"2022-12-08T10:57:00.000Z","end":"2022-12-08T10:58:00.000Z"},"country":"United Kingdom","OPM":6,"total_sale_volume":392.3200035095215,"rate_of_return":0.0}
{"window":{"start":"2022-12-08T14:31:00.000Z","end":"2022-12-08T14:32:00.000Z"},"country":"United Kingdom","OPM":9,"total_sale_volume":598.7300090789795,"rate_of_return":0.0}
{"window":{"start":"2022-12-09T03:14:00.000Z","end":"2022-12-09T03:15:00.000Z"},"country":"United Kingdom","OPM":10,"total_sale_volume":526.8399969339371,"rate_of_return":0.1}
{"window":{"start":"2022-12-08T23:48:00.000Z","end":"2022-12-08T23:49:00.000Z"},"country":"United Kingdom","OPM":11,"total_sale_volume":383.2799928188324,"rate_of_return":0.0}
{"window":{"start":"2022-12-09T00:18:00.000Z","end":"2022-12-09T00:19:00.000Z"},"country":"United Kingdom","OPM":12,"total_sale_volume":730.900016784668,"rate_of_return":0.0}
{"window":{"start":"2022-12-09T23:46:00.000Z","end":"2022-12-09T23:47:00.000Z"},"country":"Unspecified","OPM":1,"total_sale_volume":14.119999885559082,"rate_of_return":0.0}
{"window":{"start":"2022-12-08T14:21:00.000Z","end":"2022-12-08T14:22:00.000Z"},"country":"United Kingdom","OPM":9,"total_sale_volume":743.6900062561035,"rate_of_return":0.0}
{"window":{"start":"2022-12-09T18:47:00.000Z","end":"2022-12-09T18:48:00.000Z"},"country":"EIRE","OPM":1,"total_sale_volume":108.15999603271484,"rate_of_return":0.0}
{"window":{"start":"2022-12-08T11:01:00.000Z","end":"2022-12-08T11:02:00.000Z"},"country":"United Kingdom","OPM":11,"total_sale_volume":383.0999960899353,"rate_of_return":0.0}
{"window":{"start":"2022-12-09T02:54:00.000Z","end":"2022-12-09T02:55:00.000Z"},"country":"United Kingdom","OPM":10,"total_sale_volume":204.67999744415283,"rate_of_return":0.0}
{"window":{"start":"2022-12-08T18:12:00.000Z","end":"2022-12-08T18:13:00.000Z"},"country":"EIRE","OPM":1,"total_sale_volume":27.5,"rate_of_return":0.0}
{"window":{"start":"2022-12-09T14:59:00.000Z","end":"2022-12-09T15:00:00.000Z"},"country":"Germany","OPM":1,"total_sale_volume":26.149999618530273,"rate_of_return":0.0}
{"window":{"start":"2022-12-09T13:27:00.000Z","end":"2022-12-09T13:28:00.000Z"},"country":"Germany","OPM":1,"total_sale_volume":576.2999877929688,"rate_of_return":0.0}
{"window":{"start":"2022-12-08T12:51:00.000Z","end":"2022-12-08T12:52:00.000Z"},"country":"Austria","OPM":1,"total_sale_volume":70.44000244140625,"rate_of_return":0.0}
{"window":{"start":"2022-12-08T23:15:00.000Z","end":"2022-12-08T23:16:00.000Z"},"country":"Germany","OPM":1,"total_sale_volume":68.51000213623047,"rate_of_return":0.0}
{"window":{"start":"2022-12-09T10:02:00.000Z","end":"2022-12-09T10:03:00.000Z"},"country":"United Kingdom","OPM":9,"total_sale_volume":1170.2500309944153,"rate_of_return":0.0}
{"window":{"start":"2022-12-09T14:00:00.000Z","end":"2022-12-09T14:01:00.000Z"},"country":"Germany","OPM":1,"total_sale_volume":73.63999938964844,"rate_of_return":0.0}
{"window":{"start":"2022-12-09T22:32:00.000Z","end":"2022-12-09T22:33:00.000Z"},"country":"United Kingdom","OPM":8,"total_sale_volume":137.32000637054443,"rate_of_return":0.5}
{"window":{"start":"2022-12-08T08:11:00.000Z","end":"2022-12-08T08:12:00.000Z"},"country":"United Kingdom","OPM":11,"total_sale_volume":597.5600051879883,"rate_of_return":0.0}
{"window":{"start":"2022-12-09T15:00:00.000Z","end":"2022-12-09T15:01:00.000Z"},"country":"Portugal","OPM":1,"total_sale_volume":48.89999771118164,"rate_of_return":0.0}
{"window":{"start":"2022-12-08T21:10:00.000Z","end":"2022-12-08T21:11:00.000Z"},"country":"United Kingdom","OPM":4,"total_sale_volume":921.6199667453766,"rate_of_return":0.0}
{"window":{"start":"2022-12-09T13:01:00.000Z","end":"2022-12-09T13:02:00.000Z"},"country":"United Kingdom","OPM":12,"total_sale_volume":165.80001318454742,"rate_of_return":0.08333333333333333}
