{"window":{"start":"2022-12-09T07:21:00.000Z","end":"2022-12-09T07:22:00.000Z"},"country":"France","OPM":1,"total_sale_volume":79.37000274658203,"rate_of_return":0.0}
{"window":{"start":"2022-12-09T11:13:00.000Z","end":"2022-12-09T11:14:00.000Z"},"country":"United Kingdom","OPM":7,"total_sale_volume":675.1200046539307,"rate_of_return":0.0}
{"window":{"start":"2022-12-09T14:04:00.000Z","end":"2022-12-09T14:05:00.000Z"},"country":"United Kingdom","OPM":12,"total_sale_volume":879.1600079536438,"rate_of_return":0.0}
{"window":{"start":"2022-12-08T16:36:00.000Z","end":"2022-12-08T16:37:00.000Z"},"country":"United Kingdom","OPM":3,"total_sale_volume":148.29000282287598,"rate_of_return":0.0}
{"window":{"start":"2022-12-08T08:58:00.000Z","end":"2022-12-08T08:59:00.000Z"},"country":"United Kingdom","OPM":8,"total_sale_volume":361.0999984741211,"rate_of_return":0.25}
{"window":{"start":"2022-12-08T23:49:00.000Z","end":"2022-12-08T23:50:00.000Z"},"country":"United Kingdom","OPM":5,"total_sale_volume":155.73000326752663,"rate_of_return":0.2}
{"window":{"start":"2022-12-08T10:40:00.000Z","end":"2022-12-08T10:41:00.000Z"},"country":"Portugal","OPM":1,"total_sale_volume":203.1699981689453,"rate_of_return":0.0}
{"window":{"start":"2022-12-09T19:30:00.000Z","end":"2022-12-09T19:31:00.000Z"},"country":"United Kingdom","OPM":13,"total_sale_volume":293.37999910116196,"rate_of_return":0.07692307692307693}
{"window":{"start":"2022-12-08T12:51:00.000Z","end":"2022-12-08T12:52:00.000Z"},"country":"United Kingdom","OPM":13,"total_sale_volume":1425.609989643097,"rate_of_return":0.0}
{"window":{"start":"2022-12-09T05:34:00.000Z","end":"2022-12-09T05:35:00.000Z"},"country":"United Kingdom","OPM":5,"total_sale_volume":544.6100063920021,"rate_of_return":0.0}
{"window":{"start":"2022-12-08T12:35:00.000Z","end":"2022-12-08T12:36:00.000Z"},"country":"United Kingdom","OPM":10,"total_sale_volume":204.56999826431274,"rate_of_return":0.1}
{"window":{"start":"2022-12-08T15:16:00.000Z","end":"2022-12-08T15:17:00.000Z"},"country":"Germany","OPM":1,"total_sale_volume":13.200000762939453,"rate_of_return":0.0}
{"window":{"start":"2022-12-08T12:16:00.000Z","end":"2022-12-08T12:17:00.000Z"},"country":"United Kingdom","OPM":5,"total_sale_volume":209.5999984741211,"rate_of_return":0.0}
{"window":{"start":"2022-12-08T18:47:00.000Z","end":"2022-12-08T18:48:00.000Z"},"country":"Spain","OPM":1,"total_sale_volume":1.4499999284744263,"rate_of_return":0.0}
{"window":{"start":"2022-12-09T03:50:00.000Z","end":"2022-12-09T03:51:00.000Z"},"country":"France","OPM":1,"total_sale_volume":74.77999877929688,"rate_of_return":0.0}
