{"window":{"start":"2022-12-09T04:27:00.000Z","end":"2022-12-09T04:28:00.000Z"},"country":"France","OPM":1,"total_sale_volume":19.75,"rate_of_return":0.0}
{"window":{"start":"2022-12-09T02:05:00.000Z","end":"2022-12-09T02:06:00.000Z"},"country":"United Kingdom","OPM":15,"total_sale_volume":705.2500171661377,"rate_of_return":0.06666666666666667}
{"window":{"start":"2022-12-09T21:40:00.000Z","end":"2022-12-09T21:41:00.000Z"},"country":"United Kingdom","OPM":8,"total_sale_volume":464.0599984228611,"rate_of_return":0.0}
{"window":{"start":"2022-12-08T15:25:00.000Z","end":"2022-12-08T15:26:00.000Z"},"country":"Portugal","OPM":1,"total_sale_volume":10.149999618530273,"rate_of_return":0.0}
{"window":{"start":"2022-12-08T14:36:00.000Z","end":"2022-12-08T14:37:00.000Z"},"country":"United Kingdom","OPM":3,"total_sale_volume":120.53999900817871,"rate_of_return":0.0}
{"window":{"start":"2022-12-09T19:55:00.000Z","end":"2022-12-09T19:56:00.000Z"},"country":"Germany","OPM":1,"total_sale_volume":17.099998474121094,"rate_of_return":0.0}
{"window":{"start":"2022-12-09T17:55:00.000Z","end":"2022-12-09T17:56:00.000Z"},"country":"United Kingdom","OPM":6,"total_sale_volume":197.78999251127243,"rate_of_return":0.0}
{"window":{"start":"2022-12-08T21:55:00.000Z","end":"2022-12-08T21:56:00.000Z"},"country":"Germany","OPM":1,"total_sale_volume":57.60000228881836,"rate_of_return":0.0}
{"window":{"start":"2022-12-08T17:40:00.000Z","end":"2022-12-08T17:41:00.000Z"},"country":"United Kingdom","OPM":6,"total_sale_volume":183.42999625205994,"rate_of_return":0.0}
{"window":{"start":"2022-12-09T00:12:00.000Z","end":"2022-12-09T00:13:00.000Z"},"country":"Germany","OPM":1,"total_sale_volume":39.90999984741211,"rate_of_return":0.0}
{"window":{"start":"2022-12-09T14:10:00.000Z","end":"2022-12-09T14:11:00.000Z"},"country":"United Kingdom","OPM":11,"total_sale_volume":395.9800081253052,"rate_of_return":0.0}
{"window":{"start":"2022-12-08T18:03:00.000Z","end":"2022-12-08T18:04:00.000Z"},"country":"Germany","OPM":1,"total_sale_volume":252.30999755859375,"rate_of_return":0.0}
{"window":{"start":"2022-12-09T16:26:00.000Z","end":"2022-12-09T16:27:00.000Z"},"country":"United Kingdom","OPM":10,"total_sale_volume":311.78999757766724,"rate_of_return":0.0}
{"window":{"start":"2022-12-08T15:45:00.000Z","end":"2022-12-08T15:46:00.000Z"},"country":"United Kingdom","OPM":11,"total_sale_volume":495.28000259399414,"rate_of_return":0.09090909090909091}
{"window":{"start":"2022-12-09T11:22:00.000Z","end":"2022-12-09T11:23:00.000Z"},"country":"Germany","OPM":1,"total_sale_volume":4.170000076293945,"rate_of_return":0.0}
{"window":{"start":"2022-12-08T11:59:00.000Z","end":"2022-12-08T12:00:00.000Z"},"country":"United Kingdom","OPM":12,"total_sale_volume":505.1000045835972,"rate_of_return":0.0}
{"window":{"start":"2022-12-08T20:47:00.000Z","end":"2022-12-08T20:48:00.000Z"},"country":"Australia","OPM":1,"total_sale_volume":211.9199981689453,"rate_of_return":0.0}
{"window":{"start":"2022-12-09T01:40:00.000Z","end":"2022-12-09T01:41:00.000Z"},"country":"United Kingdom","OPM":12,"total_sale_volume":1286.9299743175507,"rate_of_return":0.0}
{"window":{"start":"2022-12-08T11:28:00.000Z","end":"2022-12-08T11:29:00.000Z"},"country":"United Kingdom","OPM":3,"total_sale_volume":83.02000164985657,"rate_of_return":0.0}
{"window":{"start":"2022-12-09T04:35:00.000Z","end":"2022-12-09T04:36:00.000Z"},"country":"United Kingdom","OPM":9,"total_sale_volume":648.719983458519,"rate_of_return":0.0}
{"window":{"start":"2022-12-09T18:39:00.000Z","end":"2022-12-09T18:40:00.000Z"},"country":"France","OPM":1,"total_sale_volume":24.530000686645508,"rate_of_return":0.0}
{"window":{"start":"2022-12-08T08:49:00.000Z","end":"2022-12-08T08:50:00.000Z"},"country":"Switzerland","OPM":1,"total_sale_volume":28.479999542236328,"rate_of_return":0.0}
{"window":{"start":"2022-12-09T12:15:00.000Z","end":"2022-12-09T12:16:00.000Z"},"country":"France","OPM":1,"total_sale_volume":4.949999809265137,"rate_of_return":0.0}
{"window":{"start":"2022-12-08T18:12:00.000Z","end":"2022-12-08T18:13:00.000Z"},"country":"United Kingdom","OPM":15,"total_sale_volume":718.9399950504303,"rate_of_return":0.0}
{"window":{"start":"2022-12-09T19:00:00.000Z","end":"2022-12-09T19:01:00.000Z"},"country":"United Kingdom","OPM":11,"total_sale_volume":555.3199959397316,"rate_of_return":0.0}
{"window":{"start":"2022-12-09T11:18:00.000Z","end":"2022-12-09T11:19:00.000Z"},"country":"United Kingdom","OPM":10,"total_sale_volume":788.4200077056885,"rate_of_return":0.0}
{"window":{"start":"2022-12-09T08:02:00.000Z","end":"2022-12-09T08:03:00.000Z"},"country":"United Kingdom","OPM":5,"total_sale_volume":185.6699891090393,"rate_of_return":0.2}
