{"window":{"start":"2022-12-09T19:18:00.000Z","end":"2022-12-09T19:19:00.000Z"},"country":"United Kingdom","OPM":10,"total_sale_volume":206.64000952243805,"rate_of_return":0.1}
{"window":{"start":"2022-12-09T06:11:00.000Z","end":"2022-12-09T06:12:00.000Z"},"country":"Australia","OPM":1,"total_sale_volume":27.059999465942383,"rate_of_return":0.0}
{"window":{"start":"2022-12-08T09:18:00.000Z","end":"2022-12-08T09:19:00.000Z"},"country":"United Kingdom","OPM":11,"total_sale_volume":1121.0099878311157,"rate_of_return":0.09090909090909091}
{"window":{"start":"2022-12-09T00:03:00.000Z","end":"2022-12-09T00:04:00.000Z"},"country":"EIRE","OPM":1,"total_sale_volume":40.619998931884766,"rate_of_return":0.0}
{"window":{"start":"2022-12-09T05:12:00.000Z","end":"2022-12-09T05:13:00.000Z"},"country":"United Kingdom","OPM":6,"total_sale_volume":169.37000107765198,"rate_of_return":0.0}
{"window":{"start":"2022-12-08T15:33:00.000Z","end":"2022-12-08T15:34:00.000Z"},"country":"United Kingdom","OPM":12,"total_sale_volume":713.1099874973297,"rate_of_return":0.0}
{"window":{"start":"2022-12-08T18:47:00.000Z","end":"2022-12-08T18:48:00.000Z"},"country":"Australia","OPM":1,"total_sale_volume":3.3499999046325684,"rate_of_return":0.0}
{"window":{"start":"2022-12-09T15:18:00.000Z","end":"2022-12-09T15:19:00.000Z"},"country":"United Kingdom","OPM":9,"total_sale_volume":371.9799928665161,"rate_of_return":0.1111111111111111}
{"window":{"start":"2022-12-09T15:51:00.000Z","end":"2022-12-09T15:52:00.000Z"},"country":"United Kingdom","OPM":14,"total_sale_volume":627.8100070953369,"rate_of_return":0.07142857142857142}
{"window":{"start":"2022-12-09T23:30:00.000Z","end":"2022-12-09T23:31:00.000Z"},"country":"United Kingdom","OPM":7,"total_sale_volume":433.04999923706055,"rate_of_return":0.0}
{"window":{"start":"2022-12-09T02:40:00.000Z","end":"2022-12-09T02:41:00.000Z"},"country":"United Kingdom","OPM":15,"total_sale_volume":475.5999937057495,"rate_of_return":0.0}
{"window":{"start":"2022-12-09T00:17:00.000Z","end":"2022-12-09T00:18:00.000Z"},"country":"Portugal","OPM":1,"total_sale_volume":80.68999481201172,"rate_of_return":0.0}
{"window":{"start":"2022-12-09T22:42:00.000Z","end":"2022-12-09T22:43:00.000Z"},"country":"United Kingdom","OPM":11,"total_sale_volume":1663.300024986267,"rate_of_return":0.0}
{"window":{"start":"2022-12-08T23:52:00.000Z","end":"2022-12-08T23:53:00.000Z"},"country":"Spain","OPM":1,"total_sale_volume":117.76000213623047,"rate_of_return":0.0}
{"window":{"start":"2022-12-09T04:18:00.000Z","end":"2022-12-09T04:19:00.000Z"},"country":"United Kingdom","OPM":3,"total_sale_volume":214.22000312805176,"rate_of_return":0.0}
{"window":{"start":"2022-12-08T09:23:00.000Z","end":"2022-12-08T09:24:00.000Z"},"country":"France","OPM":1,"total_sale_volume":22.5,"rate_of_return":0.0}
{"window":{"start":"2022-12-09T04:34:00.000Z","end":"2022-12-09T04:35:00.000Z"},"country":"Germany","OPM":1,"total_sale_volume":159.09999084472656,"rate_of_return":0.0}
{"window":{"start":"2022-12-09T14:15:00.000Z","end":"2022-12-09T14:16:00.000Z"},"country":"United Kingdom","OPM":12,"total_sale_volume":675.989987373352,"rate_of_return":0.08333333333333333}
{"window":{"start":"2022-12-09T06:19:00.000Z","end":"2022-12-09T06:20:00.000Z"},"country":"United Kingdom","OPM":13,"total_sale_volume":946.2199773788452,"rate_of_return":0.0}
{"window":{"start":"2022-12-08T16:20:00.000Z","end":"2022-12-08T16:21:00.000Z"},"country":"EIRE","OPM":1,"total_sale_volume":69.36000061035156,"rate_of_return":0.0}
{"window":{"start":"2022-12-08T12:17:00.000Z","end":"2022-12-08T12:18:00.000Z"},"country":"United Kingdom","OPM":9,"total_sale_volume":525.9600009918213,"rate_of_return":0.1111111111111111}
{"window":{"start":"2022-12-09T17:47:00.000Z","end":"2022-12-09T17:48:00.000Z"},"country":"Italy","OPM":1,"total_sale_volume":278.1399841308594,"rate_of_return":0.0}
{"window":{"start":"2022-12-09T09:47:00.000Z","end":"2022-12-09T09:48:00.000Z"},"country":"United Kingdom","OPM":11,"total_sale_volume":215.06999683380127,"rate_of_return":0.18181818181818182}
{"window":{"start":"2022-12-09T22:48:00.000Z","end":"2022-12-09T22:49:00.000Z"},"country":"USA","OPM":1,"total_sale_volume":157.44000244140625,"rate_of_return":0.0}
