{"window":{"start":"2022-12-09T10:35:00.000Z","end":"2022-12-09T10:36:00.000Z"},"country":"United Kingdom","OPM":6,"total_sale_volume":788.5999950170517,"rate_of_return":0.0}
{"window":{"start":"2022-12-09T00:39:00.000Z","end":"2022-12-09T00:40:00.000Z"},"country":"United Kingdom","OPM":8,"total_sale_volume":883.9899892807007,"rate_of_return":0.0}
{"window":{"start":"2022-12-09T06:14:00.000Z","end":"2022-12-09T06:15:00.000Z"},"country":"United Kingdom","OPM":10,"total_sale_volume":720.69000685215,"rate_of_return":0.0}
{"window":{"start":"2022-12-08T20:00:00.000Z","end":"2022-12-08T20:01:00.000Z"},"country":"Channel Islands","OPM":1,"total_sale_volume":39.84000015258789,"rate_of_return":0.0}
{"window":{"start":"2022-12-09T21:33:00.000Z","end":"2022-12-09T21:34:00.000Z"},"country":"EIRE","OPM":1,"total_sale_volume":82.51000213623047,"rate_of_return":0.0}
{"window":{"start":"2022-12-08T14:39:00.000Z","end":"2022-12-08T14:40:00.000Z"},"country":"United Kingdom","OPM":9,"total_sale_volume":175.85000467300415,"rate_of_return":0.1111111111111111}
{"window":{"start":"2022-12-09T20:02:00.000Z","end":"2022-12-09T20:03:00.000Z"},"country":"Spain","OPM":1,"total_sale_volume":240.6699981689453,"rate_of_return":0.0}
{"window":{"start":"2022-12-09T14:47:00.000Z","end":"2022-12-09T14:48:00.000Z"},"country":"United Kingdom","OPM":12,"total_sale_volume":1021.9200005531311,"rate_of_return":0.0}
{"window":{"start":"2022-12-08T21:07:00.000Z","end":"2022-12-08T21:08:00.000Z"},"country":"United Kingdom","OPM":8,"total_sale_volume":539.9800062179565,"rate_of_return":0.0}
{"window":{"start":"2022-12-09T20:59:00.000Z","end":"2022-12-09T21:00:00.000Z"},"country":"United Kingdom","OPM":12,"total_sale_volume":605.3499956130981,"rate_of_return":0.0}
{"window":{"start":"2022-12-09T16:46:00.000Z","end":"2022-12-09T16:47:00.000Z"},"country":"United Kingdom","OPM":6,"total_sale_volume":-48.149996757507324,"rate_of_return":0.16666666666666666}
{"window":{"start":"2022-12-08T11:11:00.000Z","end":"2022-12-08T11:12:00.000Z"},"country":"EIRE","OPM":1,"total_sale_volume":-18.290000915527344,"rate_of_return":1.0}
{"window":{"start":"2022-12-08T15:26:00.000Z","end":"2022-12-08T15:27:00.000Z"},"country":"United Kingdom","OPM":10,"total_sale_volume":439.05000722408295,"rate_of_return":0.1}
{"window":{"start":"2022-12-08T22:02:00.000Z","end":"2022-12-08T22:03:00.000Z"},"country":"Channel Islands","OPM":1,"total_sale_volume":30.34000015258789,"rate_of_return":0.0}
{"window":{"start":"2022-12-09T11:15:00.000Z","end":"2022-12-09T11:16:00.000Z"},"country":"France","OPM":2,"total_sale_volume":56.46999931335449,"rate_of_return":0.0}
{"window":{"start":"2022-12-08T20:14:00.000Z","end":"2022-12-08T20:15:00.000Z"},"country":"United Kingdom","OPM":9,"total_sale_volume":499.0799994468689,"rate_of_return":0.0}
{"window":{"start":"2022-12-08T10:15:00.000Z","end":"2022-12-08T10:16:00.000Z"},"country":"Germany","OPM":1,"total_sale_volume":311.44000244140625,"rate_of_return":0.0}
{"window":{"start":"2022-12-08T19:48:00.000Z","end":"2022-12-08T19:49:00.000Z"},"country":"Norway","OPM":1,"total_sale_volume":0.38999998569488525,"rate_of_return":0.0}
{"window":{"start":"2022-12-08T19:08:00.000Z","end":"2022-12-08T19:09:00.000Z"},"country":"United Kingdom","OPM":7,"total_sale_volume":341.0500035881996,"rate_of_return":0.0}
{"window":{"start":"2022-12-09T14:19:00.000Z","end":"2022-12-09T14:20:00.000Z"},"country":"EIRE","OPM":1,"total_sale_volume":17.329999923706055,"rate_of_return":0.0}
{"window":{"start":"2022-12-09T23:30:00.000Z","end":"2022-12-09T23:31:00.000Z"},"country":"Germany","OPM":1,"total_sale_volume":41.189998626708984,"rate_of_return":0.0}
