{"window":{"start":"2022-12-08T16:05:00.000Z","end":"2022-12-08T16:06:00.000Z"},"country":"EIRE","OPM":1,"total_sale_volume":6.25,"rate_of_return":0.0}
{"window":{"start":"2022-12-09T21:26:00.000Z","end":"2022-12-09T21:27:00.000Z"},"country":"Germany","OPM":1,"total_sale_volume":32.87999725341797,"rate_of_return":0.0}
{"window":{"start":"2022-12-08T23:51:00.000Z","end":"2022-12-08T23:52:00.000Z"},"country":"United Kingdom","OPM":7,"total_sale_volume":437.75999093055725,"rate_of_return":0.0}
{"window":{"start":"2022-12-09T15:41:00.000Z","end":"2022-12-09T15:42:00.000Z"},"country":"United Kingdom","OPM":4,"total_sale_volume":74.36999988555908,"rate_of_return":0.0}
{"window":{"start":"2022-12-09T09:52:00.000Z","end":"2022-12-09T09:53:00.000Z"},"country":"United Kingdom","OPM":7,"total_sale_volume":693.9099884033203,"rate_of_return":0.0}
{"window":{"start":"2022-12-09T02:26:00.000Z","end":"2022-12-09T02:27:00.000Z"},"country":"United Kingdom","OPM":12,"total_sale_volume":599.9100013375282,"rate_of_return":0.08333333333333333}
{"window":{"start":"2022-12-09T03:08:00.000Z","end":"2022-12-09T03:09:00.000Z"},"country":"United Kingdom","OPM":13,"total_sale_volume":2514.5799417495728,"rate_of_return":0.0}
{"window":{"start":"2022-12-08T19:15:00.000Z","end":"2022-12-08T19:16:00.000Z"},"country":"United Kingdom","OPM":8,"total_sale_volume":254.0399889945984,"rate_of_return":0.125}
{"window":{"start":"2022-12-08T18:44:00.000Z","end":"2022-12-08T18:45:00.000Z"},"country":"United Kingdom","OPM":6,"total_sale_volume":412.2999897003174,"rate_of_return":0.0}
{"window":{"start":"2022-12-09T19:23:00.000Z","end":"2022-12-09T19:24:00.000Z"},"country":"United Kingdom","OPM":5,"total_sale_volume":148.39000129699707,"rate_of_return":0.0}
{"window":{"start":"2022-12-09T19:57:00.000Z","end":"2022-12-09T19:58:00.000Z"},"country":"Switzerland","OPM":1,"total_sale_volume":134.72000122070312,"rate_of_return":0.0}
{"window":{"start":"2022-12-08T13:00:00.000Z","end":"2022-12-08T13:01:00.000Z"},"country":"United Kingdom","OPM":7,"total_sale_volume":615.2699983119965,"rate_of_return":0.14285714285714285}
{"window":{"start":"2022-12-08T22:58:00.000Z","end":"2022-12-08T22:59:00.000Z"},"country":"Netherlands","OPM":1,"total_sale_volume":22.43000030517578,"rate_of_return":0.0}
{"window":{"start":"2022-12-08T19:00:00.000Z","end":"2022-12-08T19:01:00.000Z"},"country":"France","OPM":1,"total_sale_volume":33.29999923706055,"rate_of_return":0.0}
{"window":{"start":"2022-12-09T12:30:00.000Z","end":"2022-12-09T12:31:00.000Z"},"country":"United Kingdom","OPM":12,"total_sale_volume":510.80000042915344,"rate_of_return":0.16666666666666666}
{"window":{"start":"2022-12-08T13:51:00.000Z","end":"2022-12-08T13:52:00.000Z"},"country":"United Kingdom","OPM":7,"total_sale_volume":224.70000171661377,"rate_of_return":0.0}
{"window":{"start":"2022-12-09T03:47:00.000Z","end":"2022-12-09T03:48:00.000Z"},"country":"EIRE","OPM":1,"total_sale_volume":4.619999885559082,"rate_of_return":0.0}
{"window":{"start":"2022-12-09T14:00:00.000Z","end":"2022-12-09T14:01:00.000Z"},"country":"United Kingdom","OPM":4,"total_sale_volume":199.90000247955322,"rate_of_return":0.0}
{"window":{"start":"2022-12-09T12:02:00.000Z","end":"2022-12-09T12:03:00.000Z"},"country":"EIRE","OPM":1,"total_sale_volume":46.18000030517578,"rate_of_return":0.0}
{"window":{"start":"2022-12-09T18:49:00.000Z","end":"2022-12-09T18:50:00.000Z"},"country":"United Kingdom","OPM":10,"total_sale_volume":414.8500061035156,"rate_of_return":0.0}
