{"window":{"start":"2022-12-08T16:41:00.000Z","end":"2022-12-08T16:42:00.000Z"},"country":"France","OPM":3,"total_sale_volume":270.8199996948242,"rate_of_return":0.0}
{"window":{"start":"2022-12-09T13:02:00.000Z","end":"2022-12-09T13:03:00.000Z"},"country":"United Kingdom","OPM":12,"total_sale_volume":1399.580003619194,"rate_of_return":0.08333333333333333}
{"window":{"start":"2022-12-09T11:56:00.000Z","end":"2022-12-09T11:57:00.000Z"},"country":"United Kingdom","OPM":7,"total_sale_volume":286.87999725341797,"rate_of_return":0.0}
{"window":{"start":"2022-12-09T23:47:00.000Z","end":"2022-12-09T23:48:00.000Z"},"country":"United Kingdom","OPM":6,"total_sale_volume":219.8299970626831,"rate_of_return":0.0}
{"window":{"start":"2022-12-09T12:36:00.000Z","end":"2022-12-09T12:37:00.000Z"},"country":"United Kingdom","OPM":13,"total_sale_volume":519.1699895858765,"rate_of_return":0.23076923076923078}
{"window":{"start":"2022-12-09T18:00:00.000Z","end":"2022-12-09T18:01:00.000Z"},"country":"Germany","OPM":1,"total_sale_volume":24.469999313354492,"rate_of_return":0.0}
{"window":{"start":"2022-12-09T22:57:00.000Z","end":"2022-12-09T22:58:00.000Z"},"country":"United Kingdom","OPM":12,"total_sale_volume":643.0499876737595,"rate_of_return":0.0}
{"window":{"start":"2022-12-09T15:17:00.000Z","end":"2022-12-09T15:18:00.000Z"},"country":"Germany","OPM":1,"total_sale_volume":10.479999542236328,"rate_of_return":0.0}
{"window":{"start":"2022-12-08T21:36:00.000Z","end":"2022-12-08T21:37:00.000Z"},"country":"United Kingdom","OPM":10,"total_sale_volume":114.05000877380371,"rate_of_return":0.1}
{"window":{"start":"2022-12-09T06:03:00.000Z","end":"2022-12-09T06:04:00.000Z"},"country":"United Kingdom","OPM":11,"total_sale_volume":613.8199838399887,"rate_of_return":0.0}
{"window":{"start":"2022-12-09T00:47:00.000Z","end":"2022-12-09T00:48:00.000Z"},"country":"United Kingdom","OPM":10,"total_sale_volume":625.0399992465973,"rate_of_return":0.0}
{"window":{"start":"2022-12-09T02:00:00.000Z","end":"2022-12-09T02:01:00.000Z"},"country":"United Kingdom","OPM":9,"total_sale_volume":157.14999759197235,"rate_of_return":0.1111111111111111}
{"window":{"start":"2022-12-09T21:13:00.000Z","end":"2022-12-09T21:14:00.000Z"},"country":"United Kingdom","OPM":10,"total_sale_volume":204.75999546051025,"rate_of_return":0.2}
{"window":{"start":"2022-12-08T20:36:00.000Z","end":"2022-12-08T20:37:00.000Z"},"country":"EIRE","OPM":1,"total_sale_volume":62.87999725341797,"rate_of_return":0.0}
{"window":{"start":"2022-12-09T14:57:00.000Z","end":"2022-12-09T14:58:00.000Z"},"country":"France","OPM":1,"total_sale_volume":52.07999801635742,"rate_of_return":0.0}
{"window":{"start":"2022-12-09T16:55:00.000Z","end":"2022-12-09T16:56:00.000Z"},"country":"United Kingdom","OPM":7,"total_sale_volume":159.66000080108643,"rate_of_return":0.0}
{"window":{"start":"2022-12-09T04:13:00.000Z","end":"2022-12-09T04:14:00.000Z"},"country":"United Kingdom","OPM":5,"total_sale_volume":519.4199829101562,"rate_of_return":0.0}
{"window":{"start":"2022-12-08T19:36:00.000Z","end":"2022-12-08T19:37:00.000Z"},"country":"Netherlands","OPM":1,"total_sale_volume":35.400001525878906,"rate_of_return":0.0}
{"window":{"start":"2022-12-09T09:51:00.000Z","end":"2022-12-09T09:52:00.000Z"},"country":"Belgium","OPM":1,"total_sale_volume":23.15999984741211,"rate_of_return":0.0}
{"window":{"start":"2022-12-09T21:24:00.000Z","end":"2022-12-09T21:25:00.000Z"},"country":"United Kingdom","OPM":9,"total_sale_volume":345.6700020432472,"rate_of_return":0.0}
