{"window":{"start":"2022-12-08T16:58:00.000Z","end":"2022-12-08T16:59:00.000Z"},"country":"United Kingdom","OPM":5,"total_sale_volume":294.9100036621094,"rate_of_return":0.0}
{"window":{"start":"2022-12-09T09:20:00.000Z","end":"2022-12-09T09:21:00.000Z"},"country":"United Kingdom","OPM":8,"total_sale_volume":586.5000138282776,"rate_of_return":0.0}
{"window":{"start":"2022-12-08T20:18:00.000Z","end":"2022-12-08T20:19:00.000Z"},"country":"Netherlands","OPM":1,"total_sale_volume":6.25,"rate_of_return":0.0}
{"window":{"start":"2022-12-08T19:41:00.000Z","end":"2022-12-08T19:42:00.000Z"},"country":"Netherlands","OPM":1,"total_sale_volume":6.779999732971191,"rate_of_return":0.0}
{"window":{"start":"2022-12-08T20:31:00.000Z","end":"2022-12-08T20:32:00.000Z"},"country":"United Kingdom","OPM":4,"total_sale_volume":88.72000074386597,"rate_of_return":0.0}
{"window":{"start":"2022-12-08T19:57:00.000Z","end":"2022-12-08T19:58:00.000Z"},"country":"United Kingdom","OPM":7,"total_sale_volume":767.160005569458,"rate_of_return":0.0}
{"window":{"start":"2022-12-08T10:25:00.000Z","end":"2022-12-08T10:26:00.000Z"},"country":"Germany","OPM":1,"total_sale_volume":11.300000190734863,"rate_of_return":0.0}
{"window":{"start":"2022-12-09T19:23:00.000Z","end":"2022-12-09T19:24:00.000Z"},"country":"Germany","OPM":1,"total_sale_volume":-67.6199951171875,"rate_of_return":1.0}
{"window":{"start":"2022-12-08T19:26:00.000Z","end":"2022-12-08T19:27:00.000Z"},"country":"United Kingdom","OPM":8,"total_sale_volume":207.21999740600586,"rate_of_return":0.25}
{"window":{"start":"2022-12-08T17:23:00.000Z","end":"2022-12-08T17:24:00.000Z"},"country":"United Kingdom","OPM":8,"total_sale_volume":1048.7599883079529,"rate_of_return":0.0}
{"window":{"start":"2022-12-09T03:29:00.000Z","end":"2022-12-09T03:30:00.000Z"},"country":"EIRE","OPM":1,"total_sale_volume":87.47999572753906,"rate_of_return":0.0}
{"window":{"start":"2022-12-09T09:58:00.000Z","end":"2022-12-09T09:59:00.000Z"},"country":"Germany","OPM":1,"total_sale_volume":85.34000396728516,"rate_of_return":0.0}
{"window":{"start":"2022-12-09T15:33:00.000Z","end":"2022-12-09T15:34:00.000Z"},"country":"EIRE","OPM":1,"total_sale_volume":9.510000228881836,"rate_of_return":0.0}
{"window":{"start":"2022-12-09T00:52:00.000Z","end":"2022-12-09T00:53:00.000Z"},"country":"United Kingdom","OPM":2,"total_sale_volume":243.6400032043457,"rate_of_return":0.0}
{"window":{"start":"2022-12-09T09:42:00.000Z","end":"2022-12-09T09:43:00.000Z"},"country":"United Kingdom","OPM":11,"total_sale_volume":884.8300184011459,"rate_of_return":0.09090909090909091}
{"window":{"start":"2022-12-08T23:18:00.000Z","end":"2022-12-08T23:19:00.000Z"},"country":"Switzerland","OPM":1,"total_sale_volume":12.100000381469727,"rate_of_return":0.0}
{"window":{"start":"2022-12-09T15:45:00.000Z","end":"2022-12-09T15:46:00.000Z"},"country":"United Kingdom","OPM":6,"total_sale_volume":175.47000217437744,"rate_of_return":0.16666666666666666}
{"window":{"start":"2022-12-08T14:53:00.000Z","end":"2022-12-08T14:54:00.000Z"},"country":"EIRE","OPM":1,"total_sale_volume":24.099998474121094,"rate_of_return":0.0}
{"window":{"start":"2022-12-09T02:49:00.000Z","end":"2022-12-09T02:50:00.000Z"},"country":"United Kingdom","OPM":14,"total_sale_volume":104.86999452114105,"rate_of_return":0.21428571428571427}
{"window":{"start":"2022-12-08T15:55:00.000Z","end":"2022-12-08T15:56:00.000Z"},"country":"United Kingdom","OPM":18,"total_sale_volume":1489.1399903297424,"rate_of_return":0.0}
{"window":{"start":"2022-12-08T19:31:00.000Z","end":"2022-12-08T19:32:00.000Z"},"country":"United Kingdom","OPM":15,"total_sale_volume":-133.2200069129467,"rate_of_return":0.26666666666666666}
{"window":{"start":"2022-12-09T17:35:00.000Z","end":"2022-12-09T17:36:00.000Z"},"country":"France","OPM":1,"total_sale_volume":379.69000244140625,"rate_of_return":0.0}
{"window":{"start":"2022-12-09T13:54:00.000Z","end":"2022-12-09T13:55:00.000Z"},"country":"United Kingdom","OPM":6,"total_sale_volume":66.12999863922596,"rate_of_return":0.16666666666666666}
