{"window":{"start":"2022-12-09T13:42:00.000Z","end":"2022-12-09T13:43:00.000Z"},"country":"United Kingdom","OPM":11,"total_sale_volume":530.6200044155121,"rate_of_return":0.09090909090909091}
{"window":{"start":"2022-12-08T23:09:00.000Z","end":"2022-12-08T23:10:00.000Z"},"country":"Italy","OPM":1,"total_sale_volume":23.94999885559082,"rate_of_return":0.0}
{"window":{"start":"2022-12-08T13:08:00.000Z","end":"2022-12-08T13:09:00.000Z"},"country":"France","OPM":1,"total_sale_volume":266.9599914550781,"rate_of_return":0.0}
{"window":{"start":"2022-12-08T21:16:00.000Z","end":"2022-12-08T21:17:00.000Z"},"country":"France","OPM":1,"total_sale_volume":55.31999969482422,"rate_of_return":0.0}
{"window":{"start":"2022-12-09T17:13:00.000Z","end":"2022-12-09T17:14:00.000Z"},"country":"EIRE","OPM":1,"total_sale_volume":63.75,"rate_of_return":0.0}
{"window":{"start":"2022-12-09T14:50:00.000Z","end":"2022-12-09T14:51:00.000Z"},"country":"United Kingdom","OPM":7,"total_sale_volume":725.5500221252441,"rate_of_return":0.0}
{"window":{"start":"2022-12-08T08:42:00.000Z","end":"2022-12-08T08:43:00.000Z"},"country":"France","OPM":1,"total_sale_volume":64.6500015258789,"rate_of_return":0.0}
{"window":{"start":"2022-12-09T22:29:00.000Z","end":"2022-12-09T22:30:00.000Z"},"country":"France","OPM":1,"total_sale_volume":104.93999481201172,"rate_of_return":0.0}
{"window":{"start":"2022-12-08T21:27:00.000Z","end":"2022-12-08T21:28:00.000Z"},"country":"United Kingdom","OPM":7,"total_sale_volume":254.51999425888062,"rate_of_return":0.0}
{"window":{"start":"2022-12-08T19:16:00.000Z","end":"2022-12-08T19:17:00.000Z"},"country":"Germany","OPM":1,"total_sale_volume":35.73999786376953,"rate_of_return":0.0}
{"window":{"start":"2022-12-09T14:49:00.000Z","end":"2022-12-09T14:50:00.000Z"},"country":"United Kingdom","OPM":10,"total_sale_volume":768.3700022697449,"rate_of_return":0.0}
{"window":{"start":"2022-12-09T16:23:00.000Z","end":"2022-12-09T16:24:00.000Z"},"country":"Switzerland","OPM":1,"total_sale_volume":43.5,"rate_of_return":0.0}
{"window":{"start":"2022-12-08T22:22:00.000Z","end":"2022-12-08T22:23:00.000Z"},"country":"United Kingdom","OPM":13,"total_sale_volume":7142.750209003687,"rate_of_return":0.15384615384615385}
{"window":{"start":"2022-12-09T15:52:00.000Z","end":"2022-12-09T15:53:00.000Z"},"country":"Germany","OPM":1,"total_sale_volume":79.41999816894531,"rate_of_return":0.0}
{"window":{"start":"2022-12-08T15:24:00.000Z","end":"2022-12-08T15:25:00.000Z"},"country":"EIRE","OPM":1,"total_sale_volume":-17.65999984741211,"rate_of_return":1.0}
{"window":{"start":"2022-12-08T15:54:00.000Z","end":"2022-12-08T15:55:00.000Z"},"country":"United Kingdom","OPM":13,"total_sale_volume":500.2400064468384,"rate_of_return":0.0}
{"window":{"start":"2022-12-09T03:43:00.000Z","end":"2022-12-09T03:44:00.000Z"},"country":"Israel","OPM":1,"total_sale_volume":68.3499984741211,"rate_of_return":0.0}
