{"window":{"start":"2022-12-08T17:51:00.000Z","end":"2022-12-08T17:52:00.000Z"},"country":"United Kingdom","OPM":12,"total_sale_volume":632.8499978780746,"rate_of_return":0.08333333333333333}
{"window":{"start":"2022-12-09T13:48:00.000Z","end":"2022-12-09T13:49:00.000Z"},"country":"United Kingdom","OPM":8,"total_sale_volume":545.9700037240982,"rate_of_return":0.0}
{"window":{"start":"2022-12-08T17:39:00.000Z","end":"2022-12-08T17:40:00.000Z"},"country":"United Kingdom","OPM":13,"total_sale_volume":544.5900090932846,"rate_of_return":0.0}
{"window":{"start":"2022-12-09T05:45:00.000Z","end":"2022-12-09T05:46:00.000Z"},"country":"United Kingdom","OPM":10,"total_sale_volume":357.12999629974365,"rate_of_return":0.0}
{"window":{"start":"2022-12-09T07:46:00.000Z","end":"2022-12-09T07:47:00.000Z"},"country":"United Kingdom","OPM":11,"total_sale_volume":717.9199941158295,"rate_of_return":0.0}
{"window":{"start":"2022-12-09T07:16:00.000Z","end":"2022-12-09T07:17:00.000Z"},"country":"France","OPM":1,"total_sale_volume":23.59000015258789,"rate_of_return":0.0}
{"window":{"start":"2022-12-08T23:50:00.000Z","end":"2022-12-08T23:51:00.000Z"},"country":"United Kingdom","OPM":16,"total_sale_volume":870.3599963188171,"rate_of_return":0.0}
{"window":{"start":"2022-12-09T21:37:00.000Z","end":"2022-12-09T21:38:00.000Z"},"country":"United Kingdom","OPM":15,"total_sale_volume":1028.6200202703476,"rate_of_return":0.0}
{"window":{"start":"2022-12-08T23:08:00.000Z","end":"2022-12-08T23:09:00.000Z"},"country":"United Kingdom","OPM":9,"total_sale_volume":260.16999864578247,"rate_of_return":0.0}
{"window":{"start":"2022-12-09T05:11:00.000Z","end":"2022-12-09T05:12:00.000Z"},"country":"United Kingdom","OPM":6,"total_sale_volume":171.53999137878418,"rate_of_return":0.16666666666666666}
{"window":{"start":"2022-12-09T00:43:00.000Z","end":"2022-12-09T00:44:00.000Z"},"country":"United Kingdom","OPM":6,"total_sale_volume":260.6700048446655,"rate_of_return":0.0}
{"window":{"start":"2022-12-09T21:33:00.000Z","end":"2022-12-09T21:34:00.000Z"},"country":"United Kingdom","OPM":8,"total_sale_volume":390.1000157594681,"rate_of_return":0.25}
{"window":{"start":"2022-12-08T14:55:00.000Z","end":"2022-12-08T14:56:00.000Z"},"country":"United Kingdom","OPM":12,"total_sale_volume":261.7600009441376,"rate_of_return":0.0}
{"window":{"start":"2022-12-09T12:29:00.000Z","end":"2022-12-09T12:30:00.000Z"},"country":"United Kingdom","OPM":7,"total_sale_volume":150.40999603271484,"rate_of_return":0.14285714285714285}
{"window":{"start":"2022-12-09T16:14:00.000Z","end":"2022-12-09T16:15:00.000Z"},"country":"Singapore","OPM":1,"total_sale_volume":-44.959999084472656,"rate_of_return":1.0}
{"window":{"start":"2022-12-09T15:48:00.000Z","end":"2022-12-09T15:49:00.000Z"},"country":"United Kingdom","OPM":9,"total_sale_volume":961.9700427055359,"rate_of_return":0.0}
{"window":{"start":"2022-12-09T22:13:00.000Z","end":"2022-12-09T22:14:00.000Z"},"country":"United Kingdom","OPM":6,"total_sale_volume":614.2599983215332,"rate_of_return":0.0}
{"window":{"start":"2022-12-08T22:06:00.000Z","end":"2022-12-08T22:07:00.000Z"},"country":"United Kingdom","OPM":13,"total_sale_volume":798.9100103378296,"rate_of_return":0.0}
{"window":{"start":"2022-12-08T12:46:00.000Z","end":"2022-12-08T12:47:00.000Z"},"country":"United Kingdom","OPM":8,"total_sale_volume":574.9900035858154,"rate_of_return":0.0}
{"window":{"start":"2022-12-08T12:55:00.000Z","end":"2022-12-08T12:56:00.000Z"},"country":"United Kingdom","OPM":7,"total_sale_volume":155.64999389648438,"rate_of_return":0.14285714285714285}
{"window":{"start":"2022-12-09T04:00:00.000Z","end":"2022-12-09T04:01:00.000Z"},"country":"United Kingdom","OPM":7,"total_sale_volume":915.4900064468384,"rate_of_return":0.0}
{"window":{"start":"2022-12-09T04:07:00.000Z","end":"2022-12-09T04:08:00.000Z"},"country":"United Kingdom","OPM":9,"total_sale_volume":235.56000143289566,"rate_of_return":0.1111111111111111}
{"window":{"start":"2022-12-09T14:30:00.000Z","end":"2022-12-09T14:31:00.000Z"},"country":"United Kingdom","OPM":3,"total_sale_volume":584.1400260925293,"rate_of_return":0.0}
