{"window":{"start":"2022-12-09T08:32:00.000Z","end":"2022-12-09T08:33:00.000Z"},"country":"United Kingdom","OPM":10,"total_sale_volume":642.269998550415,"rate_of_return":0.0}
{"window":{"start":"2022-12-09T06:03:00.000Z","end":"2022-12-09T06:04:00.000Z"},"country":"Germany","OPM":1,"total_sale_volume":32.34000015258789,"rate_of_return":0.0}
{"window":{"start":"2022-12-08T21:08:00.000Z","end":"2022-12-08T21:09:00.000Z"},"country":"EIRE","OPM":1,"total_sale_volume":33.29999923706055,"rate_of_return":0.0}
{"window":{"start":"2022-12-09T04:39:00.000Z","end":"2022-12-09T04:40:00.000Z"},"country":"United Kingdom","OPM":12,"total_sale_volume":824.2100005149841,"rate_of_return":0.0}
{"window":{"start":"2022-12-09T06:30:00.000Z","end":"2022-12-09T06:31:00.000Z"},"country":"United Kingdom","OPM":8,"total_sale_volume":269.49999356269836,"rate_of_return":0.25}
{"window":{"start":"2022-12-09T05:58:00.000Z","end":"2022-12-09T05:59:00.000Z"},"country":"EIRE","OPM":1,"total_sale_volume":20.0,"rate_of_return":0.0}
{"window":{"start":"2022-12-08T14:13:00.000Z","end":"2022-12-08T14:14:00.000Z"},"country":"France","OPM":1,"total_sale_volume":23.439998626708984,"rate_of_return":0.0}
{"window":{"start":"2022-12-09T10:46:00.000Z","end":"2022-12-09T10:47:00.000Z"},"country":"United Kingdom","OPM":10,"total_sale_volume":708.2299966812134,"rate_of_return":0.0}
{"window":{"start":"2022-12-09T20:56:00.000Z","end":"2022-12-09T20:57:00.000Z"},"country":"United Kingdom","OPM":3,"total_sale_volume":280.13999938964844,"rate_of_return":0.0}
{"window":{"start":"2022-12-08T21:55:00.000Z","end":"2022-12-08T21:56:00.000Z"},"country":"EIRE","OPM":1,"total_sale_volume":-4.949999809265137,"rate_of_return":1.0}
{"window":{"start":"2022-12-09T23:45:00.000Z","end":"2022-12-09T23:46:00.000Z"},"country":"United Kingdom","OPM":11,"total_sale_volume":368.03999972343445,"rate_of_return":0.0}
{"window":{"start":"2022-12-08T10:34:00.000Z","end":"2022-12-08T10:35:00.000Z"},"country":"United Kingdom","OPM":11,"total_sale_volume":463.61999702453613,"rate_of_return":0.0}
{"window":{"start":"2022-12-08T12:42:00.000Z","end":"2022-12-08T12:43:00.000Z"},"country":"United Kingdom","OPM":15,"total_sale_volume":1543.9799926280975,"rate_of_return":0.06666666666666667}
{"window":{"start":"2022-12-09T08:56:00.000Z","end":"2022-12-09T08:57:00.000Z"},"country":"United Kingdom","OPM":12,"total_sale_volume":172.09996569156647,"rate_of_return":0.08333333333333333}
{"window":{"start":"2022-12-08T09:31:00.000Z","end":"2022-12-08T09:32:00.000Z"},"country":"United Kingdom","OPM":8,"total_sale_volume":412.17999935150146,"rate_of_return":0.0}
{"window":{"start":"2022-12-09T02:23:00.000Z","end":"2022-12-09T02:24:00.000Z"},"country":"United Kingdom","OPM":7,"total_sale_volume":452.79001235961914,"rate_of_return":0.0}
{"window":{"start":"2022-12-09T17:50:00.000Z","end":"2022-12-09T17:51:00.000Z"},"country":"Finland","OPM":1,"total_sale_volume":23.400001525878906,"rate_of_return":0.0}
{"window":{"start":"2022-12-08T15:16:00.000Z","end":"2022-12-08T15:17:00.000Z"},"country":"Netherlands","OPM":1,"total_sale_volume":57.2400016784668,"rate_of_return":0.0}
{"window":{"start":"2022-12-08T11:08:00.000Z","end":"2022-12-08T11:09:00.000Z"},"country":"Germany","OPM":1,"total_sale_volume":7.739999771118164,"rate_of_return":0.0}
{"window":{"start":"2022-12-09T07:04:00.000Z","end":"2022-12-09T07:05:00.000Z"},"country":"Austria","OPM":1,"total_sale_volume":1646.5499267578125,"rate_of_return":0.0}
{"window":{"start":"2022-12-08T13:26:00.000Z","end":"2022-12-08T13:27:00.000Z"},"country":"United Kingdom","OPM":19,"total_sale_volume":1441.559970855713,"rate_of_return":0.0}
{"window":{"start":"2022-12-08T13:25:00.000Z","end":"2022-12-08T13:26:00.000Z"},"country":"United Kingdom","OPM":12,"total_sale_volume":303.42999839782715,"rate_of_return":0.08333333333333333}
{"window":{"start":"2022-12-09T20:26:00.000Z","end":"2022-12-09T20:27:00.000Z"},"country":"Germany","OPM":1,"total_sale_volume":65.41000366210938,"rate_of_return":0.0}
{"window":{"start":"2022-12-09T19:50:00.000Z","end":"2022-12-09T19:51:00.000Z"},"country":"Germany","OPM":1,"total_sale_volume":15.0,"rate_of_return":0.0}
{"window":{"start":"2022-12-08T17:55:00.000Z","end":"2022-12-08T17:56:00.000Z"},"country":"France","OPM":1,"total_sale_volume":132.91000366210938,"rate_of_return":0.0}
{"window":{"start":"2022-12-08T20:48:00.000Z","end":"2022-12-08T20:49:00.000Z"},"country":"United Kingdom","OPM":7,"total_sale_volume":112.8899974822998,"rate_of_return":0.0}
{"window":{"start":"2022-12-08T12:34:00.000Z","end":"2022-12-08T12:35:00.000Z"},"country":"Germany","OPM":1,"total_sale_volume":38.97999954223633,"rate_of_return":0.0}
{"window":{"start":"2022-12-09T08:01:00.000Z","end":"2022-12-09T08:02:00.000Z"},"country":"United Kingdom","OPM":8,"total_sale_volume":2860.5299773216248,"rate_of_return":0.0}
{"window":{"start":"2022-12-09T02:04:00.000Z","end":"2022-12-09T02:05:00.000Z"},"country":"United Kingdom","OPM":9,"total_sale_volume":453.9199962615967,"rate_of_return":0.0}
