{"window":{"start":"2022-12-09T18:50:00.000Z","end":"2022-12-09T18:51:00.000Z"},"country":"United Kingdom","OPM":15,"total_sale_volume":1091.3999938964844,"rate_of_return":0.0}
{"window":{"start":"2022-12-09T14:34:00.000Z","end":"2022-12-09T14:35:00.000Z"},"country":"United Kingdom","OPM":9,"total_sale_volume":633.2499898076057,"rate_of_return":0.0}
{"window":{"start":"2022-12-09T03:28:00.000Z","end":"2022-12-09T03:29:00.000Z"},"country":"Greece","OPM":1,"total_sale_volume":-153.0,"rate_of_return":1.0}
{"window":{"start":"2022-12-08T12:34:00.000Z","end":"2022-12-08T12:35:00.000Z"},"country":"United Kingdom","OPM":6,"total_sale_volume":252.8899974822998,"rate_of_return":0.0}
{"window":{"start":"2022-12-08T21:26:00.000Z","end":"2022-12-08T21:27:00.000Z"},"country":"Spain","OPM":1,"total_sale_volume":15.0,"rate_of_return":0.0}
{"window":{"start":"2022-12-09T15:03:00.000Z","end":"2022-12-09T15:04:00.000Z"},"country":"United Kingdom","OPM":3,"total_sale_volume":194.06999969482422,"rate_of_return":0.0}
{"window":{"start":"2022-12-09T14:12:00.000Z","end":"2022-12-09T14:13:00.000Z"},"country":"EIRE","OPM":1,"total_sale_volume":2.9600000381469727,"rate_of_return":0.0}
{"window":{"start":"2022-12-08T23:27:00.000Z","end":"2022-12-08T23:28:00.000Z"},"country":"United Kingdom","OPM":5,"total_sale_volume":377.0300121307373,"rate_of_return":0.0}
{"window":{"start":"2022-12-09T07:57:00.000Z","end":"2022-12-09T07:58:00.000Z"},"country":"Finland","OPM":1,"total_sale_volume":102.5,"rate_of_return":0.0}
{"window":{"start":"2022-12-08T22:25:00.000Z","end":"2022-12-08T22:26:00.000Z"},"country":"United Kingdom","OPM":13,"total_sale_volume":418.4699949026108,"rate_of_return":0.07692307692307693}
{"window":{"start":"2022-12-08T12:53:00.000Z","end":"2022-12-08T12:54:00.000Z"},"country":"United Kingdom","OPM":16,"total_sale_volume":947.8500135540962,"rate_of_return":0.0625}
{"window":{"start":"2022-12-08T14:32:00.000Z","end":"2022-12-08T14:33:00.000Z"},"country":"United Kingdom","OPM":15,"total_sale_volume":752.389997959137,"rate_of_return":0.06666666666666667}
{"window":{"start":"2022-12-09T19:26:00.000Z","end":"2022-12-09T19:27:00.000Z"},"country":"France","OPM":1,"total_sale_volume":11.399999618530273,"rate_of_return":0.0}
{"window":{"start":"2022-12-09T08:00:00.000Z","end":"2022-12-09T08:01:00.000Z"},"country":"United Kingdom","OPM":10,"total_sale_volume":1109.4200077056885,"rate_of_return":0.1}
{"window":{"start":"2022-12-09T10:33:00.000Z","end":"2022-12-09T10:34:00.000Z"},"country":"France","OPM":1,"total_sale_volume":49.5,"rate_of_return":0.0}
{"window":{"start":"2022-12-08T12:03:00.000Z","end":"2022-12-08T12:04:00.000Z"},"country":"United Kingdom","OPM":10,"total_sale_volume":556.3699921369553,"rate_of_return":0.0}
{"window":{"start":"2022-12-09T04:19:00.000Z","end":"2022-12-09T04:20:00.000Z"},"country":"Australia","OPM":1,"total_sale_volume":66.69999694824219,"rate_of_return":0.0}
{"window":{"start":"2022-12-09T07:00:00.000Z","end":"2022-12-09T07:01:00.000Z"},"country":"Switzerland","OPM":1,"total_sale_volume":21.380001068115234,"rate_of_return":0.0}
{"window":{"start":"2022-12-09T00:43:00.000Z","end":"2022-12-09T00:44:00.000Z"},"country":"EIRE","OPM":1,"total_sale_volume":16.649999618530273,"rate_of_return":0.0}
{"window":{"start":"2022-12-08T19:35:00.000Z","end":"2022-12-08T19:36:00.000Z"},"country":"United Kingdom","OPM":13,"total_sale_volume":1730.019981622696,"rate_of_return":0.0}
{"window":{"start":"2022-12-09T03:44:00.000Z","end":"2022-12-09T03:45:00.000Z"},"country":"France","OPM":1,"total_sale_volume":7.28000020980835,"rate_of_return":0.0}
{"window":{"start":"2022-12-09T06:00:00.000Z","end":"2022-12-09T06:01:00.000Z"},"country":"United Kingdom","OPM":13,"total_sale_volume":428.4399925470352,"rate_of_return":0.0}
{"window":{"start":"2022-12-09T23:37:00.000Z","end":"2022-12-09T23:38:00.000Z"},"country":"Netherlands","OPM":1,"total_sale_volume":9.65999984741211,"rate_of_return":0.0}
