{"window":{"start":"2022-12-09T03:35:00.000Z","end":"2022-12-09T03:36:00.000Z"},"country":"United Kingdom","OPM":11,"total_sale_volume":604.9999961853027,"rate_of_return":0.09090909090909091}
{"window":{"start":"2022-12-09T12:02:00.000Z","end":"2022-12-09T12:03:00.000Z"},"country":"United Kingdom","OPM":6,"total_sale_volume":78.94999933242798,"rate_of_return":0.0}
{"window":{"start":"2022-12-09T07:30:00.000Z","end":"2022-12-09T07:31:00.000Z"},"country":"United Kingdom","OPM":15,"total_sale_volume":664.3999910354614,"rate_of_return":0.0}
{"window":{"start":"2022-12-09T13:57:00.000Z","end":"2022-12-09T13:58:00.000Z"},"country":"EIRE","OPM":1,"total_sale_volume":78.5,"rate_of_return":0.0}
{"window":{"start":"2022-12-09T18:57:00.000Z","end":"2022-12-09T18:58:00.000Z"},"country":"United Kingdom","OPM":5,"total_sale_volume":583.8599901199341,"rate_of_return":0.0}
{"window":{"start":"2022-12-08T17:21:00.000Z","end":"2022-12-08T17:22:00.000Z"},"country":"United Kingdom","OPM":10,"total_sale_volume":875.2800090909004,"rate_of_return":0.3}
{"window":{"start":"2022-12-09T15:47:00.000Z","end":"2022-12-09T15:48:00.000Z"},"country":"France","OPM":1,"total_sale_volume":24.75,"rate_of_return":0.0}
{"window":{"start":"2022-12-09T15:14:00.000Z","end":"2022-12-09T15:15:00.000Z"},"country":"Germany","OPM":1,"total_sale_volume":114.44000244140625,"rate_of_return":0.0}
{"window":{"start":"2022-12-08T10:49:00.000Z","end":"2022-12-08T10:50:00.000Z"},"country":"United Kingdom","OPM":14,"total_sale_volume":745.1600017547607,"rate_of_return":0.07142857142857142}
{"window":{"start":"2022-12-08T22:53:00.000Z","end":"2022-12-08T22:54:00.000Z"},"country":"United Kingdom","OPM":11,"total_sale_volume":598.1799893379211,"rate_of_return":0.0}
{"window":{"start":"2022-12-08T15:47:00.000Z","end":"2022-12-08T15:48:00.000Z"},"country":"United Kingdom","OPM":6,"total_sale_volume":161.77999830245972,"rate_of_return":0.0}
{"window":{"start":"2022-12-08T15:05:00.000Z","end":"2022-12-08T15:06:00.000Z"},"country":"France","OPM":1,"total_sale_volume":90.81999969482422,"rate_of_return":0.0}
{"window":{"start":"2022-12-09T18:59:00.000Z","end":"2022-12-09T19:00:00.000Z"},"country":"United Kingdom","OPM":2,"total_sale_volume":200.93999481201172,"rate_of_return":0.0}
{"window":{"start":"2022-12-09T06:47:00.000Z","end":"2022-12-09T06:48:00.000Z"},"country":"United Kingdom","OPM":7,"total_sale_volume":459.66001081466675,"rate_of_return":0.0}
{"window":{"start":"2022-12-09T17:05:00.000Z","end":"2022-12-09T17:06:00.000Z"},"country":"Norway","OPM":1,"total_sale_volume":-0.8399999737739563,"rate_of_return":1.0}
{"window":{"start":"2022-12-09T18:40:00.000Z","end":"2022-12-09T18:41:00.000Z"},"country":"United Kingdom","OPM":7,"total_sale_volume":689.0599987506866,"rate_of_return":0.0}
{"window":{"start":"2022-12-09T21:07:00.000Z","end":"2022-12-09T21:08:00.000Z"},"country":"EIRE","OPM":1,"total_sale_volume":52.31999969482422,"rate_of_return":0.0}
{"window":{"start":"2022-12-08T16:19:00.000Z","end":"2022-12-08T16:20:00.000Z"},"country":"Germany","OPM":1,"total_sale_volume":8.850000381469727,"rate_of_return":0.0}
{"window":{"start":"2022-12-09T18:47:00.000Z","end":"2022-12-09T18:48:00.000Z"},"country":"United Kingdom","OPM":15,"total_sale_volume":417.3800005912781,"rate_of_return":0.06666666666666667}
