{"window":{"start":"2022-12-09T15:11:00.000Z","end":"2022-12-09T15:12:00.000Z"},"country":"United Kingdom","OPM":8,"total_sale_volume":217.74999618530273,"rate_of_return":0.0}
{"window":{"start":"2022-12-09T07:16:00.000Z","end":"2022-12-09T07:17:00.000Z"},"country":"United Kingdom","OPM":7,"total_sale_volume":401.58999329805374,"rate_of_return":0.0}
{"window":{"start":"2022-12-09T12:05:00.000Z","end":"2022-12-09T12:06:00.000Z"},"country":"United Kingdom","OPM":6,"total_sale_volume":328.27999913692474,"rate_of_return":0.0}
{"window":{"start":"2022-12-09T12:46:00.000Z","end":"2022-12-09T12:47:00.000Z"},"country":"Singapore","OPM":1,"total_sale_volume":48.89999771118164,"rate_of_return":0.0}
{"window":{"start":"2022-12-09T21:35:00.000Z","end":"2022-12-09T21:36:00.000Z"},"country":"United Kingdom","OPM":7,"total_sale_volume":696.8899927139282,"rate_of_return":0.0}
{"window":{"start":"2022-12-08T22:26:00.000Z","end":"2022-12-08T22:27:00.000Z"},"country":"United Kingdom","OPM":10,"total_sale_volume":855.460009098053,"rate_of_return":0.1}
{"window":{"start":"2022-12-09T00:10:00.000Z","end":"2022-12-09T00:11:00.000Z"},"country":"United Kingdom","OPM":7,"total_sale_volume":354.0600004196167,"rate_of_return":0.0}
{"window":{"start":"2022-12-09T10:53:00.000Z","end":"2022-12-09T10:54:00.000Z"},"country":"United Kingdom","OPM":11,"total_sale_volume":315.34999656677246,"rate_of_return":0.0}
{"window":{"start":"2022-12-09T13:52:00.000Z","end":"2022-12-09T13:53:00.000Z"},"country":"United Kingdom","OPM":15,"total_sale_volume":737.9100036621094,"rate_of_return":0.0}
{"window":{"start":"2022-12-09T14:14:00.000Z","end":"2022-12-09T14:15:00.000Z"},"country":"United Kingdom","OPM":17,"total_sale_volume":717.9100003242493,"rate_of_return":0.0}
{"window":{"start":"2022-12-08T18:52:00.000Z","end":"2022-12-08T18:53:00.000Z"},"country":"Netherlands","OPM":1,"total_sale_volume":98.30000305175781,"rate_of_return":0.0}
{"window":{"start":"2022-12-09T00:44:00.000Z","end":"2022-12-09T00:45:00.000Z"},"country":"United Kingdom","OPM":11,"total_sale_volume":664.8299856185913,"rate_of_return":0.09090909090909091}
{"window":{"start":"2022-12-08T15:17:00.000Z","end":"2022-12-08T15:18:00.000Z"},"country":"USA","OPM":1,"total_sale_volume":2.950000047683716,"rate_of_return":0.0}
{"window":{"start":"2022-12-09T05:49:00.000Z","end":"2022-12-09T05:50:00.000Z"},"country":"United Kingdom","OPM":11,"total_sale_volume":453.7999999523163,"rate_of_return":0.0}
{"window":{"start":"2022-12-09T03:39:00.000Z","end":"2022-12-09T03:40:00.000Z"},"country":"United Kingdom","OPM":11,"total_sale_volume":478.61000537872314,"rate_of_return":0.0}
{"window":{"start":"2022-12-09T17:05:00.000Z","end":"2022-12-09T17:06:00.000Z"},"country":"Australia","OPM":1,"total_sale_volume":144.97000122070312,"rate_of_return":0.0}
{"window":{"start":"2022-12-08T09:14:00.000Z","end":"2022-12-08T09:15:00.000Z"},"country":"France","OPM":1,"total_sale_volume":163.0,"rate_of_return":0.0}
{"window":{"start":"2022-12-08T09:23:00.000Z","end":"2022-12-08T09:24:00.000Z"},"country":"Spain","OPM":1,"total_sale_volume":9.949999809265137,"rate_of_return":0.0}
{"window":{"start":"2022-12-08T12:11:00.000Z","end":"2022-12-08T12:12:00.000Z"},"country":"United Kingdom","OPM":13,"total_sale_volume":1733.4899888038635,"rate_of_return":0.07692307692307693}
{"window":{"start":"2022-12-08T10:22:00.000Z","end":"2022-12-08T10:23:00.000Z"},"country":"United Kingdom","OPM":10,"total_sale_volume":279.2200082540512,"rate_of_return":0.1}
