{"window":{"start":"2022-12-09T01:26:00.000Z","end":"2022-12-09T01:27:00.000Z"},"country":"United Kingdom","OPM":4,"total_sale_volume":873.4800033569336,"rate_of_return":0.0}
{"window":{"start":"2022-12-09T05:53:00.000Z","end":"2022-12-09T05:54:00.000Z"},"country":"United Kingdom","OPM":9,"total_sale_volume":442.1699981689453,"rate_of_return":0.0}
{"window":{"start":"2022-12-09T23:33:00.000Z","end":"2022-12-09T23:34:00.000Z"},"country":"United Kingdom","OPM":17,"total_sale_volume":1364.4399881362915,"rate_of_return":0.0}
{"window":{"start":"2022-12-08T10:07:00.000Z","end":"2022-12-08T10:08:00.000Z"},"country":"Germany","OPM":1,"total_sale_volume":731.2200317382812,"rate_of_return":0.0}
{"window":{"start":"2022-12-09T22:40:00.000Z","end":"2022-12-09T22:41:00.000Z"},"country":"United Kingdom","OPM":10,"total_sale_volume":1515.6999759674072,"rate_of_return":0.0}
{"window":{"start":"2022-12-09T03:08:00.000Z","end":"2022-12-09T03:09:00.000Z"},"country":"Netherlands","OPM":1,"total_sale_volume":16.959999084472656,"rate_of_return":0.0}
{"window":{"start":"2022-12-08T23:36:00.000Z","end":"2022-12-08T23:37:00.000Z"},"country":"Spain","OPM":1,"total_sale_volume":27.65999984741211,"rate_of_return":0.0}
{"window":{"start":"2022-12-09T07:47:00.000Z","end":"2022-12-09T07:48:00.000Z"},"country":"Italy","OPM":1,"total_sale_volume":18.100000381469727,"rate_of_return":0.0}
{"window":{"start":"2022-12-09T20:13:00.000Z","end":"2022-12-09T20:14:00.000Z"},"country":"Germany","OPM":2,"total_sale_volume":84.62000465393066,"rate_of_return":0.0}
{"window":{"start":"2022-12-08T15:16:00.000Z","end":"2022-12-08T15:17:00.000Z"},"country":"United Kingdom","OPM":13,"total_sale_volume":330.1299993991852,"rate_of_return":0.0}
{"window":{"start":"2022-12-08T20:38:00.000Z","end":"2022-12-08T20:39:00.000Z"},"country":"Finland","OPM":1,"total_sale_volume":17.0,"rate_of_return":0.0}
{"window":{"start":"2022-12-09T20:07:00.000Z","end":"2022-12-09T20:08:00.000Z"},"country":"United Kingdom","OPM":6,"total_sale_volume":315.2999927997589,"rate_of_return":0.0}
{"window":{"start":"2022-12-08T13:24:00.000Z","end":"2022-12-08T13:25:00.000Z"},"country":"United Kingdom","OPM":10,"total_sale_volume":6464.889835357666,"rate_of_return":0.1}
{"window":{"start":"2022-12-09T20:07:00.000Z","end":"2022-12-09T20:08:00.000Z"},"country":"France","OPM":1,"total_sale_volume":214.85000610351562,"rate_of_return":0.0}
{"window":{"start":"2022-12-09T01:41:00.000Z","end":"2022-12-09T01:42:00.000Z"},"country":"Germany","OPM":1,"total_sale_volume":614.260009765625,"rate_of_return":0.0}
{"window":{"start":"2022-12-09T18:01:00.000Z","end":"2022-12-09T18:02:00.000Z"},"country":"United Kingdom","OPM":10,"total_sale_volume":803.5800085067749,"rate_of_return":0.0}
{"window":{"start":"2022-12-08T09:55:00.000Z","end":"2022-12-08T09:56:00.000Z"},"country":"United Kingdom","OPM":12,"total_sale_volume":2665.820034623146,"rate_of_return":0.0}
