{"window":{"start":"2022-12-09T23:06:00.000Z","end":"2022-12-09T23:07:00.000Z"},"country":"United Kingdom","OPM":13,"total_sale_volume":1098.4999504089355,"rate_of_return":0.0}
{"window":{"start":"2022-12-08T08:57:00.000Z","end":"2022-12-08T08:58:00.000Z"},"country":"United Kingdom","OPM":7,"total_sale_volume":352.9199905395508,"rate_of_return":0.14285714285714285}
{"window":{"start":"2022-12-08T22:37:00.000Z","end":"2022-12-08T22:38:00.000Z"},"country":"EIRE","OPM":2,"total_sale_volume":55.92999839782715,"rate_of_return":0.0}
{"window":{"start":"2022-12-09T00:37:00.000Z","end":"2022-12-09T00:38:00.000Z"},"country":"United Kingdom","OPM":13,"total_sale_volume":1156.02996301651,"rate_of_return":0.07692307692307693}
{"window":{"start":"2022-12-09T21:55:00.000Z","end":"2022-12-09T21:56:00.000Z"},"country":"United Kingdom","OPM":11,"total_sale_volume":760.3900161981583,"rate_of_return":0.09090909090909091}
{"window":{"start":"2022-12-08T16:34:00.000Z","end":"2022-12-08T16:35:00.000Z"},"country":"United Kingdom","OPM":9,"total_sale_volume":318.7599992752075,"rate_of_return":0.2222222222222222}
{"window":{"start":"2022-12-09T04:51:00.000Z","end":"2022-12-09T04:52:00.000Z"},"country":"EIRE","OPM":1,"total_sale_volume":115.56999969482422,"rate_of_return":0.0}
{"window":{"start":"2022-12-09T14:42:00.000Z","end":"2022-12-09T14:43:00.000Z"},"country":"France","OPM":1,"total_sale_volume":8.029999732971191,"rate_of_return":0.0}
{"window":{"start":"2022-12-08T13:10:00.000Z","end":"2022-12-08T13:11:00.000Z"},"country":"Germany","OPM":1,"total_sale_volume":-183.27999877929688,"rate_of_return":1.0}
{"window":{"start":"2022-12-08T21:16:00.000Z","end":"2022-12-08T21:17:00.000Z"},"country":"United Kingdom","OPM":9,"total_sale_volume":488.789999961853,"rate_of_return":0.0}
{"window":{"start":"2022-12-09T10:49:00.000Z","end":"2022-12-09T10:50:00.000Z"},"country":"United Kingdom","OPM":7,"total_sale_volume":252.6400032043457,"rate_of_return":0.0}
{"window":{"start":"2022-12-09T08:52:00.000Z","end":"2022-12-09T08:53:00.000Z"},"country":"United Kingdom","OPM":9,"total_sale_volume":444.50999796390533,"rate_of_return":0.0}
{"window":{"start":"2022-12-08T15:28:00.000Z","end":"2022-12-08T15:29:00.000Z"},"country":"United Kingdom","OPM":7,"total_sale_volume":181.00000768899918,"rate_of_return":0.14285714285714285}
{"window":{"start":"2022-12-09T14:52:00.000Z","end":"2022-12-09T14:53:00.000Z"},"country":"United Kingdom","OPM":11,"total_sale_volume":714.6099901199341,"rate_of_return":0.0}
{"window":{"start":"2022-12-09T13:14:00.000Z","end":"2022-12-09T13:15:00.000Z"},"country":"United Kingdom","OPM":14,"total_sale_volume":1926.3099899291992,"rate_of_return":0.0}
{"window":{"start":"2022-12-09T23:01:00.000Z","end":"2022-12-09T23:02:00.000Z"},"country":"United Kingdom","OPM":14,"total_sale_volume":532.239999294281,"rate_of_return":0.0}
{"window":{"start":"2022-12-09T08:22:00.000Z","end":"2022-12-09T08:23:00.000Z"},"country":"United Kingdom","OPM":11,"total_sale_volume":1103.7499809265137,"rate_of_return":0.0}
{"window":{"start":"2022-12-08T08:11:00.000Z","end":"2022-12-08T08:12:00.000Z"},"country":"Belgium","OPM":1,"total_sale_volume":25.399999618530273,"rate_of_return":0.0}
{"window":{"start":"2022-12-08T17:57:00.000Z","end":"2022-12-08T17:58:00.000Z"},"country":"United Kingdom","OPM":9,"total_sale_volume":550.2700080871582,"rate_of_return":0.0}
{"window":{"start":"2022-12-09T10:13:00.000Z","end":"2022-12-09T10:14:00.000Z"},"country":"United Kingdom","OPM":4,"total_sale_volume":138.17000007629395,"rate_of_return":0.25}
{"window":{"start":"2022-12-08T16:14:00.000Z","end":"2022-12-08T16:15:00.000Z"},"country":"United Kingdom","OPM":5,"total_sale_volume":463.5700035095215,"rate_of_return":0.0}
{"window":{"start":"2022-12-09T20:22:00.000Z","end":"2022-12-09T20:23:00.000Z"},"country":"Portugal","OPM":1,"total_sale_volume":-94.88999938964844,"rate_of_return":1.0}
