{"window":{"start":"2022-12-08T13:09:00.000Z","end":"2022-12-08T13:10:00.000Z"},"country":"United Kingdom","OPM":6,"total_sale_volume":359.9700012207031,"rate_of_return":0.16666666666666666}
{"window":{"start":"2022-12-09T18:08:00.000Z","end":"2022-12-09T18:09:00.000Z"},"country":"France","OPM":1,"total_sale_volume":55.439998626708984,"rate_of_return":0.0}
{"window":{"start":"2022-12-09T01:38:00.000Z","end":"2022-12-09T01:39:00.000Z"},"country":"United Kingdom","OPM":9,"total_sale_volume":544.0200016498566,"rate_of_return":0.0}
{"window":{"start":"2022-12-09T20:00:00.000Z","end":"2022-12-09T20:01:00.000Z"},"country":"EIRE","OPM":1,"total_sale_volume":89.79000091552734,"rate_of_return":0.0}
{"window":{"start":"2022-12-08T20:25:00.000Z","end":"2022-12-08T20:26:00.000Z"},"country":"United Kingdom","OPM":13,"total_sale_volume":394.1400089263916,"rate_of_return":0.07692307692307693}
{"window":{"start":"2022-12-09T11:25:00.000Z","end":"2022-12-09T11:26:00.000Z"},"country":"United Kingdom","OPM":4,"total_sale_volume":228.66999101638794,"rate_of_return":0.0}
{"window":{"start":"2022-12-09T09:05:00.000Z","end":"2022-12-09T09:06:00.000Z"},"country":"United Kingdom","OPM":8,"total_sale_volume":658.2200260162354,"rate_of_return":0.0}
{"window":{"start":"2022-12-09T14:07:00.000Z","end":"2022-12-09T14:08:00.000Z"},"country":"EIRE","OPM":1,"total_sale_volume":198.95999145507812,"rate_of_return":0.0}
{"window":{"start":"2022-12-09T13:51:00.000Z","end":"2022-12-09T13:52:00.000Z"},"country":"United Kingdom","OPM":5,"total_sale_volume":229.9500060081482,"rate_of_return":0.0}
{"window":{"start":"2022-12-09T19:28:00.000Z","end":"2022-12-09T19:29:00.000Z"},"country":"United Kingdom","OPM":8,"total_sale_volume":838.3299903869629,"rate_of_return":0.125}
{"window":{"start":"2022-12-09T15:50:00.000Z","end":"2022-12-09T15:51:00.000Z"},"country":"Finland","OPM":1,"total_sale_volume":21.049999237060547,"rate_of_return":0.0}
{"window":{"start":"2022-12-09T10:29:00.000Z","end":"2022-12-09T10:30:00.000Z"},"country":"United Kingdom","OPM":13,"total_sale_volume":383.82999563217163,"rate_of_return":0.0}
{"window":{"start":"2022-12-08T09:21:00.000Z","end":"2022-12-08T09:22:00.000Z"},"country":"Germany","OPM":1,"total_sale_volume":140.41000366210938,"rate_of_return":0.0}
{"window":{"start":"2022-12-08T15:23:00.000Z","end":"2022-12-08T15:24:00.000Z"},"country":"Singapore","OPM":1,"total_sale_volume":7.350000381469727,"rate_of_return":0.0}
{"window":{"start":"2022-12-09T00:57:00.000Z","end":"2022-12-09T00:58:00.000Z"},"country":"United Kingdom","OPM":9,"total_sale_volume":222.6099979877472,"rate_of_return":0.0}
{"window":{"start":"2022-12-08T12:40:00.000Z","end":"2022-12-08T12:41:00.000Z"},"country":"Netherlands","OPM":1,"total_sale_volume":42.47999954223633,"rate_of_return":0.0}
{"window":{"start":"2022-12-09T21:38:00.000Z","end":"2022-12-09T21:39:00.000Z"},"country":"Greece","OPM":1,"total_sale_volume":88.18000030517578,"rate_of_return":0.0}
{"window":{"start":"2022-12-09T09:56:00.000Z","end":"2022-12-09T09:57:00.000Z"},"country":"Spain","OPM":1,"total_sale_volume":62.2599983215332,"rate_of_return":0.0}
{"window":{"start":"2022-12-09T07:54:00.000Z","end":"2022-12-09T07:55:00.000Z"},"country":"Norway","OPM":1,"total_sale_volume":87.58000183105469,"rate_of_return":0.0}
{"window":{"start":"2022-12-08T13:45:00.000Z","end":"2022-12-08T13:46:00.000Z"},"country":"Netherlands","OPM":1,"total_sale_volume":-1.649999976158142,"rate_of_return":1.0}
{"window":{"start":"2022-12-08T20:59:00.000Z","end":"2022-12-08T21:00:00.000Z"},"country":"United Kingdom","OPM":13,"total_sale_volume":1139.699993133545,"rate_of_return":0.0}
{"window":{"start":"2022-12-09T22:59:00.000Z","end":"2022-12-09T23:00:00.000Z"},"country":"United Kingdom","OPM":3,"total_sale_volume":63.129997968673706,"rate_of_return":0.0}
