{"window":{"start":"2022-12-08T18:01:00.000Z","end":"2022-12-08T18:02:00.000Z"},"country":"United Kingdom","OPM":10,"total_sale_volume":484.2599983215332,"rate_of_return":0.0}
{"window":{"start":"2022-12-08T23:22:00.000Z","end":"2022-12-08T23:23:00.000Z"},"country":"United Kingdom","OPM":8,"total_sale_volume":730.6800122261047,"rate_of_return":0.0}
{"window":{"start":"2022-12-08T20:21:00.000Z","end":"2022-12-08T20:22:00.000Z"},"country":"EIRE","OPM":1,"total_sale_volume":122.80999755859375,"rate_of_return":0.0}
{"window":{"start":"2022-12-09T18:27:00.000Z","end":"2022-12-09T18:28:00.000Z"},"country":"United Kingdom","OPM":9,"total_sale_volume":282.33999514579773,"rate_of_return":0.1111111111111111}
{"window":{"start":"2022-12-09T07:10:00.000Z","end":"2022-12-09T07:11:00.000Z"},"country":"United Kingdom","OPM":6,"total_sale_volume":57.7499942779541,"rate_of_return":0.16666666666666666}
{"window":{"start":"2022-12-08T15:07:00.000Z","end":"2022-12-08T15:08:00.000Z"},"country":"United Kingdom","OPM":8,"total_sale_volume":1207.7299733161926,"rate_of_return":0.0}
{"window":{"start":"2022-12-09T15:29:00.000Z","end":"2022-12-09T15:30:00.000Z"},"country":"France","OPM":1,"total_sale_volume":17.790000915527344,"rate_of_return":0.0}
{"window":{"start":"2022-12-08T08:30:00.000Z","end":"2022-12-08T08:31:00.000Z"},"country":"United Kingdom","OPM":7,"total_sale_volume":236.37999486923218,"rate_of_return":0.14285714285714285}
{"window":{"start":"2022-12-09T10:33:00.000Z","end":"2022-12-09T10:34:00.000Z"},"country":"Netherlands","OPM":1,"total_sale_volume":79.5999984741211,"rate_of_return":0.0}
{"window":{"start":"2022-12-09T08:50:00.000Z","end":"2022-12-09T08:51:00.000Z"},"country":"United Kingdom","OPM":5,"total_sale_volume":129.26000100374222,"rate_of_return":0.2}
{"window":{"start":"2022-12-09T23:29:00.000Z","end":"2022-12-09T23:30:00.000Z"},"country":"United Kingdom","OPM":9,"total_sale_volume":551.5400052070618,"rate_of_return":0.0}
{"window":{"start":"2022-12-08T12:51:00.000Z","end":"2022-12-08T12:52:00.000Z"},"country":"Germany","OPM":1,"total_sale_volume":3.299999952316284,"rate_of_return":0.0}
{"window":{"start":"2022-12-09T11:27:00.000Z","end":"2022-12-09T11:28:00.000Z"},"country":"United Kingdom","OPM":13,"total_sale_volume":362.9500060081482,"rate_of_return":0.07692307692307693}
{"window":{"start":"2022-12-09T19:37:00.000Z","end":"2022-12-09T19:38:00.000Z"},"country":"United Kingdom","OPM":8,"total_sale_volume":512.3000011444092,"rate_of_return":0.0}
{"window":{"start":"2022-12-08T16:59:00.000Z","end":"2022-12-08T17:00:00.000Z"},"country":"United Kingdom","OPM":11,"total_sale_volume":1037.3199911117554,"rate_of_return":0.0}
{"window":{"start":"2022-12-09T12:08:00.000Z","end":"2022-12-09T12:09:00.000Z"},"country":"France","OPM":1,"total_sale_volume":118.05000305175781,"rate_of_return":0.0}
{"window":{"start":"2022-12-08T13:07:00.000Z","end":"2022-12-08T13:08:00.000Z"},"country":"United Kingdom","OPM":14,"total_sale_volume":451.74000734090805,"rate_of_return":0.07142857142857142}
{"window":{"start":"2022-12-08T11:24:00.000Z","end":"2022-12-08T11:25:00.000Z"},"country":"United Kingdom","OPM":5,"total_sale_volume":572.5600032806396,"rate_of_return":0.0}
{"window":{"start":"2022-12-08T16:51:00.000Z","end":"2022-12-08T16:52:00.000Z"},"country":"United Kingdom","OPM":11,"total_sale_volume":867.9899940490723,"rate_of_return":0.09090909090909091}
{"window":{"start":"2022-12-09T17:33:00.000Z","end":"2022-12-09T17:34:00.000Z"},"country":"France","OPM":1,"total_sale_volume":1.25,"rate_of_return":0.0}
{"window":{"start":"2022-12-09T22:39:00.000Z","end":"2022-12-09T22:40:00.000Z"},"country":"United Kingdom","OPM":6,"total_sale_volume":510.94999504089355,"rate_of_return":0.0}
