{"window":{"start":"2022-12-08T10:42:00.000Z","end":"2022-12-08T10:43:00.000Z"},"country":"EIRE","OPM":1,"total_sale_volume":7.880000114440918,"rate_of_return":0.0}
{"window":{"start":"2022-12-08T17:15:00.000Z","end":"2022-12-08T17:16:00.000Z"},"country":"United Kingdom","OPM":10,"total_sale_volume":647.9799907207489,"rate_of_return":0.0}
{"window":{"start":"2022-12-09T10:14:00.000Z","end":"2022-12-09T10:15:00.000Z"},"country":"France","OPM":1,"total_sale_volume":1.1399999856948853,"rate_of_return":0.0}
{"window":{"start":"2022-12-08T13:03:00.000Z","end":"2022-12-08T13:04:00.000Z"},"country":"Spain","OPM":1,"total_sale_volume":35.40999984741211,"rate_of_return":0.0}
{"window":{"start":"2022-12-09T14:04:00.000Z","end":"2022-12-09T14:05:00.000Z"},"country":"Finland","OPM":1,"total_sale_volume":10.0,"rate_of_return":0.0}
{"window":{"start":"2022-12-08T09:19:00.000Z","end":"2022-12-08T09:20:00.000Z"},"country":"United Kingdom","OPM":9,"total_sale_volume":592.0400104522705,"rate_of_return":0.1111111111111111}
{"window":{"start":"2022-12-08T09:41:00.000Z","end":"2022-12-08T09:42:00.000Z"},"country":"Germany","OPM":1,"total_sale_volume":114.56999969482422,"rate_of_return":0.0}
{"window":{"start":"2022-12-08T16:43:00.000Z","end":"2022-12-08T16:44:00.000Z"},"country":"United Kingdom","OPM":9,"total_sale_volume":481.31999683380127,"rate_of_return":0.1111111111111111}
{"window":{"start":"2022-12-08T11:35:00.000Z","end":"2022-12-08T11:36:00.000Z"},"country":"United Kingdom","OPM":15,"total_sale_volume":307.43999922275543,"rate_of_return":0.2}
{"window":{"start":"2022-12-09T13:06:00.000Z","end":"2022-12-09T13:07:00.000Z"},"country":"United Kingdom","OPM":7,"total_sale_volume":293.09999656677246,"rate_of_return":0.0}
{"window":{"start":"2022-12-08T11:57:00.000Z","end":"2022-12-08T11:58:00.000Z"},"country":"Netherlands","OPM":1,"total_sale_volume":71.0999984741211,"rate_of_return":0.0}
{"window":{"start":"2022-12-09T22:48:00.000Z","end":"2022-12-09T22:49:00.000Z"},"country":"Switzerland","OPM":1,"total_sale_volume":49.44999694824219,"rate_of_return":0.0}
{"window":{"start":"2022-12-09T01:34:00.000Z","end":"2022-12-09T01:35:00.000Z"},"country":"Channel Islands","OPM":1,"total_sale_volume":18.920000076293945,"rate_of_return":0.0}
{"window":{"start":"2022-12-09T14:53:00.000Z","end":"2022-12-09T14:54:00.000Z"},"country":"EIRE","OPM":1,"total_sale_volume":0.8500000238418579,"rate_of_return":0.0}
{"window":{"start":"2022-12-09T15:33:00.000Z","end":"2022-12-09T15:34:00.000Z"},"country":"United Kingdom","OPM":16,"total_sale_volume":635.0499844551086,"rate_of_return":0.0625}
{"window":{"start":"2022-12-08T17:10:00.000Z","end":"2022-12-08T17:11:00.000Z"},"country":"United Kingdom","OPM":10,"total_sale_volume":743.8099930286407,"rate_of_return":0.1}
{"window":{"start":"2022-12-09T06:19:00.000Z","end":"2022-12-09T06:20:00.000Z"},"country":"Germany","OPM":1,"total_sale_volume":277.4800109863281,"rate_of_return":0.0}
{"window":{"start":"2022-12-09T22:05:00.000Z","end":"2022-12-09T22:06:00.000Z"},"country":"United Kingdom","OPM":3,"total_sale_volume":179.96000289916992,"rate_of_return":0.0}
{"window":{"start":"2022-12-09T13:20:00.000Z","end":"2022-12-09T13:21:00.000Z"},"country":"Japan","OPM":1,"total_sale_volume":102.29000091552734,"rate_of_return":0.0}
{"window":{"start":"2022-12-09T09:49:00.000Z","end":"2022-12-09T09:50:00.000Z"},"country":"Spain","OPM":1,"total_sale_volume":396.4800109863281,"rate_of_return":0.0}
{"window":{"start":"2022-12-09T11:42:00.000Z","end":"2022-12-09T11:43:00.000Z"},"country":"Germany","OPM":1,"total_sale_volume":-272.5,"rate_of_return":1.0}
{"window":{"start":"2022-12-08T22:44:00.000Z","end":"2022-12-08T22:45:00.000Z"},"country":"United Kingdom","OPM":5,"total_sale_volume":240.00000095367432,"rate_of_return":0.0}
{"window":{"start":"2022-12-08T12:51:00.000Z","end":"2022-12-08T12:52:00.000Z"},"country":"France","OPM":1,"total_sale_volume":269.510009765625,"rate_of_return":0.0}
