{"window":{"start":"2022-12-09T01:31:00.000Z","end":"2022-12-09T01:32:00.000Z"},"country":"United Kingdom","OPM":14,"total_sale_volume":1178.3499774932861,"rate_of_return":0.07142857142857142}
{"window":{"start":"2022-12-09T17:48:00.000Z","end":"2022-12-09T17:49:00.000Z"},"country":"United Kingdom","OPM":7,"total_sale_volume":405.0499976873398,"rate_of_return":0.0}
{"window":{"start":"2022-12-09T04:51:00.000Z","end":"2022-12-09T04:52:00.000Z"},"country":"United Kingdom","OPM":13,"total_sale_volume":1072.4800148010254,"rate_of_return":0.0}
{"window":{"start":"2022-12-09T03:24:00.000Z","end":"2022-12-09T03:25:00.000Z"},"country":"Germany","OPM":1,"total_sale_volume":3.359999895095825,"rate_of_return":0.0}
{"window":{"start":"2022-12-09T23:07:00.000Z","end":"2022-12-09T23:08:00.000Z"},"country":"United Kingdom","OPM":12,"total_sale_volume":1220.480023264885,"rate_of_return":0.08333333333333333}
{"window":{"start":"2022-12-09T12:22:00.000Z","end":"2022-12-09T12:23:00.000Z"},"country":"EIRE","OPM":1,"total_sale_volume":13.680000305175781,"rate_of_return":0.0}
{"window":{"start":"2022-12-09T06:57:00.000Z","end":"2022-12-09T06:58:00.000Z"},"country":"United Kingdom","OPM":10,"total_sale_volume":1506.2899408340454,"rate_of_return":0.0}
{"window":{"start":"2022-12-08T15:12:00.000Z","end":"2022-12-08T15:13:00.000Z"},"country":"United Kingdom","OPM":9,"total_sale_volume":240.29000067710876,"rate_of_return":0.0}
{"window":{"start":"2022-12-09T17:09:00.000Z","end":"2022-12-09T17:10:00.000Z"},"country":"United Kingdom","OPM":10,"total_sale_volume":251.68999481201172,"rate_of_return":0.0}
{"window":{"start":"2022-12-09T01:40:00.000Z","end":"2022-12-09T01:41:00.000Z"},"country":"Germany","OPM":2,"total_sale_volume":-29.85999870300293,"rate_of_return":0.5}
{"window":{"start":"2022-12-09T02:47:00.000Z","end":"2022-12-09T02:48:00.000Z"},"country":"United Kingdom","OPM":9,"total_sale_volume":350.1799957752228,"rate_of_return":0.0}
{"window":{"start":"2022-12-09T19:16:00.000Z","end":"2022-12-09T19:17:00.000Z"},"country":"United Kingdom","OPM":7,"total_sale_volume":364.8400025367737,"rate_of_return":0.0}
{"window":{"start":"2022-12-08T08:33:00.000Z","end":"2022-12-08T08:34:00.000Z"},"country":"Australia","OPM":1,"total_sale_volume":14.84999942779541,"rate_of_return":0.0}
{"window":{"start":"2022-12-09T00:26:00.000Z","end":"2022-12-09T00:27:00.000Z"},"country":"United Kingdom","OPM":6,"total_sale_volume":311.79000091552734,"rate_of_return":0.16666666666666666}
{"window":{"start":"2022-12-09T10:18:00.000Z","end":"2022-12-09T10:19:00.000Z"},"country":"United Kingdom","OPM":6,"total_sale_volume":295.14000415802,"rate_of_return":0.0}
{"window":{"start":"2022-12-08T13:02:00.000Z","end":"2022-12-08T13:03:00.000Z"},"country":"United Kingdom","OPM":6,"total_sale_volume":354.7699966430664,"rate_of_return":0.0}
{"window":{"start":"2022-12-08T10:31:00.000Z","end":"2022-12-08T10:32:00.000Z"},"country":"United Kingdom","OPM":5,"total_sale_volume":130.36999893188477,"rate_of_return":0.2}
{"window":{"start":"2022-12-09T09:19:00.000Z","end":"2022-12-09T09:20:00.000Z"},"country":"United Kingdom","OPM":7,"total_sale_volume":484.8899917602539,"rate_of_return":0.14285714285714285}
{"window":{"start":"2022-12-08T16:47:00.000Z","end":"2022-12-08T16:48:00.000Z"},"country":"Netherlands","OPM":1,"total_sale_volume":74.8499984741211,"rate_of_return":0.0}
{"window":{"start":"2022-12-08T23:24:00.000Z","end":"2022-12-08T23:25:00.000Z"},"country":"United Kingdom","OPM":10,"total_sale_volume":528.4899911880493,"rate_of_return":0.0}
{"window":{"start":"2022-12-08T20:41:00.000Z","end":"2022-12-08T20:42:00.000Z"},"country":"Germany","OPM":2,"total_sale_volume":5.039999783039093,"rate_of_return":0.0}
