{"window":{"start":"2022-12-09T18:51:00.000Z","end":"2022-12-09T18:52:00.000Z"},"country":"Belgium","OPM":1,"total_sale_volume":7.860000133514404,"rate_of_return":0.0}
{"window":{"start":"2022-12-08T10:26:00.000Z","end":"2022-12-08T10:27:00.000Z"},"country":"United Kingdom","OPM":11,"total_sale_volume":552.0700016021729,"rate_of_return":0.0}
{"window":{"start":"2022-12-09T04:41:00.000Z","end":"2022-12-09T04:42:00.000Z"},"country":"Germany","OPM":1,"total_sale_volume":27.100000381469727,"rate_of_return":0.0}
{"window":{"start":"2022-12-09T01:22:00.000Z","end":"2022-12-09T01:23:00.000Z"},"country":"United Kingdom","OPM":15,"total_sale_volume":1032.5600066184998,"rate_of_return":0.06666666666666667}
{"window":{"start":"2022-12-09T03:55:00.000Z","end":"2022-12-09T03:56:00.000Z"},"country":"United Kingdom","OPM":10,"total_sale_volume":473.2499912381172,"rate_of_return":0.0}
{"window":{"start":"2022-12-09T01:16:00.000Z","end":"2022-12-09T01:17:00.000Z"},"country":"France","OPM":1,"total_sale_volume":15.75,"rate_of_return":0.0}
{"window":{"start":"2022-12-08T10:28:00.000Z","end":"2022-12-08T10:29:00.000Z"},"country":"Switzerland","OPM":1,"total_sale_volume":63.849998474121094,"rate_of_return":0.0}
{"window":{"start":"2022-12-09T23:35:00.000Z","end":"2022-12-09T23:36:00.000Z"},"country":"United Kingdom","OPM":12,"total_sale_volume":349.42999386787415,"rate_of_return":0.08333333333333333}
{"window":{"start":"2022-12-09T22:16:00.000Z","end":"2022-12-09T22:17:00.000Z"},"country":"EIRE","OPM":1,"total_sale_volume":396.0,"rate_of_return":0.0}
{"window":{"start":"2022-12-08T20:04:00.000Z","end":"2022-12-08T20:05:00.000Z"},"country":"United Kingdom","OPM":16,"total_sale_volume":710.1599915027618,"rate_of_return":0.0625}
{"window":{"start":"2022-12-08T17:34:00.000Z","end":"2022-12-08T17:35:00.000Z"},"country":"United Kingdom","OPM":7,"total_sale_volume":48.38999938964844,"rate_of_return":0.14285714285714285}
{"window":{"start":"2022-12-08T14:40:00.000Z","end":"2022-12-08T14:41:00.000Z"},"country":"United Kingdom","OPM":11,"total_sale_volume":728.6700019836426,"rate_of_return":0.09090909090909091}
{"window":{"start":"2022-12-09T17:30:00.000Z","end":"2022-12-09T17:31:00.000Z"},"country":"United Kingdom","OPM":16,"total_sale_volume":1153.280003786087,"rate_of_return":0.0625}
{"window":{"start":"2022-12-09T07:45:00.000Z","end":"2022-12-09T07:46:00.000Z"},"country":"United Kingdom","OPM":5,"total_sale_volume":95.44999504089355,"rate_of_return":0.2}
{"window":{"start":"2022-12-09T16:57:00.000Z","end":"2022-12-09T16:58:00.000Z"},"country":"United Kingdom","OPM":14,"total_sale_volume":282.5600074529648,"rate_of_return":0.14285714285714285}
{"window":{"start":"2022-12-09T03:29:00.000Z","end":"2022-12-09T03:30:00.000Z"},"country":"United Kingdom","OPM":12,"total_sale_volume":901.4899900555611,"rate_of_return":0.0}
{"window":{"start":"2022-12-09T21:06:00.000Z","end":"2022-12-09T21:07:00.000Z"},"country":"Germany","OPM":1,"total_sale_volume":96.41999816894531,"rate_of_return":0.0}
{"window":{"start":"2022-12-09T06:34:00.000Z","end":"2022-12-09T06:35:00.000Z"},"country":"United Kingdom","OPM":11,"total_sale_volume":619.2300047874451,"rate_of_return":0.0}
