{"window":{"start":"2022-12-09T14:59:00.000Z","end":"2022-12-09T15:00:00.000Z"},"country":"Portugal","OPM":1,"total_sale_volume":-41.5099983215332,"rate_of_return":1.0}
{"window":{"start":"2022-12-09T17:11:00.000Z","end":"2022-12-09T17:12:00.000Z"},"country":"United Kingdom","OPM":15,"total_sale_volume":943.8000044822693,"rate_of_return":0.06666666666666667}
{"window":{"start":"2022-12-08T14:46:00.000Z","end":"2022-12-08T14:47:00.000Z"},"country":"United Kingdom","OPM":6,"total_sale_volume":324.4000017642975,"rate_of_return":0.0}
{"window":{"start":"2022-12-09T10:01:00.000Z","end":"2022-12-09T10:02:00.000Z"},"country":"France","OPM":1,"total_sale_volume":6.610000133514404,"rate_of_return":0.0}
{"window":{"start":"2022-12-09T15:25:00.000Z","end":"2022-12-09T15:26:00.000Z"},"country":"France","OPM":1,"total_sale_volume":16.950000762939453,"rate_of_return":0.0}
{"window":{"start":"2022-12-09T17:13:00.000Z","end":"2022-12-09T17:14:00.000Z"},"country":"Germany","OPM":1,"total_sale_volume":30.809999465942383,"rate_of_return":0.0}
{"window":{"start":"2022-12-09T20:27:00.000Z","end":"2022-12-09T20:28:00.000Z"},"country":"United Kingdom","OPM":13,"total_sale_volume":1124.5699962675571,"rate_of_return":0.0}
{"window":{"start":"2022-12-08T23:32:00.000Z","end":"2022-12-08T23:33:00.000Z"},"country":"United Kingdom","OPM":9,"total_sale_volume":402.540002822876,"rate_of_return":0.1111111111111111}
{"window":{"start":"2022-12-09T03:36:00.000Z","end":"2022-12-09T03:37:00.000Z"},"country":"United Kingdom","OPM":13,"total_sale_volume":966.7700078487396,"rate_of_return":0.0}
{"window":{"start":"2022-12-09T22:56:00.000Z","end":"2022-12-09T22:57:00.000Z"},"country":"Netherlands","OPM":1,"total_sale_volume":23.809999465942383,"rate_of_return":0.0}
{"window":{"start":"2022-12-09T17:56:00.000Z","end":"2022-12-09T17:57:00.000Z"},"country":"EIRE","OPM":1,"total_sale_volume":26.309999465942383,"rate_of_return":0.0}
{"window":{"start":"2022-12-09T11:32:00.000Z","end":"2022-12-09T11:33:00.000Z"},"country":"Spain","OPM":1,"total_sale_volume":0.8500000238418579,"rate_of_return":0.0}
{"window":{"start":"2022-12-09T09:41:00.000Z","end":"2022-12-09T09:42:00.000Z"},"country":"EIRE","OPM":1,"total_sale_volume":366.4599914550781,"rate_of_return":0.0}
{"window":{"start":"2022-12-08T08:24:00.000Z","end":"2022-12-08T08:25:00.000Z"},"country":"Germany","OPM":1,"total_sale_volume":17.59000015258789,"rate_of_return":0.0}
{"window":{"start":"2022-12-09T13:22:00.000Z","end":"2022-12-09T13:23:00.000Z"},"country":"Netherlands","OPM":1,"total_sale_volume":234.5699920654297,"rate_of_return":0.0}
{"window":{"start":"2022-12-09T12:00:00.000Z","end":"2022-12-09T12:01:00.000Z"},"country":"United Kingdom","OPM":7,"total_sale_volume":472.1399917602539,"rate_of_return":0.0}
{"window":{"start":"2022-12-09T01:59:00.000Z","end":"2022-12-09T02:00:00.000Z"},"country":"Poland","OPM":1,"total_sale_volume":16.649999618530273,"rate_of_return":0.0}
