{"window":{"start":"2022-12-09T00:42:00.000Z","end":"2022-12-09T00:43:00.000Z"},"country":"United Kingdom","OPM":9,"total_sale_volume":998.1199684143066,"rate_of_return":0.0}
{"window":{"start":"2022-12-09T23:38:00.000Z","end":"2022-12-09T23:39:00.000Z"},"country":"France","OPM":1,"total_sale_volume":1.7000000476837158,"rate_of_return":0.0}
{"window":{"start":"2022-12-08T13:52:00.000Z","end":"2022-12-08T13:53:00.000Z"},"country":"United Kingdom","OPM":7,"total_sale_volume":571.839994430542,"rate_of_return":0.0}
{"window":{"start":"2022-12-08T21:02:00.000Z","end":"2022-12-08T21:03:00.000Z"},"country":"Belgium","OPM":1,"total_sale_volume":140.25,"rate_of_return":0.0}
{"window":{"start":"2022-12-08T09:10:00.000Z","end":"2022-12-08T09:11:00.000Z"},"country":"United Kingdom","OPM":6,"total_sale_volume":331.9600028991699,"rate_of_return":0.0}
{"window":{"start":"2022-12-08T14:50:00.000Z","end":"2022-12-08T14:51:00.000Z"},"country":"United Kingdom","OPM":4,"total_sale_volume":74.2600017786026,"rate_of_return":0.0}
{"window":{"start":"2022-12-09T01:38:00.000Z","end":"2022-12-09T01:39:00.000Z"},"country":"Israel","OPM":1,"total_sale_volume":1.649999976158142,"rate_of_return":0.0}
{"window":{"start":"2022-12-09T16:00:00.000Z","end":"2022-12-09T16:01:00.000Z"},"country":"United Kingdom","OPM":10,"total_sale_volume":466.14999878406525,"rate_of_return":0.0}
{"window":{"start":"2022-12-09T16:35:00.000Z","end":"2022-12-09T16:36:00.000Z"},"country":"Germany","OPM":1,"total_sale_volume":10.0,"rate_of_return":0.0}
{"window":{"start":"2022-12-08T13:16:00.000Z","end":"2022-12-08T13:17:00.000Z"},"country":"EIRE","OPM":1,"total_sale_volume":90.68000030517578,"rate_of_return":0.0}
{"window":{"start":"2022-12-08T14:59:00.000Z","end":"2022-12-08T15:00:00.000Z"},"country":"United Kingdom","OPM":8,"total_sale_volume":189.5599902868271,"rate_of_return":0.125}
{"window":{"start":"2022-12-08T13:03:00.000Z","end":"2022-12-08T13:04:00.000Z"},"country":"United Kingdom","OPM":11,"total_sale_volume":445.2299944162369,"rate_of_return":0.0}
{"window":{"start":"2022-12-08T22:31:00.000Z","end":"2022-12-08T22:32:00.000Z"},"country":"EIRE","OPM":1,"total_sale_volume":32.25,"rate_of_return":0.0}
{"window":{"start":"2022-12-08T19:00:00.000Z","end":"2022-12-08T19:01:00.000Z"},"country":"EIRE","OPM":1,"total_sale_volume":2.0799999237060547,"rate_of_return":0.0}
{"window":{"start":"2022-12-08T21:00:00.000Z","end":"2022-12-08T21:01:00.000Z"},"country":"United Kingdom","OPM":12,"total_sale_volume":335.3699998855591,"rate_of_return":0.08333333333333333}
{"window":{"start":"2022-12-09T22:31:00.000Z","end":"2022-12-09T22:32:00.000Z"},"country":"United Kingdom","OPM":17,"total_sale_volume":960.2900085449219,"rate_of_return":0.11764705882352941}
{"window":{"start":"2022-12-08T09:17:00.000Z","end":"2022-12-08T09:18:00.000Z"},"country":"United Kingdom","OPM":7,"total_sale_volume":974.3200333118439,"rate_of_return":0.0}
{"window":{"start":"2022-12-09T01:06:00.000Z","end":"2022-12-09T01:07:00.000Z"},"country":"United Kingdom","OPM":3,"total_sale_volume":188.5100040435791,"rate_of_return":0.0}
