{"window":{"start":"2022-12-08T08:38:00.000Z","end":"2022-12-08T08:39:00.000Z"},"country":"United Kingdom","OPM":13,"total_sale_volume":148.29006385803223,"rate_of_return":0.07692307692307693}
{"window":{"start":"2022-12-09T15:41:00.000Z","end":"2022-12-09T15:42:00.000Z"},"country":"Germany","OPM":1,"total_sale_volume":-898.219970703125,"rate_of_return":1.0}
{"window":{"start":"2022-12-08T17:39:00.000Z","end":"2022-12-08T17:40:00.000Z"},"country":"EIRE","OPM":1,"total_sale_volume":0.8299999833106995,"rate_of_return":0.0}
{"window":{"start":"2022-12-08T15:56:00.000Z","end":"2022-12-08T15:57:00.000Z"},"country":"United Kingdom","OPM":10,"total_sale_volume":429.39000058174133,"rate_of_return":0.0}
{"window":{"start":"2022-12-09T22:20:00.000Z","end":"2022-12-09T22:21:00.000Z"},"country":"United Kingdom","OPM":14,"total_sale_volume":12.739998817443848,"rate_of_return":0.2857142857142857}
{"window":{"start":"2022-12-08T09:49:00.000Z","end":"2022-12-08T09:50:00.000Z"},"country":"United Kingdom","OPM":5,"total_sale_volume":48.539998292922974,"rate_of_return":0.2}
{"window":{"start":"2022-12-08T15:40:00.000Z","end":"2022-12-08T15:41:00.000Z"},"country":"United Kingdom","OPM":5,"total_sale_volume":200.03000259399414,"rate_of_return":0.0}
{"window":{"start":"2022-12-09T03:25:00.000Z","end":"2022-12-09T03:26:00.000Z"},"country":"Italy","OPM":1,"total_sale_volume":32.459999084472656,"rate_of_return":0.0}
{"window":{"start":"2022-12-09T18:38:00.000Z","end":"2022-12-09T18:39:00.000Z"},"country":"United Kingdom","OPM":8,"total_sale_volume":608.4899883270264,"rate_of_return":0.0}
{"window":{"start":"2022-12-08T14:41:00.000Z","end":"2022-12-08T14:42:00.000Z"},"country":"United Kingdom","OPM":4,"total_sale_volume":2416.099998474121,"rate_of_return":0.0}
{"window":{"start":"2022-12-09T01:04:00.000Z","end":"2022-12-09T01:05:00.000Z"},"country":"United Kingdom","OPM":18,"total_sale_volume":420.5299978852272,"rate_of_return":0.1111111111111111}
{"window":{"start":"2022-12-09T22:49:00.000Z","end":"2022-12-09T22:50:00.000Z"},"country":"United Kingdom","OPM":6,"total_sale_volume":172.9899946451187,"rate_of_return":0.0}
{"window":{"start":"2022-12-09T07:18:00.000Z","end":"2022-12-09T07:19:00.000Z"},"country":"Switzerland","OPM":1,"total_sale_volume":15.299999237060547,"rate_of_return":0.0}
{"window":{"start":"2022-12-08T19:32:00.000Z","end":"2022-12-08T19:33:00.000Z"},"country":"United Kingdom","OPM":9,"total_sale_volume":398.61998760700226,"rate_of_return":0.0}
{"window":{"start":"2022-12-09T06:31:00.000Z","end":"2022-12-09T06:32:00.000Z"},"country":"United Kingdom","OPM":10,"total_sale_volume":441.37999629974365,"rate_of_return":0.1}
{"window":{"start":"2022-12-08T20:24:00.000Z","end":"2022-12-08T20:25:00.000Z"},"country":"EIRE","OPM":1,"total_sale_volume":46.119998931884766,"rate_of_return":0.0}
{"window":{"start":"2022-12-09T15:23:00.000Z","end":"2022-12-09T15:24:00.000Z"},"country":"Australia","OPM":1,"total_sale_volume":13.979999542236328,"rate_of_return":0.0}
{"window":{"start":"2022-12-08T21:30:00.000Z","end":"2022-12-08T21:31:00.000Z"},"country":"France","OPM":1,"total_sale_volume":73.04000091552734,"rate_of_return":0.0}
{"window":{"start":"2022-12-08T09:06:00.000Z","end":"2022-12-08T09:07:00.000Z"},"country":"EIRE","OPM":1,"total_sale_volume":125.87999725341797,"rate_of_return":0.0}
{"window":{"start":"2022-12-08T16:58:00.000Z","end":"2022-12-08T16:59:00.000Z"},"country":"Germany","OPM":1,"total_sale_volume":38.540000915527344,"rate_of_return":0.0}
{"window":{"start":"2022-12-08T11:59:00.000Z","end":"2022-12-08T12:00:00.000Z"},"country":"Australia","OPM":1,"total_sale_volume":22.099998474121094,"rate_of_return":0.0}
{"window":{"start":"2022-12-09T18:30:00.000Z","end":"2022-12-09T18:31:00.000Z"},"country":"Netherlands","OPM":1,"total_sale_volume":30.360000610351562,"rate_of_return":0.0}
{"window":{"start":"2022-12-09T12:07:00.000Z","end":"2022-12-09T12:08:00.000Z"},"country":"EIRE","OPM":1,"total_sale_volume":118.61000061035156,"rate_of_return":0.0}
{"window":{"start":"2022-12-08T16:33:00.000Z","end":"2022-12-08T16:34:00.000Z"},"country":"Germany","OPM":1,"total_sale_volume":45.279998779296875,"rate_of_return":0.0}
