{"window":{"start":"2022-12-09T06:29:00.000Z","end":"2022-12-09T06:30:00.000Z"},"country":"United Kingdom","OPM":14,"total_sale_volume":2606.9399948120117,"rate_of_return":0.0}
{"window":{"start":"2022-12-08T21:21:00.000Z","end":"2022-12-08T21:22:00.000Z"},"country":"United Kingdom","OPM":13,"total_sale_volume":832.1099911928177,"rate_of_return":0.0}
{"window":{"start":"2022-12-09T01:48:00.000Z","end":"2022-12-09T01:49:00.000Z"},"country":"Germany","OPM":2,"total_sale_volume":401.8399887084961,"rate_of_return":0.0}
{"window":{"start":"2022-12-09T08:18:00.000Z","end":"2022-12-09T08:19:00.000Z"},"country":"United Kingdom","OPM":10,"total_sale_volume":1194.359962940216,"rate_of_return":0.0}
{"window":{"start":"2022-12-08T21:37:00.000Z","end":"2022-12-08T21:38:00.000Z"},"country":"United Kingdom","OPM":14,"total_sale_volume":671.2499928474426,"rate_of_return":0.07142857142857142}
{"window":{"start":"2022-12-08T16:10:00.000Z","end":"2022-12-08T16:11:00.000Z"},"country":"United Kingdom","OPM":12,"total_sale_volume":727.7099962234497,"rate_of_return":0.0}
{"window":{"start":"2022-12-08T20:29:00.000Z","end":"2022-12-08T20:30:00.000Z"},"country":"Belgium","OPM":1,"total_sale_volume":183.36000061035156,"rate_of_return":0.0}
{"window":{"start":"2022-12-09T01:06:00.000Z","end":"2022-12-09T01:07:00.000Z"},"country":"Belgium","OPM":1,"total_sale_volume":39.40999984741211,"rate_of_return":0.0}
{"window":{"start":"2022-12-09T06:39:00.000Z","end":"2022-12-09T06:40:00.000Z"},"country":"United Kingdom","OPM":7,"total_sale_volume":83.89999806880951,"rate_of_return":0.0}
{"window":{"start":"2022-12-08T10:07:00.000Z","end":"2022-12-08T10:08:00.000Z"},"country":"United Kingdom","OPM":8,"total_sale_volume":182.83999633789062,"rate_of_return":0.25}
{"window":{"start":"2022-12-09T08:42:00.000Z","end":"2022-12-09T08:43:00.000Z"},"country":"United Kingdom","OPM":10,"total_sale_volume":796.0599932670593,"rate_of_return":0.1}
{"window":{"start":"2022-12-09T04:58:00.000Z","end":"2022-12-09T04:59:00.000Z"},"country":"Singapore","OPM":1,"total_sale_volume":34.279998779296875,"rate_of_return":0.0}
{"window":{"start":"2022-12-09T06:36:00.000Z","end":"2022-12-09T06:37:00.000Z"},"country":"Germany","OPM":1,"total_sale_volume":112.30000305175781,"rate_of_return":0.0}
{"window":{"start":"2022-12-09T03:43:00.000Z","end":"2022-12-09T03:44:00.000Z"},"country":"Australia","OPM":1,"total_sale_volume":90.38999938964844,"rate_of_return":0.0}
{"window":{"start":"2022-12-08T16:02:00.000Z","end":"2022-12-08T16:03:00.000Z"},"country":"Belgium","OPM":1,"total_sale_volume":22.469999313354492,"rate_of_return":0.0}
{"window":{"start":"2022-12-09T18:46:00.000Z","end":"2022-12-09T18:47:00.000Z"},"country":"France","OPM":2,"total_sale_volume":654.9999694824219,"rate_of_return":0.0}
{"window":{"start":"2022-12-08T15:04:00.000Z","end":"2022-12-08T15:05:00.000Z"},"country":"Cyprus","OPM":1,"total_sale_volume":12.75,"rate_of_return":0.0}
{"window":{"start":"2022-12-08T22:59:00.000Z","end":"2022-12-08T23:00:00.000Z"},"country":"United Kingdom","OPM":9,"total_sale_volume":1329.1500117778778,"rate_of_return":0.0}
{"window":{"start":"2022-12-08T10:42:00.000Z","end":"2022-12-08T10:43:00.000Z"},"country":"United Kingdom","OPM":10,"total_sale_volume":589.3900129795074,"rate_of_return":0.1}
{"window":{"start":"2022-12-09T06:12:00.000Z","end":"2022-12-09T06:13:00.000Z"},"country":"EIRE","OPM":1,"total_sale_volume":69.25,"rate_of_return":0.0}
{"window":{"start":"2022-12-09T22:58:00.000Z","end":"2022-12-09T22:59:00.000Z"},"country":"Australia","OPM":1,"total_sale_volume":74.75,"rate_of_return":0.0}
{"window":{"start":"2022-12-09T22:44:00.000Z","end":"2022-12-09T22:45:00.000Z"},"country":"EIRE","OPM":1,"total_sale_volume":23.510000228881836,"rate_of_return":0.0}
{"window":{"start":"2022-12-09T19:00:00.000Z","end":"2022-12-09T19:01:00.000Z"},"country":"France","OPM":1,"total_sale_volume":84.75,"rate_of_return":0.0}
{"window":{"start":"2022-12-09T12:17:00.000Z","end":"2022-12-09T12:18:00.000Z"},"country":"United Kingdom","OPM":7,"total_sale_volume":405.0099935531616,"rate_of_return":0.0}
{"window":{"start":"2022-12-09T10:03:00.000Z","end":"2022-12-09T10:04:00.000Z"},"country":"United Kingdom","OPM":7,"total_sale_volume":77.08999848365784,"rate_of_return":0.14285714285714285}
{"window":{"start":"2022-12-09T15:51:00.000Z","end":"2022-12-09T15:52:00.000Z"},"country":"Channel Islands","OPM":1,"total_sale_volume":38.20000076293945,"rate_of_return":0.0}
