{"window":{"start":"2022-12-09T11:59:00.000Z","end":"2022-12-09T12:00:00.000Z"},"country":"United Kingdom","OPM":10,"total_sale_volume":635.329989105463,"rate_of_return":0.0}
{"window":{"start":"2022-12-09T20:21:00.000Z","end":"2022-12-09T20:22:00.000Z"},"country":"United Kingdom","OPM":8,"total_sale_volume":697.6100039482117,"rate_of_return":0.0}
{"window":{"start":"2022-12-08T20:17:00.000Z","end":"2022-12-08T20:18:00.000Z"},"country":"Germany","OPM":1,"total_sale_volume":450.0799865722656,"rate_of_return":0.0}
{"window":{"start":"2022-12-08T10:05:00.000Z","end":"2022-12-08T10:06:00.000Z"},"country":"Portugal","OPM":1,"total_sale_volume":65.69999694824219,"rate_of_return":0.0}
{"window":{"start":"2022-12-08T11:16:00.000Z","end":"2022-12-08T11:17:00.000Z"},"country":"EIRE","OPM":1,"total_sale_volume":37.25,"rate_of_return":0.0}
{"window":{"start":"2022-12-09T15:35:00.000Z","end":"2022-12-09T15:36:00.000Z"},"country":"EIRE","OPM":1,"total_sale_volume":-60.099998474121094,"rate_of_return":1.0}
{"window":{"start":"2022-12-08T13:24:00.000Z","end":"2022-12-08T13:25:00.000Z"},"country":"France","OPM":1,"total_sale_volume":12.75,"rate_of_return":0.0}
{"window":{"start":"2022-12-09T07:01:00.000Z","end":"2022-12-09T07:02:00.000Z"},"country":"United Kingdom","OPM":12,"total_sale_volume":663.9299917221069,"rate_of_return":0.08333333333333333}
{"window":{"start":"2022-12-08T23:31:00.000Z","end":"2022-12-08T23:32:00.000Z"},"country":"EIRE","OPM":1,"total_sale_volume":19.799999237060547,"rate_of_return":0.0}
{"window":{"start":"2022-12-08T14:18:00.000Z","end":"2022-12-08T14:19:00.000Z"},"country":"United Kingdom","OPM":4,"total_sale_volume":327.5199899673462,"rate_of_return":0.25}
{"window":{"start":"2022-12-09T10:22:00.000Z","end":"2022-12-09T10:23:00.000Z"},"country":"United Kingdom","OPM":6,"total_sale_volume":352.5699939727783,"rate_of_return":0.0}
{"window":{"start":"2022-12-08T12:18:00.000Z","end":"2022-12-08T12:19:00.000Z"},"country":"Canada","OPM":1,"total_sale_volume":225.6199951171875,"rate_of_return":0.0}
{"window":{"start":"2022-12-09T11:44:00.000Z","end":"2022-12-09T11:45:00.000Z"},"country":"France","OPM":1,"total_sale_volume":25.6200008392334,"rate_of_return":0.0}
{"window":{"start":"2022-12-08T10:12:00.000Z","end":"2022-12-08T10:13:00.000Z"},"country":"United Kingdom","OPM":6,"total_sale_volume":19.31000319123268,"rate_of_return":0.16666666666666666}
{"window":{"start":"2022-12-09T14:13:00.000Z","end":"2022-12-09T14:14:00.000Z"},"country":"Belgium","OPM":2,"total_sale_volume":14.359999656677246,"rate_of_return":0.0}
{"window":{"start":"2022-12-09T01:17:00.000Z","end":"2022-12-09T01:18:00.000Z"},"country":"Norway","OPM":1,"total_sale_volume":4.949999809265137,"rate_of_return":0.0}
