{"window":{"start":"2022-12-09T21:24:00.000Z","end":"2022-12-09T21:25:00.000Z"},"country":"France","OPM":1,"total_sale_volume":24.6299991607666,"rate_of_return":0.0}
{"window":{"start":"2022-12-09T08:48:00.000Z","end":"2022-12-09T08:49:00.000Z"},"country":"United Kingdom","OPM":15,"total_sale_volume":908.6200165748596,"rate_of_return":0.13333333333333333}
{"window":{"start":"2022-12-09T19:06:00.000Z","end":"2022-12-09T19:07:00.000Z"},"country":"United Kingdom","OPM":8,"total_sale_volume":440.5499892234802,"rate_of_return":0.0}
{"window":{"start":"2022-12-08T23:19:00.000Z","end":"2022-12-08T23:20:00.000Z"},"country":"France","OPM":1,"total_sale_volume":28.360000610351562,"rate_of_return":0.0}
{"window":{"start":"2022-12-09T03:02:00.000Z","end":"2022-12-09T03:03:00.000Z"},"country":"EIRE","OPM":1,"total_sale_volume":81.04000091552734,"rate_of_return":0.0}
{"window":{"start":"2022-12-09T04:10:00.000Z","end":"2022-12-09T04:11:00.000Z"},"country":"United Kingdom","OPM":11,"total_sale_volume":1408.6000814437866,"rate_of_return":0.09090909090909091}
{"window":{"start":"2022-12-08T18:46:00.000Z","end":"2022-12-08T18:47:00.000Z"},"country":"United Kingdom","OPM":8,"total_sale_volume":713.3799966573715,"rate_of_return":0.0}
{"window":{"start":"2022-12-09T13:26:00.000Z","end":"2022-12-09T13:27:00.000Z"},"country":"United Kingdom","OPM":10,"total_sale_volume":289.1000051498413,"rate_of_return":0.1}
{"window":{"start":"2022-12-08T09:59:00.000Z","end":"2022-12-08T10:00:00.000Z"},"country":"EIRE","OPM":2,"total_sale_volume":213.77999114990234,"rate_of_return":0.0}
{"window":{"start":"2022-12-08T18:34:00.000Z","end":"2022-12-08T18:35:00.000Z"},"country":"United Kingdom","OPM":7,"total_sale_volume":284.18000173568726,"rate_of_return":0.0}
{"window":{"start":"2022-12-08T11:27:00.000Z","end":"2022-12-08T11:28:00.000Z"},"country":"United Kingdom","OPM":5,"total_sale_volume":832.889997959137,"rate_of_return":0.0}
{"window":{"start":"2022-12-09T05:20:00.000Z","end":"2022-12-09T05:21:00.000Z"},"country":"United Kingdom","OPM":13,"total_sale_volume":379.65999817848206,"rate_of_return":0.0}
{"window":{"start":"2022-12-09T13:53:00.000Z","end":"2022-12-09T13:54:00.000Z"},"country":"France","OPM":1,"total_sale_volume":56.44999694824219,"rate_of_return":0.0}
{"window":{"start":"2022-12-08T23:25:00.000Z","end":"2022-12-08T23:26:00.000Z"},"country":"Denmark","OPM":1,"total_sale_volume":78.23999786376953,"rate_of_return":0.0}
