{"window":{"start":"2022-12-09T23:02:00.000Z","end":"2022-12-09T23:03:00.000Z"},"country":"Switzerland","OPM":1,"total_sale_volume":1.659999966621399,"rate_of_return":0.0}
{"window":{"start":"2022-12-08T17:27:00.000Z","end":"2022-12-08T17:28:00.000Z"},"country":"EIRE","OPM":1,"total_sale_volume":48.45000076293945,"rate_of_return":0.0}
{"window":{"start":"2022-12-08T13:49:00.000Z","end":"2022-12-08T13:50:00.000Z"},"country":"United Kingdom","OPM":10,"total_sale_volume":8668.5894241333,"rate_of_return":0.0}
{"window":{"start":"2022-12-09T10:54:00.000Z","end":"2022-12-09T10:55:00.000Z"},"country":"Cyprus","OPM":1,"total_sale_volume":65.04000091552734,"rate_of_return":0.0}
{"window":{"start":"2022-12-08T11:37:00.000Z","end":"2022-12-08T11:38:00.000Z"},"country":"United Kingdom","OPM":6,"total_sale_volume":235.28999614715576,"rate_of_return":0.0}
{"window":{"start":"2022-12-09T20:10:00.000Z","end":"2022-12-09T20:11:00.000Z"},"country":"Channel Islands","OPM":1,"total_sale_volume":174.74000549316406,"rate_of_return":0.0}
{"window":{"start":"2022-12-09T08:59:00.000Z","end":"2022-12-09T09:00:00.000Z"},"country":"United Kingdom","OPM":4,"total_sale_volume":256.7300052642822,"rate_of_return":0.0}
{"window":{"start":"2022-12-08T15:20:00.000Z","end":"2022-12-08T15:21:00.000Z"},"country":"United Kingdom","OPM":8,"total_sale_volume":574.1199989318848,"rate_of_return":0.0}
{"window":{"start":"2022-12-09T18:00:00.000Z","end":"2022-12-09T18:01:00.000Z"},"country":"United Kingdom","OPM":6,"total_sale_volume":309.4500049352646,"rate_of_return":0.0}
{"window":{"start":"2022-12-09T21:04:00.000Z","end":"2022-12-09T21:05:00.000Z"},"country":"Germany","OPM":1,"total_sale_volume":12.949999809265137,"rate_of_return":0.0}
{"window":{"start":"2022-12-09T23:26:00.000Z","end":"2022-12-09T23:27:00.000Z"},"country":"United Kingdom","OPM":16,"total_sale_volume":900.0499820709229,"rate_of_return":0.0625}
{"window":{"start":"2022-12-08T16:21:00.000Z","end":"2022-12-08T16:22:00.000Z"},"country":"United Kingdom","OPM":12,"total_sale_volume":808.3000001907349,"rate_of_return":0.08333333333333333}
{"window":{"start":"2022-12-09T05:11:00.000Z","end":"2022-12-09T05:12:00.000Z"},"country":"Germany","OPM":1,"total_sale_volume":30.739999771118164,"rate_of_return":0.0}
{"window":{"start":"2022-12-09T02:25:00.000Z","end":"2022-12-09T02:26:00.000Z"},"country":"United Kingdom","OPM":8,"total_sale_volume":381.2700057029724,"rate_of_return":0.0}
{"window":{"start":"2022-12-08T19:37:00.000Z","end":"2022-12-08T19:38:00.000Z"},"country":"Germany","OPM":1,"total_sale_volume":18.149999618530273,"rate_of_return":0.0}
{"window":{"start":"2022-12-09T14:57:00.000Z","end":"2022-12-09T14:58:00.000Z"},"country":"United Kingdom","OPM":11,"total_sale_volume":545.2700033187866,"rate_of_return":0.0}
{"window":{"start":"2022-12-09T03:43:00.000Z","end":"2022-12-09T03:44:00.000Z"},"country":"United Kingdom","OPM":8,"total_sale_volume":454.38000226020813,"rate_of_return":0.0}
{"window":{"start":"2022-12-09T14:26:00.000Z","end":"2022-12-09T14:27:00.000Z"},"country":"Portugal","OPM":1,"total_sale_volume":16.6200008392334,"rate_of_return":0.0}
