{"window":{"start":"2022-12-08T23:46:00.000Z","end":"2022-12-08T23:47:00.000Z"},"country":"Japan","OPM":1,"total_sale_volume":42.41999816894531,"rate_of_return":0.0}
{"window":{"start":"2022-12-08T16:44:00.000Z","end":"2022-12-08T16:45:00.000Z"},"country":"Belgium","OPM":1,"total_sale_volume":1.6999999284744263,"rate_of_return":0.0}
{"window":{"start":"2022-12-08T19:53:00.000Z","end":"2022-12-08T19:54:00.000Z"},"country":"United Kingdom","OPM":10,"total_sale_volume":726.0399990081787,"rate_of_return":0.0}
{"window":{"start":"2022-12-09T14:48:00.000Z","end":"2022-12-09T14:49:00.000Z"},"country":"United Kingdom","OPM":4,"total_sale_volume":145.86000299453735,"rate_of_return":0.0}
{"window":{"start":"2022-12-09T11:24:00.000Z","end":"2022-12-09T11:25:00.000Z"},"country":"EIRE","OPM":1,"total_sale_volume":123.56999969482422,"rate_of_return":0.0}
{"window":{"start":"2022-12-09T12:33:00.000Z","end":"2022-12-09T12:34:00.000Z"},"country":"Sweden","OPM":1,"total_sale_volume":20.799999237060547,"rate_of_return":0.0}
{"window":{"start":"2022-12-09T13:07:00.000Z","end":"2022-12-09T13:08:00.000Z"},"country":"Netherlands","OPM":1,"total_sale_volume":25.239999771118164,"rate_of_return":0.0}
{"window":{"start":"2022-12-09T09:31:00.000Z","end":"2022-12-09T09:32:00.000Z"},"country":"United Kingdom","OPM":10,"total_sale_volume":332.78000354766846,"rate_of_return":0.0}
{"window":{"start":"2022-12-09T18:05:00.000Z","end":"2022-12-09T18:06:00.000Z"},"country":"United Kingdom","OPM":11,"total_sale_volume":5980.55007353425,"rate_of_return":0.0}
{"window":{"start":"2022-12-08T19:07:00.000Z","end":"2022-12-08T19:08:00.000Z"},"country":"United Kingdom","OPM":11,"total_sale_volume":421.4299991130829,"rate_of_return":0.0}
{"window":{"start":"2022-12-08T13:39:00.000Z","end":"2022-12-08T13:40:00.000Z"},"country":"United Kingdom","OPM":6,"total_sale_volume":430.0199966430664,"rate_of_return":0.0}
{"window":{"start":"2022-12-08T15:28:00.000Z","end":"2022-12-08T15:29:00.000Z"},"country":"Australia","OPM":1,"total_sale_volume":107.58000183105469,"rate_of_return":0.0}
{"window":{"start":"2022-12-09T20:55:00.000Z","end":"2022-12-09T20:56:00.000Z"},"country":"United Kingdom","OPM":7,"total_sale_volume":109.42000007629395,"rate_of_return":0.14285714285714285}
{"window":{"start":"2022-12-09T02:38:00.000Z","end":"2022-12-09T02:39:00.000Z"},"country":"United Kingdom","OPM":8,"total_sale_volume":420.8600004315376,"rate_of_return":0.125}
{"window":{"start":"2022-12-09T22:16:00.000Z","end":"2022-12-09T22:17:00.000Z"},"country":"United Kingdom","OPM":10,"total_sale_volume":322.64000034332275,"rate_of_return":0.0}
{"window":{"start":"2022-12-09T16:04:00.000Z","end":"2022-12-09T16:05:00.000Z"},"country":"United Kingdom","OPM":9,"total_sale_volume":650.4800052642822,"rate_of_return":0.0}
{"window":{"start":"2022-12-09T00:12:00.000Z","end":"2022-12-09T00:13:00.000Z"},"country":"Finland","OPM":1,"total_sale_volume":29.939998626708984,"rate_of_return":0.0}
{"window":{"start":"2022-12-09T02:09:00.000Z","end":"2022-12-09T02:10:00.000Z"},"country":"United Kingdom","OPM":15,"total_sale_volume":1018.6599752902985,"rate_of_return":0.0}
{"window":{"start":"2022-12-09T04:45:00.000Z","end":"2022-12-09T04:46:00.000Z"},"country":"Italy","OPM":1,"total_sale_volume":183.05999755859375,"rate_of_return":0.0}
{"window":{"start":"2022-12-09T01:07:00.000Z","end":"2022-12-09T01:08:00.000Z"},"country":"Germany","OPM":1,"total_sale_volume":178.3199920654297,"rate_of_return":0.0}
