{"window":{"start":"2022-12-08T22:55:00.000Z","end":"2022-12-08T22:56:00.000Z"},"country":"United Kingdom","OPM":7,"total_sale_volume":922.1900157928467,"rate_of_return":0.0}
{"window":{"start":"2022-12-08T20:26:00.000Z","end":"2022-12-08T20:27:00.000Z"},"country":"Austria","OPM":1,"total_sale_volume":75.9000015258789,"rate_of_return":0.0}
{"window":{"start":"2022-12-09T23:43:00.000Z","end":"2022-12-09T23:44:00.000Z"},"country":"Germany","OPM":1,"total_sale_volume":4.150000095367432,"rate_of_return":0.0}
{"window":{"start":"2022-12-09T15:30:00.000Z","end":"2022-12-09T15:31:00.000Z"},"country":"Greece","OPM":1,"total_sale_volume":9.960000038146973,"rate_of_return":0.0}
{"window":{"start":"2022-12-09T20:59:00.000Z","end":"2022-12-09T21:00:00.000Z"},"country":"France","OPM":1,"total_sale_volume":38.849998474121094,"rate_of_return":0.0}
{"window":{"start":"2022-12-08T14:22:00.000Z","end":"2022-12-08T14:23:00.000Z"},"country":"United Kingdom","OPM":6,"total_sale_volume":299.10999822616577,"rate_of_return":0.0}
{"window":{"start":"2022-12-09T15:13:00.000Z","end":"2022-12-09T15:14:00.000Z"},"country":"United Kingdom","OPM":11,"total_sale_volume":570.8199939727783,"rate_of_return":0.0}
{"window":{"start":"2022-12-08T17:33:00.000Z","end":"2022-12-08T17:34:00.000Z"},"country":"Germany","OPM":1,"total_sale_volume":19.920000076293945,"rate_of_return":0.0}
{"window":{"start":"2022-12-09T05:31:00.000Z","end":"2022-12-09T05:32:00.000Z"},"country":"United Kingdom","OPM":7,"total_sale_volume":230.01000100374222,"rate_of_return":0.0}
{"window":{"start":"2022-12-08T21:51:00.000Z","end":"2022-12-08T21:52:00.000Z"},"country":"United Kingdom","OPM":6,"total_sale_volume":608.3900060653687,"rate_of_return":0.16666666666666666}
{"window":{"start":"2022-12-08T22:15:00.000Z","end":"2022-12-08T22:16:00.000Z"},"country":"United Kingdom","OPM":9,"total_sale_volume":263.2000000476837,"rate_of_return":0.0}
{"window":{"start":"2022-12-08T08:52:00.000Z","end":"2022-12-08T08:53:00.000Z"},"country":"France","OPM":1,"total_sale_volume":5.789999961853027,"rate_of_return":0.0}
{"window":{"start":"2022-12-09T12:51:00.000Z","end":"2022-12-09T12:52:00.000Z"},"country":"United Kingdom","OPM":10,"total_sale_volume":492.3199882507324,"rate_of_return":0.1}
{"window":{"start":"2022-12-08T21:41:00.000Z","end":"2022-12-08T21:42:00.000Z"},"country":"Portugal","OPM":1,"total_sale_volume":0.36000001430511475,"rate_of_return":0.0}
{"window":{"start":"2022-12-09T02:41:00.000Z","end":"2022-12-09T02:42:00.000Z"},"country":"Italy","OPM":1,"total_sale_volume":49.67000198364258,"rate_of_return":0.0}
{"window":{"start":"2022-12-09T02:15:00.000Z","end":"2022-12-09T02:16:00.000Z"},"country":"France","OPM":1,"total_sale_volume":15.0,"rate_of_return":0.0}
{"window":{"start":"2022-12-08T18:10:00.000Z","end":"2022-12-08T18:11:00.000Z"},"country":"United Kingdom","OPM":11,"total_sale_volume":819.779990196228,"rate_of_return":0.0}
{"window":{"start":"2022-12-08T08:39:00.000Z","end":"2022-12-08T08:40:00.000Z"},"country":"United Kingdom","OPM":11,"total_sale_volume":364.89000034332275,"rate_of_return":0.09090909090909091}
{"window":{"start":"2022-12-09T15:57:00.000Z","end":"2022-12-09T15:58:00.000Z"},"country":"United Kingdom","OPM":9,"total_sale_volume":499.87999057769775,"rate_of_return":0.0}
{"window":{"start":"2022-12-08T11:06:00.000Z","end":"2022-12-08T11:07:00.000Z"},"country":"France","OPM":1,"total_sale_volume":-28.0,"rate_of_return":1.0}
{"window":{"start":"2022-12-09T23:17:00.000Z","end":"2022-12-09T23:18:00.000Z"},"country":"France","OPM":1,"total_sale_volume":27.959999084472656,"rate_of_return":0.0}
{"window":{"start":"2022-12-08T08:22:00.000Z","end":"2022-12-08T08:23:00.000Z"},"country":"United Kingdom","OPM":14,"total_sale_volume":2706.490014076233,"rate_of_return":0.0}
