{"window":{"start":"2022-12-09T12:15:00.000Z","end":"2022-12-09T12:16:00.000Z"},"country":"United Kingdom","OPM":5,"total_sale_volume":194.3400058746338,"rate_of_return":0.0}
{"window":{"start":"2022-12-08T17:35:00.000Z","end":"2022-12-08T17:36:00.000Z"},"country":"United Kingdom","OPM":10,"total_sale_volume":1013.4499979019165,"rate_of_return":0.0}
{"window":{"start":"2022-12-09T10:11:00.000Z","end":"2022-12-09T10:12:00.000Z"},"country":"United Kingdom","OPM":13,"total_sale_volume":640.569990158081,"rate_of_return":0.0}
{"window":{"start":"2022-12-08T15:29:00.000Z","end":"2022-12-08T15:30:00.000Z"},"country":"United Kingdom","OPM":7,"total_sale_volume":190.18999576568604,"rate_of_return":0.14285714285714285}
{"window":{"start":"2022-12-09T22:15:00.000Z","end":"2022-12-09T22:16:00.000Z"},"country":"United Kingdom","OPM":13,"total_sale_volume":825.8599990606308,"rate_of_return":0.0}
{"window":{"start":"2022-12-09T01:47:00.000Z","end":"2022-12-09T01:48:00.000Z"},"country":"United Kingdom","OPM":14,"total_sale_volume":545.8500001430511,"rate_of_return":0.07142857142857142}
{"window":{"start":"2022-12-09T07:51:00.000Z","end":"2022-12-09T07:52:00.000Z"},"country":"United Kingdom","OPM":3,"total_sale_volume":98.0199966430664,"rate_of_return":0.3333333333333333}
{"window":{"start":"2022-12-08T16:26:00.000Z","end":"2022-12-08T16:27:00.000Z"},"country":"United Kingdom","OPM":15,"total_sale_volume":997.1099988222122,"rate_of_return":0.0}
{"window":{"start":"2022-12-08T16:51:00.000Z","end":"2022-12-08T16:52:00.000Z"},"country":"EIRE","OPM":1,"total_sale_volume":61.959999084472656,"rate_of_return":0.0}
{"window":{"start":"2022-12-09T20:09:00.000Z","end":"2022-12-09T20:10:00.000Z"},"country":"France","OPM":1,"total_sale_volume":356.1600036621094,"rate_of_return":0.0}
{"window":{"start":"2022-12-09T08:03:00.000Z","end":"2022-12-09T08:04:00.000Z"},"country":"United Kingdom","OPM":8,"total_sale_volume":550.5100002288818,"rate_of_return":0.0}
{"window":{"start":"2022-12-09T04:08:00.000Z","end":"2022-12-09T04:09:00.000Z"},"country":"United Kingdom","OPM":9,"total_sale_volume":177.13999992609024,"rate_of_return":0.0}
{"window":{"start":"2022-12-09T22:19:00.000Z","end":"2022-12-09T22:20:00.000Z"},"country":"United Kingdom","OPM":5,"total_sale_volume":180.8600013256073,"rate_of_return":0.0}
{"window":{"start":"2022-12-09T02:45:00.000Z","end":"2022-12-09T02:46:00.000Z"},"country":"United Kingdom","OPM":7,"total_sale_volume":109.89999997615814,"rate_of_return":0.14285714285714285}
{"window":{"start":"2022-12-08T10:32:00.000Z","end":"2022-12-08T10:33:00.000Z"},"country":"EIRE","OPM":1,"total_sale_volume":-44.25,"rate_of_return":1.0}
