{"window":{"start":"2022-12-08T10:40:00.000Z","end":"2022-12-08T10:41:00.000Z"},"country":"United Kingdom","OPM":10,"total_sale_volume":389.9200086891651,"rate_of_return":0.0}
{"window":{"start":"2022-12-09T13:31:00.000Z","end":"2022-12-09T13:32:00.000Z"},"country":"United Kingdom","OPM":12,"total_sale_volume":217.46000266075134,"rate_of_return":0.08333333333333333}
{"window":{"start":"2022-12-08T23:59:00.000Z","end":"2022-12-09T00:00:00.000Z"},"country":"EIRE","OPM":1,"total_sale_volume":3.799999952316284,"rate_of_return":0.0}
{"window":{"start":"2022-12-08T20:06:00.000Z","end":"2022-12-08T20:07:00.000Z"},"country":"United Kingdom","OPM":5,"total_sale_volume":206.57000064849854,"rate_of_return":0.2}
{"window":{"start":"2022-12-09T01:07:00.000Z","end":"2022-12-09T01:08:00.000Z"},"country":"United Kingdom","OPM":5,"total_sale_volume":286.95000171661377,"rate_of_return":0.2}
{"window":{"start":"2022-12-09T01:14:00.000Z","end":"2022-12-09T01:15:00.000Z"},"country":"United Kingdom","OPM":5,"total_sale_volume":314.81000423431396,"rate_of_return":0.0}
{"window":{"start":"2022-12-09T13:10:00.000Z","end":"2022-12-09T13:11:00.000Z"},"country":"United Kingdom","OPM":10,"total_sale_volume":675.0099947452545,"rate_of_return":0.0}
{"window":{"start":"2022-12-08T09:59:00.000Z","end":"2022-12-08T10:00:00.000Z"},"country":"Germany","OPM":1,"total_sale_volume":11.670000076293945,"rate_of_return":0.0}
{"window":{"start":"2022-12-08T17:09:00.000Z","end":"2022-12-08T17:10:00.000Z"},"country":"United Kingdom","OPM":9,"total_sale_volume":646.0699920654297,"rate_of_return":0.0}
{"window":{"start":"2022-12-09T14:33:00.000Z","end":"2022-12-09T14:34:00.000Z"},"country":"Spain","OPM":1,"total_sale_volume":30.360000610351562,"rate_of_return":0.0}
{"window":{"start":"2022-12-08T18:54:00.000Z","end":"2022-12-08T18:55:00.000Z"},"country":"Australia","OPM":1,"total_sale_volume":97.07999420166016,"rate_of_return":0.0}
{"window":{"start":"2022-12-08T08:31:00.000Z","end":"2022-12-08T08:32:00.000Z"},"country":"United Kingdom","OPM":3,"total_sale_volume":41.939998626708984,"rate_of_return":0.0}
{"window":{"start":"2022-12-08T09:44:00.000Z","end":"2022-12-08T09:45:00.000Z"},"country":"United Kingdom","OPM":7,"total_sale_volume":84.9600019454956,"rate_of_return":0.0}
{"window":{"start":"2022-12-09T02:39:00.000Z","end":"2022-12-09T02:40:00.000Z"},"country":"France","OPM":2,"total_sale_volume":3.589998245239258,"rate_of_return":0.5}
{"window":{"start":"2022-12-09T02:03:00.000Z","end":"2022-12-09T02:04:00.000Z"},"country":"United Kingdom","OPM":10,"total_sale_volume":376.96999502182007,"rate_of_return":0.0}
{"window":{"start":"2022-12-08T16:04:00.000Z","end":"2022-12-08T16:05:00.000Z"},"country":"United Kingdom","OPM":4,"total_sale_volume":325.8900065422058,"rate_of_return":0.0}
{"window":{"start":"2022-12-08T11:16:00.000Z","end":"2022-12-08T11:17:00.000Z"},"country":"United Kingdom","OPM":7,"total_sale_volume":454.9400005340576,"rate_of_return":0.0}
{"window":{"start":"2022-12-08T18:41:00.000Z","end":"2022-12-08T18:42:00.000Z"},"country":"United Kingdom","OPM":7,"total_sale_volume":448.37998524308205,"rate_of_return":0.0}
{"window":{"start":"2022-12-09T03:46:00.000Z","end":"2022-12-09T03:47:00.000Z"},"country":"United Kingdom","OPM":9,"total_sale_volume":725.0399985313416,"rate_of_return":0.0}
