{"window":{"start":"2022-12-09T05:27:00.000Z","end":"2022-12-09T05:28:00.000Z"},"country":"Italy","OPM":1,"total_sale_volume":9.899999618530273,"rate_of_return":0.0}
{"window":{"start":"2022-12-09T17:08:00.000Z","end":"2022-12-09T17:09:00.000Z"},"country":"Denmark","OPM":1,"total_sale_volume":46.52000045776367,"rate_of_return":0.0}
{"window":{"start":"2022-12-08T18:54:00.000Z","end":"2022-12-08T18:55:00.000Z"},"country":"United Kingdom","OPM":8,"total_sale_volume":513.2200051546097,"rate_of_return":0.0}
{"window":{"start":"2022-12-09T13:22:00.000Z","end":"2022-12-09T13:23:00.000Z"},"country":"Germany","OPM":1,"total_sale_volume":29.709999084472656,"rate_of_return":0.0}
{"window":{"start":"2022-12-09T18:45:00.000Z","end":"2022-12-09T18:46:00.000Z"},"country":"Spain","OPM":1,"total_sale_volume":37.10000228881836,"rate_of_return":0.0}
{"window":{"start":"2022-12-09T23:16:00.000Z","end":"2022-12-09T23:17:00.000Z"},"country":"United Kingdom","OPM":12,"total_sale_volume":690.8699927330017,"rate_of_return":0.0}
{"window":{"start":"2022-12-09T13:38:00.000Z","end":"2022-12-09T13:39:00.000Z"},"country":"United Kingdom","OPM":14,"total_sale_volume":2457.41992521286,"rate_of_return":0.14285714285714285}
{"window":{"start":"2022-12-09T23:38:00.000Z","end":"2022-12-09T23:39:00.000Z"},"country":"Australia","OPM":1,"total_sale_volume":26.559999465942383,"rate_of_return":0.0}
{"window":{"start":"2022-12-09T16:43:00.000Z","end":"2022-12-09T16:44:00.000Z"},"country":"United Kingdom","OPM":16,"total_sale_volume":914.6200037002563,"rate_of_return":0.0625}
{"window":{"start":"2022-12-09T00:51:00.000Z","end":"2022-12-09T00:52:00.000Z"},"country":"United Kingdom","OPM":8,"total_sale_volume":412.9299964904785,"rate_of_return":0.125}
{"window":{"start":"2022-12-08T10:40:00.000Z","end":"2022-12-08T10:41:00.000Z"},"country":"France","OPM":1,"total_sale_volume":27.14000129699707,"rate_of_return":0.0}
{"window":{"start":"2022-12-09T03:45:00.000Z","end":"2022-12-09T03:46:00.000Z"},"country":"Switzerland","OPM":1,"total_sale_volume":19.05000114440918,"rate_of_return":0.0}
{"window":{"start":"2022-12-09T18:40:00.000Z","end":"2022-12-09T18:41:00.000Z"},"country":"France","OPM":1,"total_sale_volume":164.13999938964844,"rate_of_return":0.0}
{"window":{"start":"2022-12-08T15:32:00.000Z","end":"2022-12-08T15:33:00.000Z"},"country":"United Kingdom","OPM":13,"total_sale_volume":619.4700093269348,"rate_of_return":0.0}
{"window":{"start":"2022-12-09T06:04:00.000Z","end":"2022-12-09T06:05:00.000Z"},"country":"United Kingdom","OPM":15,"total_sale_volume":1107.2600059509277,"rate_of_return":0.0}
{"window":{"start":"2022-12-09T15:12:00.000Z","end":"2022-12-09T15:13:00.000Z"},"country":"Spain","OPM":1,"total_sale_volume":101.51000213623047,"rate_of_return":0.0}
{"window":{"start":"2022-12-09T21:26:00.000Z","end":"2022-12-09T21:27:00.000Z"},"country":"United Kingdom","OPM":9,"total_sale_volume":764.6600015163422,"rate_of_return":0.0}
{"window":{"start":"2022-12-08T09:07:00.000Z","end":"2022-12-08T09:08:00.000Z"},"country":"United Kingdom","OPM":11,"total_sale_volume":578.5899882316589,"rate_of_return":0.09090909090909091}
{"window":{"start":"2022-12-09T21:21:00.000Z","end":"2022-12-09T21:22:00.000Z"},"country":"United Kingdom","OPM":12,"total_sale_volume":768.7599985599518,"rate_of_return":0.08333333333333333}
{"window":{"start":"2022-12-09T01:02:00.000Z","end":"2022-12-09T01:03:00.000Z"},"country":"United Kingdom","OPM":12,"total_sale_volume":1292.169997215271,"rate_of_return":0.0}
{"window":{"start":"2022-12-09T21:44:00.000Z","end":"2022-12-09T21:45:00.000Z"},"country":"Japan","OPM":1,"total_sale_volume":75.44999694824219,"rate_of_return":0.0}
