{"window":{"start":"2022-12-08T20:41:00.000Z","end":"2022-12-08T20:42:00.000Z"},"country":"France","OPM":1,"total_sale_volume":43.54999923706055,"rate_of_return":0.0}
{"window":{"start":"2022-12-09T17:22:00.000Z","end":"2022-12-09T17:23:00.000Z"},"country":"Portugal","OPM":1,"total_sale_volume":240.99998474121094,"rate_of_return":0.0}
{"window":{"start":"2022-12-09T19:44:00.000Z","end":"2022-12-09T19:45:00.000Z"},"country":"United Kingdom","OPM":4,"total_sale_volume":169.01999855041504,"rate_of_return":0.0}
{"window":{"start":"2022-12-09T05:41:00.000Z","end":"2022-12-09T05:42:00.000Z"},"country":"Spain","OPM":1,"total_sale_volume":38.44999694824219,"rate_of_return":0.0}
{"window":{"start":"2022-12-09T20:25:00.000Z","end":"2022-12-09T20:26:00.000Z"},"country":"France","OPM":1,"total_sale_volume":10.899999618530273,"rate_of_return":0.0}
{"window":{"start":"2022-12-09T17:27:00.000Z","end":"2022-12-09T17:28:00.000Z"},"country":"Portugal","OPM":1,"total_sale_volume":298.1099853515625,"rate_of_return":0.0}
{"window":{"start":"2022-12-08T16:00:00.000Z","end":"2022-12-08T16:01:00.000Z"},"country":"France","OPM":1,"total_sale_volume":27.040000915527344,"rate_of_return":0.0}
{"window":{"start":"2022-12-09T22:22:00.000Z","end":"2022-12-09T22:23:00.000Z"},"country":"Germany","OPM":2,"total_sale_volume":84.19999885559082,"rate_of_return":0.0}
{"window":{"start":"2022-12-08T21:30:00.000Z","end":"2022-12-08T21:31:00.000Z"},"country":"Portugal","OPM":1,"total_sale_volume":1.100000023841858,"rate_of_return":0.0}
{"window":{"start":"2022-12-09T03:15:00.000Z","end":"2022-12-09T03:16:00.000Z"},"country":"United Kingdom","OPM":15,"total_sale_volume":2941.7800419330597,"rate_of_return":0.0}
{"window":{"start":"2022-12-08T17:37:00.000Z","end":"2022-12-08T17:38:00.000Z"},"country":"Germany","OPM":1,"total_sale_volume":14.69999885559082,"rate_of_return":0.0}
{"window":{"start":"2022-12-08T23:53:00.000Z","end":"2022-12-08T23:54:00.000Z"},"country":"United Kingdom","OPM":9,"total_sale_volume":906.2500197887421,"rate_of_return":0.0}
{"window":{"start":"2022-12-09T11:15:00.000Z","end":"2022-12-09T11:16:00.000Z"},"country":"Germany","OPM":1,"total_sale_volume":17.53999900817871,"rate_of_return":0.0}
{"window":{"start":"2022-12-09T18:13:00.000Z","end":"2022-12-09T18:14:00.000Z"},"country":"Germany","OPM":1,"total_sale_volume":4.980000019073486,"rate_of_return":0.0}
{"window":{"start":"2022-12-09T22:38:00.000Z","end":"2022-12-09T22:39:00.000Z"},"country":"United Kingdom","OPM":6,"total_sale_volume":779.6599769592285,"rate_of_return":0.0}
{"window":{"start":"2022-12-09T16:36:00.000Z","end":"2022-12-09T16:37:00.000Z"},"country":"United Kingdom","OPM":12,"total_sale_volume":1955.2099876403809,"rate_of_return":0.08333333333333333}
{"window":{"start":"2022-12-08T11:03:00.000Z","end":"2022-12-08T11:04:00.000Z"},"country":"United Kingdom","OPM":10,"total_sale_volume":1168.8500204384327,"rate_of_return":0.0}
{"window":{"start":"2022-12-08T09:32:00.000Z","end":"2022-12-08T09:33:00.000Z"},"country":"United Kingdom","OPM":14,"total_sale_volume":1970.019907951355,"rate_of_return":0.07142857142857142}
{"window":{"start":"2022-12-08T10:56:00.000Z","end":"2022-12-08T10:57:00.000Z"},"country":"Channel Islands","OPM":1,"total_sale_volume":41.56999969482422,"rate_of_return":0.0}
{"window":{"start":"2022-12-08T23:25:00.000Z","end":"2022-12-08T23:26:00.000Z"},"country":"United Kingdom","OPM":12,"total_sale_volume":1057.1700134277344,"rate_of_return":0.0}
{"window":{"start":"2022-12-08T08:53:00.000Z","end":"2022-12-08T08:54:00.000Z"},"country":"EIRE","OPM":2,"total_sale_volume":5.450000047683716,"rate_of_return":0.0}
