{"window":{"start":"2022-12-09T02:19:00.000Z","end":"2022-12-09T02:20:00.000Z"},"country":"Germany","OPM":1,"total_sale_volume":16.5,"rate_of_return":0.0}
{"window":{"start":"2022-12-09T10:16:00.000Z","end":"2022-12-09T10:17:00.000Z"},"country":"United Kingdom","OPM":5,"total_sale_volume":414.2599892616272,"rate_of_return":0.0}
{"window":{"start":"2022-12-08T18:04:00.000Z","end":"2022-12-08T18:05:00.000Z"},"country":"United Kingdom","OPM":12,"total_sale_volume":387.7300169467926,"rate_of_return":0.08333333333333333}
{"window":{"start":"2022-12-08T15:47:00.000Z","end":"2022-12-08T15:48:00.000Z"},"country":"France","OPM":1,"total_sale_volume":-11.25,"rate_of_return":1.0}
{"window":{"start":"2022-12-09T00:02:00.000Z","end":"2022-12-09T00:03:00.000Z"},"country":"United Kingdom","OPM":9,"total_sale_volume":836.5300054550171,"rate_of_return":0.0}
{"window":{"start":"2022-12-08T18:25:00.000Z","end":"2022-12-08T18:26:00.000Z"},"country":"EIRE","OPM":1,"total_sale_volume":114.30000305175781,"rate_of_return":0.0}
{"window":{"start":"2022-12-09T15:30:00.000Z","end":"2022-12-09T15:31:00.000Z"},"country":"United Kingdom","OPM":11,"total_sale_volume":1959.219969511032,"rate_of_return":0.0}
{"window":{"start":"2022-12-08T09:47:00.000Z","end":"2022-12-08T09:48:00.000Z"},"country":"United Kingdom","OPM":13,"total_sale_volume":1250.9100148677826,"rate_of_return":0.15384615384615385}
{"window":{"start":"2022-12-09T23:38:00.000Z","end":"2022-12-09T23:39:00.000Z"},"country":"Netherlands","OPM":1,"total_sale_volume":27.599998474121094,"rate_of_return":0.0}
{"window":{"start":"2022-12-09T11:59:00.000Z","end":"2022-12-09T12:00:00.000Z"},"country":"Switzerland","OPM":1,"total_sale_volume":80.73999786376953,"rate_of_return":0.0}
{"window":{"start":"2022-12-09T17:47:00.000Z","end":"2022-12-09T17:48:00.000Z"},"country":"Austria","OPM":1,"total_sale_volume":85.38999938964844,"rate_of_return":0.0}
{"window":{"start":"2022-12-09T20:36:00.000Z","end":"2022-12-09T20:37:00.000Z"},"country":"Denmark","OPM":1,"total_sale_volume":2.549999952316284,"rate_of_return":0.0}
{"window":{"start":"2022-12-09T01:55:00.000Z","end":"2022-12-09T01:56:00.000Z"},"country":"United Kingdom","OPM":7,"total_sale_volume":727.2799758911133,"rate_of_return":0.0}
{"window":{"start":"2022-12-09T01:16:00.000Z","end":"2022-12-09T01:17:00.000Z"},"country":"Germany","OPM":1,"total_sale_volume":124.61000061035156,"rate_of_return":0.0}
{"window":{"start":"2022-12-09T07:27:00.000Z","end":"2022-12-09T07:28:00.000Z"},"country":"United Kingdom","OPM":4,"total_sale_volume":37.11000108718872,"rate_of_return":0.0}
{"window":{"start":"2022-12-09T04:21:00.000Z","end":"2022-12-09T04:22:00.000Z"},"country":"United Kingdom","OPM":8,"total_sale_volume":345.15999937057495,"rate_of_return":0.0}
{"window":{"start":"2022-12-08T16:52:00.000Z","end":"2022-12-08T16:53:00.000Z"},"country":"France","OPM":1,"total_sale_volume":2.5999999046325684,"rate_of_return":0.0}
{"window":{"start":"2022-12-08T15:50:00.000Z","end":"2022-12-08T15:51:00.000Z"},"country":"United Kingdom","OPM":7,"total_sale_volume":773.8899936676025,"rate_of_return":0.14285714285714285}
{"window":{"start":"2022-12-09T06:42:00.000Z","end":"2022-12-09T06:43:00.000Z"},"country":"France","OPM":1,"total_sale_volume":2.4600000381469727,"rate_of_return":0.0}
{"window":{"start":"2022-12-09T15:43:00.000Z","end":"2022-12-09T15:44:00.000Z"},"country":"Germany","OPM":2,"total_sale_volume":185.66999053955078,"rate_of_return":0.0}
{"window":{"start":"2022-12-09T17:26:00.000Z","end":"2022-12-09T17:27:00.000Z"},"country":"Germany","OPM":1,"total_sale_volume":37.43000030517578,"rate_of_return":0.0}
{"window":{"start":"2022-12-09T17:20:00.000Z","end":"2022-12-09T17:21:00.000Z"},"country":"France","OPM":1,"total_sale_volume":107.07999420166016,"rate_of_return":0.0}
{"window":{"start":"2022-12-09T14:44:00.000Z","end":"2022-12-09T14:45:00.000Z"},"country":"United Kingdom","OPM":8,"total_sale_volume":832.6399563550949,"rate_of_return":0.125}
{"window":{"start":"2022-12-09T15:22:00.000Z","end":"2022-12-09T15:23:00.000Z"},"country":"United Kingdom","OPM":6,"total_sale_volume":344.8199939727783,"rate_of_return":0.0}
{"window":{"start":"2022-12-09T09:29:00.000Z","end":"2022-12-09T09:30:00.000Z"},"country":"United Kingdom","OPM":7,"total_sale_volume":318.5500011444092,"rate_of_return":0.0}
