{"window":{"start":"2022-12-09T12:53:00.000Z","end":"2022-12-09T12:54:00.000Z"},"country":"United Kingdom","OPM":7,"total_sale_volume":166.4200038909912,"rate_of_return":0.0}
{"window":{"start":"2022-12-08T18:25:00.000Z","end":"2022-12-08T18:26:00.000Z"},"country":"Spain","OPM":1,"total_sale_volume":12.960000038146973,"rate_of_return":0.0}
{"window":{"start":"2022-12-08T10:48:00.000Z","end":"2022-12-08T10:49:00.000Z"},"country":"United Kingdom","OPM":14,"total_sale_volume":329.93998646736145,"rate_of_return":0.14285714285714285}
{"window":{"start":"2022-12-09T10:27:00.000Z","end":"2022-12-09T10:28:00.000Z"},"country":"Denmark","OPM":1,"total_sale_volume":-48.79999923706055,"rate_of_return":1.0}
{"window":{"start":"2022-12-09T13:59:00.000Z","end":"2022-12-09T14:00:00.000Z"},"country":"Netherlands","OPM":1,"total_sale_volume":22.31999969482422,"rate_of_return":0.0}
{"window":{"start":"2022-12-08T09:13:00.000Z","end":"2022-12-08T09:14:00.000Z"},"country":"United Kingdom","OPM":15,"total_sale_volume":424.7099984884262,"rate_of_return":0.06666666666666667}
{"window":{"start":"2022-12-08T14:27:00.000Z","end":"2022-12-08T14:28:00.000Z"},"country":"Switzerland","OPM":1,"total_sale_volume":15.859999656677246,"rate_of_return":0.0}
{"window":{"start":"2022-12-09T11:35:00.000Z","end":"2022-12-09T11:36:00.000Z"},"country":"United Kingdom","OPM":6,"total_sale_volume":1742.3099579811096,"rate_of_return":0.0}
{"window":{"start":"2022-12-08T09:28:00.000Z","end":"2022-12-08T09:29:00.000Z"},"country":"United Kingdom","OPM":9,"total_sale_volume":959.5999822616577,"rate_of_return":0.0}
{"window":{"start":"2022-12-09T05:10:00.000Z","end":"2022-12-09T05:11:00.000Z"},"country":"France","OPM":1,"total_sale_volume":100.17999267578125,"rate_of_return":0.0}
{"window":{"start":"2022-12-09T22:43:00.000Z","end":"2022-12-09T22:44:00.000Z"},"country":"United Kingdom","OPM":11,"total_sale_volume":264.64000129699707,"rate_of_return":0.09090909090909091}
{"window":{"start":"2022-12-09T19:46:00.000Z","end":"2022-12-09T19:47:00.000Z"},"country":"Sweden","OPM":1,"total_sale_volume":23.0,"rate_of_return":0.0}
{"window":{"start":"2022-12-09T09:35:00.000Z","end":"2022-12-09T09:36:00.000Z"},"country":"United Kingdom","OPM":11,"total_sale_volume":602.6999889612198,"rate_of_return":0.09090909090909091}
{"window":{"start":"2022-12-09T01:36:00.000Z","end":"2022-12-09T01:37:00.000Z"},"country":"United Kingdom","OPM":10,"total_sale_volume":220.72999835014343,"rate_of_return":0.0}
{"window":{"start":"2022-12-09T07:37:00.000Z","end":"2022-12-09T07:38:00.000Z"},"country":"United Kingdom","OPM":12,"total_sale_volume":211.4299818277359,"rate_of_return":0.16666666666666666}
{"window":{"start":"2022-12-09T23:15:00.000Z","end":"2022-12-09T23:16:00.000Z"},"country":"United Kingdom","OPM":10,"total_sale_volume":456.08999013900757,"rate_of_return":0.1}
{"window":{"start":"2022-12-08T23:14:00.000Z","end":"2022-12-08T23:15:00.000Z"},"country":"Netherlands","OPM":1,"total_sale_volume":12.600000381469727,"rate_of_return":0.0}
{"window":{"start":"2022-12-08T11:53:00.000Z","end":"2022-12-08T11:54:00.000Z"},"country":"France","OPM":1,"total_sale_volume":64.5999984741211,"rate_of_return":0.0}
{"window":{"start":"2022-12-08T13:35:00.000Z","end":"2022-12-08T13:36:00.000Z"},"country":"United Kingdom","OPM":10,"total_sale_volume":721.8600074052811,"rate_of_return":0.0}
{"window":{"start":"2022-12-08T21:43:00.000Z","end":"2022-12-08T21:44:00.000Z"},"country":"Austria","OPM":1,"total_sale_volume":80.05999755859375,"rate_of_return":0.0}
{"window":{"start":"2022-12-09T12:19:00.000Z","end":"2022-12-09T12:20:00.000Z"},"country":"United Kingdom","OPM":10,"total_sale_volume":388.8400013446808,"rate_of_return":0.1}
{"window":{"start":"2022-12-09T17:27:00.000Z","end":"2022-12-09T17:28:00.000Z"},"country":"United Kingdom","OPM":11,"total_sale_volume":1033.5699834823608,"rate_of_return":0.0}
{"window":{"start":"2022-12-08T18:26:00.000Z","end":"2022-12-08T18:27:00.000Z"},"country":"Germany","OPM":1,"total_sale_volume":7.5,"rate_of_return":0.0}
{"window":{"start":"2022-12-08T21:04:00.000Z","end":"2022-12-08T21:05:00.000Z"},"country":"Singapore","OPM":1,"total_sale_volume":50.47999954223633,"rate_of_return":0.0}
{"window":{"start":"2022-12-09T16:35:00.000Z","end":"2022-12-09T16:36:00.000Z"},"country":"Spain","OPM":1,"total_sale_volume":42.619998931884766,"rate_of_return":0.0}
{"window":{"start":"2022-12-09T08:08:00.000Z","end":"2022-12-09T08:09:00.000Z"},"country":"United Kingdom","OPM":8,"total_sale_volume":231.18001174926758,"rate_of_return":0.125}
