{"window":{"start":"2022-12-09T08:53:00.000Z","end":"2022-12-09T08:54:00.000Z"},"country":"United Kingdom","OPM":8,"total_sale_volume":134.71000289916992,"rate_of_return":0.25}
{"window":{"start":"2022-12-09T09:04:00.000Z","end":"2022-12-09T09:05:00.000Z"},"country":"United Kingdom","OPM":10,"total_sale_volume":610.3599910736084,"rate_of_return":0.0}
{"window":{"start":"2022-12-08T21:48:00.000Z","end":"2022-12-08T21:49:00.000Z"},"country":"Germany","OPM":1,"total_sale_volume":21.44999885559082,"rate_of_return":0.0}
{"window":{"start":"2022-12-09T23:07:00.000Z","end":"2022-12-09T23:08:00.000Z"},"country":"Germany","OPM":1,"total_sale_volume":10.5,"rate_of_return":0.0}
{"window":{"start":"2022-12-08T13:33:00.000Z","end":"2022-12-08T13:34:00.000Z"},"country":"United Kingdom","OPM":13,"total_sale_volume":582.4799959659576,"rate_of_return":0.0}
{"window":{"start":"2022-12-09T22:18:00.000Z","end":"2022-12-09T22:19:00.000Z"},"country":"United Kingdom","OPM":6,"total_sale_volume":113.54000091552734,"rate_of_return":0.16666666666666666}
{"window":{"start":"2022-12-09T14:42:00.000Z","end":"2022-12-09T14:43:00.000Z"},"country":"United Kingdom","OPM":14,"total_sale_volume":2090.840015411377,"rate_of_return":0.0}
{"window":{"start":"2022-12-09T15:10:00.000Z","end":"2022-12-09T15:11:00.000Z"},"country":"United Kingdom","OPM":13,"total_sale_volume":552.6199884414673,"rate_of_return":0.15384615384615385}
{"window":{"start":"2022-12-09T18:37:00.000Z","end":"2022-12-09T18:38:00.000Z"},"country":"Germany","OPM":1,"total_sale_volume":27.30000114440918,"rate_of_return":0.0}
{"window":{"start":"2022-12-08T11:00:00.000Z","end":"2022-12-08T11:01:00.000Z"},"country":"United Kingdom","OPM":15,"total_sale_volume":1988.730019569397,"rate_of_return":0.0}
{"window":{"start":"2022-12-08T16:17:00.000Z","end":"2022-12-08T16:18:00.000Z"},"country":"United Kingdom","OPM":13,"total_sale_volume":1260.2499895095825,"rate_of_return":0.0}
{"window":{"start":"2022-12-09T09:02:00.000Z","end":"2022-12-09T09:03:00.000Z"},"country":"United Kingdom","OPM":8,"total_sale_volume":600.2899894714355,"rate_of_return":0.0}
{"window":{"start":"2022-12-09T22:26:00.000Z","end":"2022-12-09T22:27:00.000Z"},"country":"United Kingdom","OPM":8,"total_sale_volume":211.53999304771423,"rate_of_return":0.125}
{"window":{"start":"2022-12-09T07:34:00.000Z","end":"2022-12-09T07:35:00.000Z"},"country":"United Kingdom","OPM":9,"total_sale_volume":689.9800224304199,"rate_of_return":0.2222222222222222}
{"window":{"start":"2022-12-08T11:43:00.000Z","end":"2022-12-08T11:44:00.000Z"},"country":"United Kingdom","OPM":11,"total_sale_volume":1331.2999799251556,"rate_of_return":0.09090909090909091}
{"window":{"start":"2022-12-08T13:41:00.000Z","end":"2022-12-08T13:42:00.000Z"},"country":"United Kingdom","OPM":6,"total_sale_volume":335.20000076293945,"rate_of_return":0.0}
{"window":{"start":"2022-12-09T12:16:00.000Z","end":"2022-12-09T12:17:00.000Z"},"country":"France","OPM":1,"total_sale_volume":46.209999084472656,"rate_of_return":0.0}
