{"window":{"start":"2022-12-09T03:40:00.000Z","end":"2022-12-09T03:41:00.000Z"},"country":"France","OPM":1,"total_sale_volume":35.81999969482422,"rate_of_return":0.0}
{"window":{"start":"2022-12-09T12:20:00.000Z","end":"2022-12-09T12:21:00.000Z"},"country":"United Kingdom","OPM":12,"total_sale_volume":534.8899937868118,"rate_of_return":0.0}
{"window":{"start":"2022-12-09T02:36:00.000Z","end":"2022-12-09T02:37:00.000Z"},"country":"United Kingdom","OPM":10,"total_sale_volume":809.8900080323219,"rate_of_return":0.0}
{"window":{"start":"2022-12-09T11:04:00.000Z","end":"2022-12-09T11:05:00.000Z"},"country":"United Kingdom","OPM":7,"total_sale_volume":478.87999534606934,"rate_of_return":0.0}
{"window":{"start":"2022-12-09T11:03:00.000Z","end":"2022-12-09T11:04:00.000Z"},"country":"Finland","OPM":1,"total_sale_volume":-55.97999954223633,"rate_of_return":1.0}
{"window":{"start":"2022-12-09T11:50:00.000Z","end":"2022-12-09T11:51:00.000Z"},"country":"United Kingdom","OPM":16,"total_sale_volume":770.7300128936768,"rate_of_return":0.0}
{"window":{"start":"2022-12-09T21:28:00.000Z","end":"2022-12-09T21:29:00.000Z"},"country":"Channel Islands","OPM":1,"total_sale_volume":1.25,"rate_of_return":0.0}
{"window":{"start":"2022-12-08T12:39:00.000Z","end":"2022-12-08T12:40:00.000Z"},"country":"United Kingdom","OPM":14,"total_sale_volume":575.4000158309937,"rate_of_return":0.14285714285714285}
{"window":{"start":"2022-12-09T03:19:00.000Z","end":"2022-12-09T03:20:00.000Z"},"country":"France","OPM":1,"total_sale_volume":43.72999954223633,"rate_of_return":0.0}
{"window":{"start":"2022-12-09T09:49:00.000Z","end":"2022-12-09T09:50:00.000Z"},"country":"United Kingdom","OPM":7,"total_sale_volume":250.5599946975708,"rate_of_return":0.0}
{"window":{"start":"2022-12-09T14:00:00.000Z","end":"2022-12-09T14:01:00.000Z"},"country":"France","OPM":1,"total_sale_volume":14.300000190734863,"rate_of_return":0.0}
{"window":{"start":"2022-12-09T11:41:00.000Z","end":"2022-12-09T11:42:00.000Z"},"country":"United Kingdom","OPM":9,"total_sale_volume":154.65999841690063,"rate_of_return":0.1111111111111111}
{"window":{"start":"2022-12-09T17:08:00.000Z","end":"2022-12-09T17:09:00.000Z"},"country":"United Kingdom","OPM":5,"total_sale_volume":206.26000022888184,"rate_of_return":0.2}
{"window":{"start":"2022-12-09T01:12:00.000Z","end":"2022-12-09T01:13:00.000Z"},"country":"EIRE","OPM":1,"total_sale_volume":15.0,"rate_of_return":0.0}
{"window":{"start":"2022-12-08T14:35:00.000Z","end":"2022-12-08T14:36:00.000Z"},"country":"United Kingdom","OPM":9,"total_sale_volume":425.1200098991394,"rate_of_return":0.2222222222222222}
{"window":{"start":"2022-12-08T17:33:00.000Z","end":"2022-12-08T17:34:00.000Z"},"country":"United Kingdom","OPM":10,"total_sale_volume":760.1999778747559,"rate_of_return":0.0}
{"window":{"start":"2022-12-09T11:16:00.000Z","end":"2022-12-09T11:17:00.000Z"},"country":"Belgium","OPM":1,"total_sale_volume":8.350000381469727,"rate_of_return":0.0}
{"window":{"start":"2022-12-09T03:35:00.000Z","end":"2022-12-09T03:36:00.000Z"},"country":"Germany","OPM":1,"total_sale_volume":13.520000457763672,"rate_of_return":0.0}
{"window":{"start":"2022-12-09T07:10:00.000Z","end":"2022-12-09T07:11:00.000Z"},"country":"Germany","OPM":1,"total_sale_volume":59.52000045776367,"rate_of_return":0.0}
