{"window":{"start":"2022-12-09T15:25:00.000Z","end":"2022-12-09T15:26:00.000Z"},"country":"Singapore","OPM":1,"total_sale_volume":66.68000030517578,"rate_of_return":0.0}
{"window":{"start":"2022-12-09T12:41:00.000Z","end":"2022-12-09T12:42:00.000Z"},"country":"United Kingdom","OPM":15,"total_sale_volume":1009.8599939346313,"rate_of_return":0.06666666666666667}
{"window":{"start":"2022-12-08T17:17:00.000Z","end":"2022-12-08T17:18:00.000Z"},"country":"United Kingdom","OPM":8,"total_sale_volume":553.1000003814697,"rate_of_return":0.0}
{"window":{"start":"2022-12-09T00:29:00.000Z","end":"2022-12-09T00:30:00.000Z"},"country":"France","OPM":1,"total_sale_volume":5.019999980926514,"rate_of_return":0.0}
{"window":{"start":"2022-12-09T03:57:00.000Z","end":"2022-12-09T03:58:00.000Z"},"country":"United Kingdom","OPM":4,"total_sale_volume":158.72000312805176,"rate_of_return":0.0}
{"window":{"start":"2022-12-09T10:12:00.000Z","end":"2022-12-09T10:13:00.000Z"},"country":"Germany","OPM":1,"total_sale_volume":30.560001373291016,"rate_of_return":0.0}
{"window":{"start":"2022-12-09T16:10:00.000Z","end":"2022-12-09T16:11:00.000Z"},"country":"United Kingdom","OPM":8,"total_sale_volume":485.51000118255615,"rate_of_return":0.125}
{"window":{"start":"2022-12-09T01:31:00.000Z","end":"2022-12-09T01:32:00.000Z"},"country":"USA","OPM":1,"total_sale_volume":3.75,"rate_of_return":0.0}
{"window":{"start":"2022-12-08T12:15:00.000Z","end":"2022-12-08T12:16:00.000Z"},"country":"EIRE","OPM":1,"total_sale_volume":52.12000274658203,"rate_of_return":0.0}
{"window":{"start":"2022-12-09T15:38:00.000Z","end":"2022-12-09T15:39:00.000Z"},"country":"United Kingdom","OPM":4,"total_sale_volume":274.30000019073486,"rate_of_return":0.0}
{"window":{"start":"2022-12-09T22:35:00.000Z","end":"2022-12-09T22:36:00.000Z"},"country":"United Kingdom","OPM":6,"total_sale_volume":110.63999843597412,"rate_of_return":0.16666666666666666}
{"window":{"start":"2022-12-08T10:09:00.000Z","end":"2022-12-08T10:10:00.000Z"},"country":"Germany","OPM":1,"total_sale_volume":-21.560001373291016,"rate_of_return":1.0}
{"window":{"start":"2022-12-08T10:09:00.000Z","end":"2022-12-08T10:10:00.000Z"},"country":"Cyprus","OPM":1,"total_sale_volume":19.920000076293945,"rate_of_return":0.0}
{"window":{"start":"2022-12-09T00:46:00.000Z","end":"2022-12-09T00:47:00.000Z"},"country":"Portugal","OPM":1,"total_sale_volume":62.720001220703125,"rate_of_return":0.0}
{"window":{"start":"2022-12-09T11:17:00.000Z","end":"2022-12-09T11:18:00.000Z"},"country":"United Kingdom","OPM":8,"total_sale_volume":559.9500074386597,"rate_of_return":0.0}
{"window":{"start":"2022-12-08T17:55:00.000Z","end":"2022-12-08T17:56:00.000Z"},"country":"United Kingdom","OPM":14,"total_sale_volume":3946.750129699707,"rate_of_return":0.07142857142857142}
{"window":{"start":"2022-12-09T12:48:00.000Z","end":"2022-12-09T12:49:00.000Z"},"country":"United Kingdom","OPM":4,"total_sale_volume":238.61000061035156,"rate_of_return":0.0}
{"window":{"start":"2022-12-09T12:47:00.000Z","end":"2022-12-09T12:48:00.000Z"},"country":"Germany","OPM":1,"total_sale_volume":38.5,"rate_of_return":0.0}
{"window":{"start":"2022-12-08T13:54:00.000Z","end":"2022-12-08T13:55:00.000Z"},"country":"Germany","OPM":1,"total_sale_volume":46.0,"rate_of_return":0.0}
{"window":{"start":"2022-12-08T20:41:00.000Z","end":"2022-12-08T20:42:00.000Z"},"country":"United Kingdom","OPM":9,"total_sale_volume":588.0799894332886,"rate_of_return":0.0}
{"window":{"start":"2022-12-08T20:10:00.000Z","end":"2022-12-08T20:11:00.000Z"},"country":"United Kingdom","OPM":12,"total_sale_volume":876.0199844837189,"rate_of_return":0.16666666666666666}
{"window":{"start":"2022-12-09T00:53:00.000Z","end":"2022-12-09T00:54:00.000Z"},"country":"United Kingdom","OPM":12,"total_sale_volume":534.9800071716309,"rate_of_return":0.08333333333333333}
{"window":{"start":"2022-12-09T09:56:00.000Z","end":"2022-12-09T09:57:00.000Z"},"country":"United Kingdom","OPM":7,"total_sale_volume":594.5200119018555,"rate_of_return":0.0}
{"window":{"start":"2022-12-08T09:11:00.000Z","end":"2022-12-08T09:12:00.000Z"},"country":"United Kingdom","OPM":9,"total_sale_volume":398.91999793052673,"rate_of_return":0.0}
{"window":{"start":"2022-12-09T14:05:00.000Z","end":"2022-12-09T14:06:00.000Z"},"country":"Australia","OPM":1,"total_sale_volume":155.8300018310547,"rate_of_return":0.0}
{"window":{"start":"2022-12-08T20:17:00.000Z","end":"2022-12-08T20:18:00.000Z"},"country":"United Kingdom","OPM":5,"total_sale_volume":119.82999983429909,"rate_of_return":0.0}
{"window":{"start":"2022-12-09T05:39:00.000Z","end":"2022-12-09T05:40:00.000Z"},"country":"Finland","OPM":1,"total_sale_volume":46.5,"rate_of_return":0.0}
{"window":{"start":"2022-12-09T01:00:00.000Z","end":"2022-12-09T01:01:00.000Z"},"country":"United Kingdom","OPM":10,"total_sale_volume":516.8999862670898,"rate_of_return":0.1}
{"window":{"start":"2022-12-08T22:23:00.000Z","end":"2022-12-08T22:24:00.000Z"},"country":"United Kingdom","OPM":7,"total_sale_volume":172.7900025844574,"rate_of_return":0.0}
{"window":{"start":"2022-12-08T09:17:00.000Z","end":"2022-12-08T09:18:00.000Z"},"country":"Germany","OPM":1,"total_sale_volume":704.7799682617188,"rate_of_return":0.0}
{"window":{"start":"2022-12-08T17:04:00.000Z","end":"2022-12-08T17:05:00.000Z"},"country":"United Kingdom","OPM":9,"total_sale_volume":537.3900120258331,"rate_of_return":0.0}
{"window":{"start":"2022-12-08T12:36:00.000Z","end":"2022-12-08T12:37:00.000Z"},"country":"United Kingdom","OPM":12,"total_sale_volume":368.79999709129333,"rate_of_return":0.16666666666666666}
{"window":{"start":"2022-12-08T14:08:00.000Z","end":"2022-12-08T14:09:00.000Z"},"country":"United Kingdom","OPM":6,"total_sale_volume":3275.360050201416,"rate_of_return":0.0}
