{"window":{"start":"2022-12-09T02:13:00.000Z","end":"2022-12-09T02:14:00.000Z"},"country":"United Kingdom","OPM":9,"total_sale_volume":473.1300059556961,"rate_of_return":0.0}
{"window":{"start":"2022-12-09T15:27:00.000Z","end":"2022-12-09T15:28:00.000Z"},"country":"United Kingdom","OPM":6,"total_sale_volume":873.9299986362457,"rate_of_return":0.0}
{"window":{"start":"2022-12-09T09:02:00.000Z","end":"2022-12-09T09:03:00.000Z"},"country":"France","OPM":1,"total_sale_volume":53.15999984741211,"rate_of_return":0.0}
{"window":{"start":"2022-12-09T20:19:00.000Z","end":"2022-12-09T20:20:00.000Z"},"country":"EIRE","OPM":1,"total_sale_volume":88.88999938964844,"rate_of_return":0.0}
{"window":{"start":"2022-12-09T03:17:00.000Z","end":"2022-12-09T03:18:00.000Z"},"country":"Germany","OPM":2,"total_sale_volume":409.8399963378906,"rate_of_return":0.0}
{"window":{"start":"2022-12-09T20:40:00.000Z","end":"2022-12-09T20:41:00.000Z"},"country":"Australia","OPM":1,"total_sale_volume":42.20000076293945,"rate_of_return":0.0}
{"window":{"start":"2022-12-08T09:55:00.000Z","end":"2022-12-08T09:56:00.000Z"},"country":"France","OPM":2,"total_sale_volume":41.65999889373779,"rate_of_return":0.0}
{"window":{"start":"2022-12-08T19:24:00.000Z","end":"2022-12-08T19:25:00.000Z"},"country":"Germany","OPM":1,"total_sale_volume":52.7400016784668,"rate_of_return":0.0}
{"window":{"start":"2022-12-09T11:26:00.000Z","end":"2022-12-09T11:27:00.000Z"},"country":"United Kingdom","OPM":8,"total_sale_volume":523.1499862670898,"rate_of_return":0.0}
{"window":{"start":"2022-12-09T16:06:00.000Z","end":"2022-12-09T16:07:00.000Z"},"country":"United Kingdom","OPM":5,"total_sale_volume":542.21999168396,"rate_of_return":0.0}
{"window":{"start":"2022-12-09T23:31:00.000Z","end":"2022-12-09T23:32:00.000Z"},"country":"United Kingdom","OPM":8,"total_sale_volume":696.3899803161621,"rate_of_return":0.125}
{"window":{"start":"2022-12-09T02:40:00.000Z","end":"2022-12-09T02:41:00.000Z"},"country":"EIRE","OPM":1,"total_sale_volume":27.40999984741211,"rate_of_return":0.0}
{"window":{"start":"2022-12-09T16:01:00.000Z","end":"2022-12-09T16:02:00.000Z"},"country":"United Kingdom","OPM":2,"total_sale_volume":-18.250000953674316,"rate_of_return":0.5}
{"window":{"start":"2022-12-09T22:41:00.000Z","end":"2022-12-09T22:42:00.000Z"},"country":"United Kingdom","OPM":9,"total_sale_volume":233.37000012397766,"rate_of_return":0.1111111111111111}
{"window":{"start":"2022-12-08T17:07:00.000Z","end":"2022-12-08T17:08:00.000Z"},"country":"United Kingdom","OPM":8,"total_sale_volume":266.7299995422363,"rate_of_return":0.125}
{"window":{"start":"2022-12-08T19:10:00.000Z","end":"2022-12-08T19:11:00.000Z"},"country":"United Kingdom","OPM":7,"total_sale_volume":447.05999755859375,"rate_of_return":0.0}
{"window":{"start":"2022-12-08T13:05:00.000Z","end":"2022-12-08T13:06:00.000Z"},"country":"United Kingdom","OPM":4,"total_sale_volume":413.9099906682968,"rate_of_return":0.0}
{"window":{"start":"2022-12-09T04:24:00.000Z","end":"2022-12-09T04:25:00.000Z"},"country":"United Kingdom","OPM":10,"total_sale_volume":1616.3300186395645,"rate_of_return":0.0}
{"window":{"start":"2022-12-09T23:44:00.000Z","end":"2022-12-09T23:45:00.000Z"},"country":"United Kingdom","OPM":18,"total_sale_volume":1934.1400010585785,"rate_of_return":0.0}
{"window":{"start":"2022-12-08T15:53:00.000Z","end":"2022-12-08T15:54:00.000Z"},"country":"United Kingdom","OPM":9,"total_sale_volume":374.94000375270844,"rate_of_return":0.0}
{"window":{"start":"2022-12-09T16:14:00.000Z","end":"2022-12-09T16:15:00.000Z"},"country":"United Kingdom","OPM":2,"total_sale_volume":99.92999649047852,"rate_of_return":0.0}
