{"window":{"start":"2022-12-08T12:38:00.000Z","end":"2022-12-08T12:39:00.000Z"},"country":"United Kingdom","OPM":12,"total_sale_volume":509.1899910569191,"rate_of_return":0.08333333333333333}
{"window":{"start":"2022-12-08T08:48:00.000Z","end":"2022-12-08T08:49:00.000Z"},"country":"Netherlands","OPM":1,"total_sale_volume":25.96000099182129,"rate_of_return":0.0}
{"window":{"start":"2022-12-09T20:57:00.000Z","end":"2022-12-09T20:58:00.000Z"},"country":"EIRE","OPM":1,"total_sale_volume":15.789999961853027,"rate_of_return":0.0}
{"window":{"start":"2022-12-08T08:52:00.000Z","end":"2022-12-08T08:53:00.000Z"},"country":"United Kingdom","OPM":5,"total_sale_volume":91.75000190734863,"rate_of_return":0.2}
{"window":{"start":"2022-12-08T12:56:00.000Z","end":"2022-12-08T12:57:00.000Z"},"country":"United Kingdom","OPM":7,"total_sale_volume":472.43999767303467,"rate_of_return":0.0}
{"window":{"start":"2022-12-08T23:44:00.000Z","end":"2022-12-08T23:45:00.000Z"},"country":"Germany","OPM":1,"total_sale_volume":14.859999656677246,"rate_of_return":0.0}
{"window":{"start":"2022-12-09T06:54:00.000Z","end":"2022-12-09T06:55:00.000Z"},"country":"United Kingdom","OPM":8,"total_sale_volume":648.3399887084961,"rate_of_return":0.0}
{"window":{"start":"2022-12-09T09:45:00.000Z","end":"2022-12-09T09:46:00.000Z"},"country":"United Kingdom","OPM":12,"total_sale_volume":747.2799806594849,"rate_of_return":0.0}
{"window":{"start":"2022-12-09T07:26:00.000Z","end":"2022-12-09T07:27:00.000Z"},"country":"United Kingdom","OPM":9,"total_sale_volume":1094.5900266170502,"rate_of_return":0.0}
{"window":{"start":"2022-12-09T01:34:00.000Z","end":"2022-12-09T01:35:00.000Z"},"country":"United Kingdom","OPM":14,"total_sale_volume":1351.4999985694885,"rate_of_return":0.21428571428571427}
{"window":{"start":"2022-12-09T14:46:00.000Z","end":"2022-12-09T14:47:00.000Z"},"country":"United Kingdom","OPM":7,"total_sale_volume":437.8100037574768,"rate_of_return":0.0}
{"window":{"start":"2022-12-08T15:14:00.000Z","end":"2022-12-08T15:15:00.000Z"},"country":"United Kingdom","OPM":6,"total_sale_volume":541.3499994277954,"rate_of_return":0.0}
{"window":{"start":"2022-12-08T17:25:00.000Z","end":"2022-12-08T17:26:00.000Z"},"country":"United Kingdom","OPM":3,"total_sale_volume":89.04999780654907,"rate_of_return":0.0}
{"window":{"start":"2022-12-09T04:38:00.000Z","end":"2022-12-09T04:39:00.000Z"},"country":"EIRE","OPM":1,"total_sale_volume":50.099998474121094,"rate_of_return":0.0}
{"window":{"start":"2022-12-09T02:01:00.000Z","end":"2022-12-09T02:02:00.000Z"},"country":"United Kingdom","OPM":4,"total_sale_volume":336.9099931716919,"rate_of_return":0.0}
{"window":{"start":"2022-12-08T21:38:00.000Z","end":"2022-12-08T21:39:00.000Z"},"country":"United Kingdom","OPM":12,"total_sale_volume":351.96999901533127,"rate_of_return":0.16666666666666666}
{"window":{"start":"2022-12-08T08:16:00.000Z","end":"2022-12-08T08:17:00.000Z"},"country":"EIRE","OPM":1,"total_sale_volume":1.649999976158142,"rate_of_return":0.0}
{"window":{"start":"2022-12-08T22:52:00.000Z","end":"2022-12-08T22:53:00.000Z"},"country":"United Kingdom","OPM":16,"total_sale_volume":1360.2700321674347,"rate_of_return":0.0}
{"window":{"start":"2022-12-09T22:14:00.000Z","end":"2022-12-09T22:15:00.000Z"},"country":"EIRE","OPM":1,"total_sale_volume":74.4000015258789,"rate_of_return":0.0}
{"window":{"start":"2022-12-08T14:32:00.000Z","end":"2022-12-08T14:33:00.000Z"},"country":"France","OPM":1,"total_sale_volume":10.079999923706055,"rate_of_return":0.0}
{"window":{"start":"2022-12-08T20:33:00.000Z","end":"2022-12-08T20:34:00.000Z"},"country":"United Kingdom","OPM":9,"total_sale_volume":261.5099986791611,"rate_of_return":0.1111111111111111}
