{"window":{"start":"2022-12-08T17:01:00.000Z","end":"2022-12-08T17:02:00.000Z"},"country":"Portugal","OPM":1,"total_sale_volume":80.80999755859375,"rate_of_return":0.0}
{"window":{"start":"2022-12-08T12:37:00.000Z","end":"2022-12-08T12:38:00.000Z"},"country":"United Kingdom","OPM":6,"total_sale_volume":256.7299997806549,"rate_of_return":0.0}
{"window":{"start":"2022-12-09T13:19:00.000Z","end":"2022-12-09T13:20:00.000Z"},"country":"Germany","OPM":1,"total_sale_volume":27.59000015258789,"rate_of_return":0.0}
{"window":{"start":"2022-12-09T05:48:00.000Z","end":"2022-12-09T05:49:00.000Z"},"country":"United Kingdom","OPM":12,"total_sale_volume":699.2199886441231,"rate_of_return":0.16666666666666666}
{"window":{"start":"2022-12-08T15:41:00.000Z","end":"2022-12-08T15:42:00.000Z"},"country":"United Kingdom","OPM":10,"total_sale_volume":1344.399990081787,"rate_of_return":0.0}
{"window":{"start":"2022-12-08T21:52:00.000Z","end":"2022-12-08T21:53:00.000Z"},"country":"United Kingdom","OPM":7,"total_sale_volume":1937.7400298118591,"rate_of_return":0.14285714285714285}
{"window":{"start":"2022-12-08T17:26:00.000Z","end":"2022-12-08T17:27:00.000Z"},"country":"United Kingdom","OPM":5,"total_sale_volume":193.5499973297119,"rate_of_return":0.0}
{"window":{"start":"2022-12-08T10:53:00.000Z","end":"2022-12-08T10:54:00.000Z"},"country":"France","OPM":1,"total_sale_volume":462.75,"rate_of_return":0.0}
{"window":{"start":"2022-12-08T13:32:00.000Z","end":"2022-12-08T13:33:00.000Z"},"country":"France","OPM":1,"total_sale_volume":-50.630001068115234,"rate_of_return":1.0}
{"window":{"start":"2022-12-08T16:52:00.000Z","end":"2022-12-08T16:53:00.000Z"},"country":"United Kingdom","OPM":13,"total_sale_volume":421.61998105049133,"rate_of_return":0.07692307692307693}
{"window":{"start":"2022-12-09T00:48:00.000Z","end":"2022-12-09T00:49:00.000Z"},"country":"United Kingdom","OPM":3,"total_sale_volume":165.6999969482422,"rate_of_return":0.0}
{"window":{"start":"2022-12-09T20:36:00.000Z","end":"2022-12-09T20:37:00.000Z"},"country":"United Kingdom","OPM":5,"total_sale_volume":138.57999801635742,"rate_of_return":0.0}
{"window":{"start":"2022-12-09T13:12:00.000Z","end":"2022-12-09T13:13:00.000Z"},"country":"Norway","OPM":1,"total_sale_volume":33.75,"rate_of_return":0.0}
{"window":{"start":"2022-12-08T13:13:00.000Z","end":"2022-12-08T13:14:00.000Z"},"country":"United Kingdom","OPM":5,"total_sale_volume":553.6200065612793,"rate_of_return":0.0}
{"window":{"start":"2022-12-09T01:21:00.000Z","end":"2022-12-09T01:22:00.000Z"},"country":"France","OPM":1,"total_sale_volume":4.539999961853027,"rate_of_return":0.0}
{"window":{"start":"2022-12-08T22:09:00.000Z","end":"2022-12-08T22:10:00.000Z"},"country":"United Kingdom","OPM":12,"total_sale_volume":2241.529999732971,"rate_of_return":0.08333333333333333}
{"window":{"start":"2022-12-09T17:10:00.000Z","end":"2022-12-09T17:11:00.000Z"},"country":"United Kingdom","OPM":10,"total_sale_volume":1272.8499879837036,"rate_of_return":0.0}
{"window":{"start":"2022-12-08T16:11:00.000Z","end":"2022-12-08T16:12:00.000Z"},"country":"United Kingdom","OPM":5,"total_sale_volume":139.16999626159668,"rate_of_return":0.0}
{"window":{"start":"2022-12-09T16:00:00.000Z","end":"2022-12-09T16:01:00.000Z"},"country":"France","OPM":1,"total_sale_volume":-71.04999542236328,"rate_of_return":1.0}
{"window":{"start":"2022-12-09T02:53:00.000Z","end":"2022-12-09T02:54:00.000Z"},"country":"United Kingdom","OPM":9,"total_sale_volume":1848.569993019104,"rate_of_return":0.0}
{"window":{"start":"2022-12-09T10:50:00.000Z","end":"2022-12-09T10:51:00.000Z"},"country":"Germany","OPM":1,"total_sale_volume":27.200000762939453,"rate_of_return":0.0}
{"window":{"start":"2022-12-09T20:40:00.000Z","end":"2022-12-09T20:41:00.000Z"},"country":"Portugal","OPM":1,"total_sale_volume":24.09000015258789,"rate_of_return":0.0}
{"window":{"start":"2022-12-08T09:37:00.000Z","end":"2022-12-08T09:38:00.000Z"},"country":"Denmark","OPM":1,"total_sale_volume":22.809999465942383,"rate_of_return":0.0}
{"window":{"start":"2022-12-09T20:29:00.000Z","end":"2022-12-09T20:30:00.000Z"},"country":"Australia","OPM":1,"total_sale_volume":33.0,"rate_of_return":0.0}
{"window":{"start":"2022-12-09T09:57:00.000Z","end":"2022-12-09T09:58:00.000Z"},"country":"France","OPM":1,"total_sale_volume":66.0999984741211,"rate_of_return":0.0}
