{"window":{"start":"2022-12-08T15:47:00.000Z","end":"2022-12-08T15:48:00.000Z"},"country":"Austria","OPM":1,"total_sale_volume":17.400001525878906,"rate_of_return":0.0}
{"window":{"start":"2022-12-08T22:17:00.000Z","end":"2022-12-08T22:18:00.000Z"},"country":"United Kingdom","OPM":5,"total_sale_volume":349.3000068664551,"rate_of_return":0.0}
{"window":{"start":"2022-12-09T19:36:00.000Z","end":"2022-12-09T19:37:00.000Z"},"country":"United Kingdom","OPM":5,"total_sale_volume":491.1699905395508,"rate_of_return":0.0}
{"window":{"start":"2022-12-08T13:38:00.000Z","end":"2022-12-08T13:39:00.000Z"},"country":"Austria","OPM":1,"total_sale_volume":48.060001373291016,"rate_of_return":0.0}
{"window":{"start":"2022-12-09T21:42:00.000Z","end":"2022-12-09T21:43:00.000Z"},"country":"Sweden","OPM":1,"total_sale_volume":4.130000114440918,"rate_of_return":0.0}
{"window":{"start":"2022-12-09T10:57:00.000Z","end":"2022-12-09T10:58:00.000Z"},"country":"United Kingdom","OPM":6,"total_sale_volume":401.7099781036377,"rate_of_return":0.0}
{"window":{"start":"2022-12-09T18:39:00.000Z","end":"2022-12-09T18:40:00.000Z"},"country":"United Kingdom","OPM":7,"total_sale_volume":371.619996547699,"rate_of_return":0.0}
{"window":{"start":"2022-12-09T06:20:00.000Z","end":"2022-12-09T06:21:00.000Z"},"country":"Spain","OPM":1,"total_sale_volume":1.2999999523162842,"rate_of_return":0.0}
{"window":{"start":"2022-12-08T18:43:00.000Z","end":"2022-12-08T18:44:00.000Z"},"country":"Switzerland","OPM":1,"total_sale_volume":36.84000015258789,"rate_of_return":0.0}
{"window":{"start":"2022-12-09T18:28:00.000Z","end":"2022-12-09T18:29:00.000Z"},"country":"United Kingdom","OPM":2,"total_sale_volume":211.94000244140625,"rate_of_return":0.0}
{"window":{"start":"2022-12-08T21:29:00.000Z","end":"2022-12-08T21:30:00.000Z"},"country":"United Kingdom","OPM":11,"total_sale_volume":786.7499942779541,"rate_of_return":0.18181818181818182}
{"window":{"start":"2022-12-08T13:24:00.000Z","end":"2022-12-08T13:25:00.000Z"},"country":"Germany","OPM":1,"total_sale_volume":36.13999938964844,"rate_of_return":0.0}
{"window":{"start":"2022-12-09T20:37:00.000Z","end":"2022-12-09T20:38:00.000Z"},"country":"United Kingdom","OPM":10,"total_sale_volume":218.07999590039253,"rate_of_return":0.0}
{"window":{"start":"2022-12-09T07:55:00.000Z","end":"2022-12-09T07:56:00.000Z"},"country":"United Kingdom","OPM":6,"total_sale_volume":241.6300048828125,"rate_of_return":0.0}
{"window":{"start":"2022-12-09T07:59:00.000Z","end":"2022-12-09T08:00:00.000Z"},"country":"United Kingdom","OPM":12,"total_sale_volume":2840.5400465130806,"rate_of_return":0.0}
{"window":{"start":"2022-12-09T19:38:00.000Z","end":"2022-12-09T19:39:00.000Z"},"country":"United Kingdom","OPM":11,"total_sale_volume":631.1299804449081,"rate_of_return":0.0}
{"window":{"start":"2022-12-09T09:44:00.000Z","end":"2022-12-09T09:45:00.000Z"},"country":"Germany","OPM":1,"total_sale_volume":118.7300033569336,"rate_of_return":0.0}
{"window":{"start":"2022-12-09T03:38:00.000Z","end":"2022-12-09T03:39:00.000Z"},"country":"EIRE","OPM":1,"total_sale_volume":30.119998931884766,"rate_of_return":0.0}
{"window":{"start":"2022-12-09T06:08:00.000Z","end":"2022-12-09T06:09:00.000Z"},"country":"United Kingdom","OPM":10,"total_sale_volume":452.40000009536743,"rate_of_return":0.2}
{"window":{"start":"2022-12-09T15:47:00.000Z","end":"2022-12-09T15:48:00.000Z"},"country":"United Kingdom","OPM":5,"total_sale_volume":173.40000188350677,"rate_of_return":0.0}
{"window":{"start":"2022-12-08T23:05:00.000Z","end":"2022-12-08T23:06:00.000Z"},"country":"United Kingdom","OPM":13,"total_sale_volume":924.2300128936768,"rate_of_return":0.07692307692307693}
{"window":{"start":"2022-12-09T16:32:00.000Z","end":"2022-12-09T16:33:00.000Z"},"country":"United Kingdom","OPM":11,"total_sale_volume":1035.9599952697754,"rate_of_return":0.09090909090909091}
{"window":{"start":"2022-12-08T13:41:00.000Z","end":"2022-12-08T13:42:00.000Z"},"country":"EIRE","OPM":1,"total_sale_volume":31.860000610351562,"rate_of_return":0.0}
{"window":{"start":"2022-12-09T10:39:00.000Z","end":"2022-12-09T10:40:00.000Z"},"country":"United Kingdom","OPM":10,"total_sale_volume":1051.5600097179413,"rate_of_return":0.0}
{"window":{"start":"2022-12-09T05:13:00.000Z","end":"2022-12-09T05:14:00.000Z"},"country":"EIRE","OPM":1,"total_sale_volume":124.83999633789062,"rate_of_return":0.0}
{"window":{"start":"2022-12-08T15:17:00.000Z","end":"2022-12-08T15:18:00.000Z"},"country":"United Kingdom","OPM":5,"total_sale_volume":264.20000725984573,"rate_of_return":0.0}
{"window":{"start":"2022-12-09T00:02:00.000Z","end":"2022-12-09T00:03:00.000Z"},"country":"Germany","OPM":1,"total_sale_volume":24.149999618530273,"rate_of_return":0.0}
