{"window":{"start":"2022-12-09T01:52:00.000Z","end":"2022-12-09T01:53:00.000Z"},"country":"United Kingdom","OPM":10,"total_sale_volume":88.66999912261963,"rate_of_return":0.1}
{"window":{"start":"2022-12-09T22:54:00.000Z","end":"2022-12-09T22:55:00.000Z"},"country":"United Kingdom","OPM":13,"total_sale_volume":874.0999774932861,"rate_of_return":0.07692307692307693}
{"window":{"start":"2022-12-08T08:25:00.000Z","end":"2022-12-08T08:26:00.000Z"},"country":"United Kingdom","OPM":5,"total_sale_volume":474.0199935436249,"rate_of_return":0.0}
{"window":{"start":"2022-12-09T10:15:00.000Z","end":"2022-12-09T10:16:00.000Z"},"country":"United Kingdom","OPM":12,"total_sale_volume":527.6200077533722,"rate_of_return":0.0}
{"window":{"start":"2022-12-09T15:04:00.000Z","end":"2022-12-09T15:05:00.000Z"},"country":"EIRE","OPM":1,"total_sale_volume":3.740000009536743,"rate_of_return":0.0}
{"window":{"start":"2022-12-09T02:35:00.000Z","end":"2022-12-09T02:36:00.000Z"},"country":"United Kingdom","OPM":13,"total_sale_volume":677.1299799978733,"rate_of_return":0.07692307692307693}
{"window":{"start":"2022-12-08T08:35:00.000Z","end":"2022-12-08T08:36:00.000Z"},"country":"United Kingdom","OPM":13,"total_sale_volume":1350.0899829864502,"rate_of_return":0.0}
{"window":{"start":"2022-12-08T16:47:00.000Z","end":"2022-12-08T16:48:00.000Z"},"country":"United Kingdom","OPM":6,"total_sale_volume":256.96999752521515,"rate_of_return":0.0}
{"window":{"start":"2022-12-08T09:46:00.000Z","end":"2022-12-08T09:47:00.000Z"},"country":"United Kingdom","OPM":6,"total_sale_volume":870.0900077819824,"rate_of_return":0.0}
{"window":{"start":"2022-12-08T11:56:00.000Z","end":"2022-12-08T11:57:00.000Z"},"country":"United Kingdom","OPM":9,"total_sale_volume":2753.980167388916,"rate_of_return":0.0}
{"window":{"start":"2022-12-08T12:13:00.000Z","end":"2022-12-08T12:14:00.000Z"},"country":"United Kingdom","OPM":6,"total_sale_volume":541.1800050735474,"rate_of_return":0.0}
{"window":{"start":"2022-12-08T19:05:00.000Z","end":"2022-12-08T19:06:00.000Z"},"country":"EIRE","OPM":1,"total_sale_volume":108.56999969482422,"rate_of_return":0.0}
{"window":{"start":"2022-12-09T19:26:00.000Z","end":"2022-12-09T19:27:00.000Z"},"country":"United Kingdom","OPM":9,"total_sale_volume":659.75,"rate_of_return":0.0}
