{"window":{"start":"2022-12-09T09:46:00.000Z","end":"2022-12-09T09:47:00.000Z"},"country":"United Kingdom","OPM":8,"total_sale_volume":755.269984960556,"rate_of_return":0.0}
{"window":{"start":"2022-12-09T23:24:00.000Z","end":"2022-12-09T23:25:00.000Z"},"country":"United Kingdom","OPM":5,"total_sale_volume":162.5899965763092,"rate_of_return":0.2}
{"window":{"start":"2022-12-09T17:01:00.000Z","end":"2022-12-09T17:02:00.000Z"},"country":"United Kingdom","OPM":9,"total_sale_volume":617.5500020980835,"rate_of_return":0.1111111111111111}
{"window":{"start":"2022-12-09T00:58:00.000Z","end":"2022-12-09T00:59:00.000Z"},"country":"Belgium","OPM":1,"total_sale_volume":48.540000915527344,"rate_of_return":0.0}
{"window":{"start":"2022-12-09T05:26:00.000Z","end":"2022-12-09T05:27:00.000Z"},"country":"United Kingdom","OPM":15,"total_sale_volume":1000.19997215271,"rate_of_return":0.06666666666666667}
{"window":{"start":"2022-12-09T16:39:00.000Z","end":"2022-12-09T16:40:00.000Z"},"country":"Belgium","OPM":1,"total_sale_volume":41.62999725341797,"rate_of_return":0.0}
{"window":{"start":"2022-12-08T23:10:00.000Z","end":"2022-12-08T23:11:00.000Z"},"country":"United Kingdom","OPM":11,"total_sale_volume":330.0100026130676,"rate_of_return":0.09090909090909091}
{"window":{"start":"2022-12-08T23:31:00.000Z","end":"2022-12-08T23:32:00.000Z"},"country":"United Kingdom","OPM":17,"total_sale_volume":629.0800013542175,"rate_of_return":0.0}
{"window":{"start":"2022-12-09T17:31:00.000Z","end":"2022-12-09T17:32:00.000Z"},"country":"United Kingdom","OPM":15,"total_sale_volume":1909.7799921035767,"rate_of_return":0.06666666666666667}
{"window":{"start":"2022-12-09T10:41:00.000Z","end":"2022-12-09T10:42:00.000Z"},"country":"Australia","OPM":1,"total_sale_volume":116.52000427246094,"rate_of_return":0.0}
{"window":{"start":"2022-12-09T06:01:00.000Z","end":"2022-12-09T06:02:00.000Z"},"country":"France","OPM":1,"total_sale_volume":47.58000183105469,"rate_of_return":0.0}
{"window":{"start":"2022-12-09T18:06:00.000Z","end":"2022-12-09T18:07:00.000Z"},"country":"EIRE","OPM":1,"total_sale_volume":60.310001373291016,"rate_of_return":0.0}
{"window":{"start":"2022-12-09T01:31:00.000Z","end":"2022-12-09T01:32:00.000Z"},"country":"Germany","OPM":1,"total_sale_volume":65.41999816894531,"rate_of_return":0.0}
{"window":{"start":"2022-12-09T20:00:00.000Z","end":"2022-12-09T20:01:00.000Z"},"country":"United Kingdom","OPM":6,"total_sale_volume":726.4900150299072,"rate_of_return":0.0}
{"window":{"start":"2022-12-08T19:58:00.000Z","end":"2022-12-08T19:59:00.000Z"},"country":"United Kingdom","OPM":10,"total_sale_volume":177.7300010919571,"rate_of_return":0.1}
{"window":{"start":"2022-12-09T17:33:00.000Z","end":"2022-12-09T17:34:00.000Z"},"country":"United Kingdom","OPM":14,"total_sale_volume":579.5499861240387,"rate_of_return":0.0}
{"window":{"start":"2022-12-09T16:01:00.000Z","end":"2022-12-09T16:02:00.000Z"},"country":"Finland","OPM":1,"total_sale_volume":21.440000534057617,"rate_of_return":0.0}
{"window":{"start":"2022-12-09T20:40:00.000Z","end":"2022-12-09T20:41:00.000Z"},"country":"United Kingdom","OPM":10,"total_sale_volume":283.3699941635132,"rate_of_return":0.1}
{"window":{"start":"2022-12-09T08:58:00.000Z","end":"2022-12-09T08:59:00.000Z"},"country":"United Kingdom","OPM":6,"total_sale_volume":850.8199867010117,"rate_of_return":0.0}
{"window":{"start":"2022-12-09T09:32:00.000Z","end":"2022-12-09T09:33:00.000Z"},"country":"United Kingdom","OPM":11,"total_sale_volume":1599.4300351142883,"rate_of_return":0.0}
