{"window":{"start":"2022-12-09T17:59:00.000Z","end":"2022-12-09T18:00:00.000Z"},"country":"United Kingdom","OPM":6,"total_sale_volume":1155.4600296020508,"rate_of_return":0.16666666666666666}
{"window":{"start":"2022-12-09T11:43:00.000Z","end":"2022-12-09T11:44:00.000Z"},"country":"United Kingdom","OPM":10,"total_sale_volume":374.8299946784973,"rate_of_return":0.0}
{"window":{"start":"2022-12-09T09:56:00.000Z","end":"2022-12-09T09:57:00.000Z"},"country":"Finland","OPM":1,"total_sale_volume":88.37000274658203,"rate_of_return":0.0}
{"window":{"start":"2022-12-08T18:59:00.000Z","end":"2022-12-08T19:00:00.000Z"},"country":"Germany","OPM":1,"total_sale_volume":28.299999237060547,"rate_of_return":0.0}
{"window":{"start":"2022-12-09T18:25:00.000Z","end":"2022-12-09T18:26:00.000Z"},"country":"EIRE","OPM":1,"total_sale_volume":19.46000099182129,"rate_of_return":0.0}
{"window":{"start":"2022-12-08T11:49:00.000Z","end":"2022-12-08T11:50:00.000Z"},"country":"Norway","OPM":1,"total_sale_volume":76.80000305175781,"rate_of_return":0.0}
{"window":{"start":"2022-12-09T18:00:00.000Z","end":"2022-12-09T18:01:00.000Z"},"country":"France","OPM":2,"total_sale_volume":331.6999969482422,"rate_of_return":0.0}
{"window":{"start":"2022-12-09T00:13:00.000Z","end":"2022-12-09T00:14:00.000Z"},"country":"Portugal","OPM":1,"total_sale_volume":3.259999990463257,"rate_of_return":0.0}
{"window":{"start":"2022-12-09T13:07:00.000Z","end":"2022-12-09T13:08:00.000Z"},"country":"United Kingdom","OPM":6,"total_sale_volume":255.91000747680664,"rate_of_return":0.0}
{"window":{"start":"2022-12-08T14:38:00.000Z","end":"2022-12-08T14:39:00.000Z"},"country":"United Kingdom","OPM":8,"total_sale_volume":130.3200000524521,"rate_of_return":0.125}
{"window":{"start":"2022-12-08T21:11:00.000Z","end":"2022-12-08T21:12:00.000Z"},"country":"United Kingdom","OPM":14,"total_sale_volume":1097.3000059127808,"rate_of_return":0.0}
{"window":{"start":"2022-12-08T12:29:00.000Z","end":"2022-12-08T12:30:00.000Z"},"country":"United Kingdom","OPM":10,"total_sale_volume":1121.640031695366,"rate_of_return":0.0}
{"window":{"start":"2022-12-09T21:52:00.000Z","end":"2022-12-09T21:53:00.000Z"},"country":"United Kingdom","OPM":8,"total_sale_volume":375.8099956512451,"rate_of_return":0.0}
{"window":{"start":"2022-12-08T13:51:00.000Z","end":"2022-12-08T13:52:00.000Z"},"country":"Singapore","OPM":1,"total_sale_volume":391.1100158691406,"rate_of_return":0.0}
{"window":{"start":"2022-12-09T02:22:00.000Z","end":"2022-12-09T02:23:00.000Z"},"country":"United Kingdom","OPM":7,"total_sale_volume":1027.259976387024,"rate_of_return":0.0}
{"window":{"start":"2022-12-08T16:46:00.000Z","end":"2022-12-08T16:47:00.000Z"},"country":"Germany","OPM":1,"total_sale_volume":6.230000019073486,"rate_of_return":0.0}
{"window":{"start":"2022-12-09T20:51:00.000Z","end":"2022-12-09T20:52:00.000Z"},"country":"France","OPM":1,"total_sale_volume":53.64999771118164,"rate_of_return":0.0}
{"window":{"start":"2022-12-09T12:10:00.000Z","end":"2022-12-09T12:11:00.000Z"},"country":"United Kingdom","OPM":11,"total_sale_volume":577.6799945831299,"rate_of_return":0.18181818181818182}
{"window":{"start":"2022-12-09T13:30:00.000Z","end":"2022-12-09T13:31:00.000Z"},"country":"United Kingdom","OPM":12,"total_sale_volume":559.910008430481,"rate_of_return":0.08333333333333333}
{"window":{"start":"2022-12-09T13:33:00.000Z","end":"2022-12-09T13:34:00.000Z"},"country":"United Kingdom","OPM":6,"total_sale_volume":473.9099999666214,"rate_of_return":0.0}
{"window":{"start":"2022-12-09T08:40:00.000Z","end":"2022-12-09T08:41:00.000Z"},"country":"France","OPM":1,"total_sale_volume":113.69999694824219,"rate_of_return":0.0}
{"window":{"start":"2022-12-08T18:04:00.000Z","end":"2022-12-08T18:05:00.000Z"},"country":"France","OPM":1,"total_sale_volume":36.27000045776367,"rate_of_return":0.0}
{"window":{"start":"2022-12-09T21:46:00.000Z","end":"2022-12-09T21:47:00.000Z"},"country":"United Kingdom","OPM":15,"total_sale_volume":1168.8099830150604,"rate_of_return":0.0}
{"window":{"start":"2022-12-09T10:32:00.000Z","end":"2022-12-09T10:33:00.000Z"},"country":"Channel Islands","OPM":1,"total_sale_volume":84.15999603271484,"rate_of_return":0.0}
