{"window":{"start":"2022-12-09T19:52:00.000Z","end":"2022-12-09T19:53:00.000Z"},"country":"United Kingdom","OPM":15,"total_sale_volume":982.9500031471252,"rate_of_return":0.0}
{"window":{"start":"2022-12-09T14:35:00.000Z","end":"2022-12-09T14:36:00.000Z"},"country":"United Kingdom","OPM":13,"total_sale_volume":676.8699969053268,"rate_of_return":0.15384615384615385}
{"window":{"start":"2022-12-08T11:49:00.000Z","end":"2022-12-08T11:50:00.000Z"},"country":"United Kingdom","OPM":11,"total_sale_volume":386.4899945259094,"rate_of_return":0.09090909090909091}
{"window":{"start":"2022-12-09T05:22:00.000Z","end":"2022-12-09T05:23:00.000Z"},"country":"United Kingdom","OPM":12,"total_sale_volume":1059.1799869537354,"rate_of_return":0.0}
{"window":{"start":"2022-12-08T21:10:00.000Z","end":"2022-12-08T21:11:00.000Z"},"country":"Belgium","OPM":1,"total_sale_volume":13.920000076293945,"rate_of_return":0.0}
{"window":{"start":"2022-12-08T14:33:00.000Z","end":"2022-12-08T14:34:00.000Z"},"country":"Germany","OPM":1,"total_sale_volume":20.219999313354492,"rate_of_return":0.0}
{"window":{"start":"2022-12-09T14:36:00.000Z","end":"2022-12-09T14:37:00.000Z"},"country":"Denmark","OPM":1,"total_sale_volume":20.650001525878906,"rate_of_return":0.0}
{"window":{"start":"2022-12-09T18:06:00.000Z","end":"2022-12-09T18:07:00.000Z"},"country":"United Kingdom","OPM":12,"total_sale_volume":1318.290008187294,"rate_of_return":0.0}
{"window":{"start":"2022-12-09T10:23:00.000Z","end":"2022-12-09T10:24:00.000Z"},"country":"Germany","OPM":1,"total_sale_volume":9.899999618530273,"rate_of_return":0.0}
{"window":{"start":"2022-12-09T20:48:00.000Z","end":"2022-12-09T20:49:00.000Z"},"country":"United Kingdom","OPM":8,"total_sale_volume":248.38000226020813,"rate_of_return":0.0}
{"window":{"start":"2022-12-08T13:45:00.000Z","end":"2022-12-08T13:46:00.000Z"},"country":"Portugal","OPM":1,"total_sale_volume":257.4599914550781,"rate_of_return":0.0}
{"window":{"start":"2022-12-08T16:56:00.000Z","end":"2022-12-08T16:57:00.000Z"},"country":"France","OPM":1,"total_sale_volume":183.64999389648438,"rate_of_return":0.0}
{"window":{"start":"2022-12-09T17:04:00.000Z","end":"2022-12-09T17:05:00.000Z"},"country":"Germany","OPM":1,"total_sale_volume":14.920000076293945,"rate_of_return":0.0}
{"window":{"start":"2022-12-09T17:20:00.000Z","end":"2022-12-09T17:21:00.000Z"},"country":"United Kingdom","OPM":4,"total_sale_volume":235.56999588012695,"rate_of_return":0.0}
{"window":{"start":"2022-12-09T00:07:00.000Z","end":"2022-12-09T00:08:00.000Z"},"country":"France","OPM":1,"total_sale_volume":61.5099983215332,"rate_of_return":0.0}
{"window":{"start":"2022-12-08T08:29:00.000Z","end":"2022-12-08T08:30:00.000Z"},"country":"United Kingdom","OPM":12,"total_sale_volume":997.6100075244904,"rate_of_return":0.0}
{"window":{"start":"2022-12-08T14:23:00.000Z","end":"2022-12-08T14:24:00.000Z"},"country":"United Kingdom","OPM":5,"total_sale_volume":880.2400226593018,"rate_of_return":0.0}
{"window":{"start":"2022-12-08T12:27:00.000Z","end":"2022-12-08T12:28:00.000Z"},"country":"France","OPM":1,"total_sale_volume":102.6500015258789,"rate_of_return":0.0}
{"window":{"start":"2022-12-08T21:45:00.000Z","end":"2022-12-08T21:46:00.000Z"},"country":"United Kingdom","OPM":7,"total_sale_volume":1274.559989452362,"rate_of_return":0.0}
