{"window":{"start":"2022-12-09T20:59:00.000Z","end":"2022-12-09T21:00:00.000Z"},"country":"EIRE","OPM":1,"total_sale_volume":11.649999618530273,"rate_of_return":0.0}
{"window":{"start":"2022-12-09T01:39:00.000Z","end":"2022-12-09T01:40:00.000Z"},"country":"Germany","OPM":1,"total_sale_volume":4.920000076293945,"rate_of_return":0.0}
{"window":{"start":"2022-12-09T19:05:00.000Z","end":"2022-12-09T19:06:00.000Z"},"country":"France","OPM":1,"total_sale_volume":2.8999998569488525,"rate_of_return":0.0}
{"window":{"start":"2022-12-09T08:11:00.000Z","end":"2022-12-09T08:12:00.000Z"},"country":"EIRE","OPM":2,"total_sale_volume":57.39999771118164,"rate_of_return":0.0}
{"window":{"start":"2022-12-08T10:30:00.000Z","end":"2022-12-08T10:31:00.000Z"},"country":"France","OPM":1,"total_sale_volume":-25.19999885559082,"rate_of_return":1.0}
{"window":{"start":"2022-12-09T06:49:00.000Z","end":"2022-12-09T06:50:00.000Z"},"country":"Germany","OPM":1,"total_sale_volume":12.399999618530273,"rate_of_return":0.0}
{"window":{"start":"2022-12-09T05:31:00.000Z","end":"2022-12-09T05:32:00.000Z"},"country":"Spain","OPM":1,"total_sale_volume":102.87999725341797,"rate_of_return":0.0}
{"window":{"start":"2022-12-08T23:58:00.000Z","end":"2022-12-08T23:59:00.000Z"},"country":"France","OPM":1,"total_sale_volume":16.389999389648438,"rate_of_return":0.0}
{"window":{"start":"2022-12-09T08:58:00.000Z","end":"2022-12-09T08:59:00.000Z"},"country":"Channel Islands","OPM":1,"total_sale_volume":16.600000381469727,"rate_of_return":0.0}
{"window":{"start":"2022-12-09T16:11:00.000Z","end":"2022-12-09T16:12:00.000Z"},"country":"France","OPM":1,"total_sale_volume":25.900001525878906,"rate_of_return":0.0}
{"window":{"start":"2022-12-08T10:36:00.000Z","end":"2022-12-08T10:37:00.000Z"},"country":"United Kingdom","OPM":11,"total_sale_volume":705.980001449585,"rate_of_return":0.09090909090909091}
{"window":{"start":"2022-12-08T09:02:00.000Z","end":"2022-12-08T09:03:00.000Z"},"country":"United Kingdom","OPM":9,"total_sale_volume":1255.1999549865723,"rate_of_return":0.0}
{"window":{"start":"2022-12-08T17:44:00.000Z","end":"2022-12-08T17:45:00.000Z"},"country":"United Kingdom","OPM":9,"total_sale_volume":265.60000371932983,"rate_of_return":0.1111111111111111}
{"window":{"start":"2022-12-08T23:19:00.000Z","end":"2022-12-08T23:20:00.000Z"},"country":"United Kingdom","OPM":8,"total_sale_volume":518.8700122833252,"rate_of_return":0.0}
{"window":{"start":"2022-12-09T13:43:00.000Z","end":"2022-12-09T13:44:00.000Z"},"country":"Italy","OPM":1,"total_sale_volume":20.899999618530273,"rate_of_return":0.0}
{"window":{"start":"2022-12-08T18:28:00.000Z","end":"2022-12-08T18:29:00.000Z"},"country":"Switzerland","OPM":1,"total_sale_volume":400.69000244140625,"rate_of_return":0.0}
{"window":{"start":"2022-12-08T19:16:00.000Z","end":"2022-12-08T19:17:00.000Z"},"country":"EIRE","OPM":1,"total_sale_volume":12.719999313354492,"rate_of_return":0.0}
{"window":{"start":"2022-12-08T20:45:00.000Z","end":"2022-12-08T20:46:00.000Z"},"country":"United Kingdom","OPM":6,"total_sale_volume":440.8799977302551,"rate_of_return":0.0}
