{"window":{"start":"2022-12-09T02:13:00.000Z","end":"2022-12-09T02:14:00.000Z"},"country":"EIRE","OPM":1,"total_sale_volume":83.56999969482422,"rate_of_return":0.0}
{"window":{"start":"2022-12-08T09:27:00.000Z","end":"2022-12-08T09:28:00.000Z"},"country":"United Kingdom","OPM":13,"total_sale_volume":907.73999106884,"rate_of_return":0.07692307692307693}
{"window":{"start":"2022-12-09T10:28:00.000Z","end":"2022-12-09T10:29:00.000Z"},"country":"United Kingdom","OPM":13,"total_sale_volume":2489.1001187562943,"rate_of_return":0.0}
{"window":{"start":"2022-12-09T06:41:00.000Z","end":"2022-12-09T06:42:00.000Z"},"country":"Australia","OPM":1,"total_sale_volume":47.939998626708984,"rate_of_return":0.0}
{"window":{"start":"2022-12-08T11:46:00.000Z","end":"2022-12-08T11:47:00.000Z"},"country":"United Kingdom","OPM":11,"total_sale_volume":655.0900011062622,"rate_of_return":0.0}
{"window":{"start":"2022-12-08T09:56:00.000Z","end":"2022-12-08T09:57:00.000Z"},"country":"Israel","OPM":1,"total_sale_volume":27.649999618530273,"rate_of_return":0.0}
{"window":{"start":"2022-12-09T18:24:00.000Z","end":"2022-12-09T18:25:00.000Z"},"country":"EIRE","OPM":1,"total_sale_volume":198.24000549316406,"rate_of_return":0.0}
{"window":{"start":"2022-12-09T16:24:00.000Z","end":"2022-12-09T16:25:00.000Z"},"country":"France","OPM":1,"total_sale_volume":6.599999904632568,"rate_of_return":0.0}
{"window":{"start":"2022-12-08T19:29:00.000Z","end":"2022-12-08T19:30:00.000Z"},"country":"EIRE","OPM":2,"total_sale_volume":128.93999862670898,"rate_of_return":0.0}
{"window":{"start":"2022-12-08T21:49:00.000Z","end":"2022-12-08T21:50:00.000Z"},"country":"United Kingdom","OPM":12,"total_sale_volume":597.6300048828125,"rate_of_return":0.08333333333333333}
{"window":{"start":"2022-12-09T18:58:00.000Z","end":"2022-12-09T18:59:00.000Z"},"country":"United Kingdom","OPM":14,"total_sale_volume":760.9899950027466,"rate_of_return":0.07142857142857142}
{"window":{"start":"2022-12-08T17:07:00.000Z","end":"2022-12-08T17:08:00.000Z"},"country":"Germany","OPM":1,"total_sale_volume":55.7599983215332,"rate_of_return":0.0}
{"window":{"start":"2022-12-09T13:09:00.000Z","end":"2022-12-09T13:10:00.000Z"},"country":"United Kingdom","OPM":11,"total_sale_volume":290.8399896621704,"rate_of_return":0.18181818181818182}
{"window":{"start":"2022-12-08T14:22:00.000Z","end":"2022-12-08T14:23:00.000Z"},"country":"Germany","OPM":1,"total_sale_volume":2.4600000381469727,"rate_of_return":0.0}
{"window":{"start":"2022-12-08T16:50:00.000Z","end":"2022-12-08T16:51:00.000Z"},"country":"United Kingdom","OPM":15,"total_sale_volume":442.5699872970581,"rate_of_return":0.06666666666666667}
{"window":{"start":"2022-12-09T09:38:00.000Z","end":"2022-12-09T09:39:00.000Z"},"country":"United Kingdom","OPM":10,"total_sale_volume":417.0600037574768,"rate_of_return":0.0}
{"window":{"start":"2022-12-09T06:07:00.000Z","end":"2022-12-09T06:08:00.000Z"},"country":"United Kingdom","OPM":14,"total_sale_volume":632.2300153970718,"rate_of_return":0.07142857142857142}
{"window":{"start":"2022-12-08T23:18:00.000Z","end":"2022-12-08T23:19:00.000Z"},"country":"United Kingdom","OPM":5,"total_sale_volume":150.43000268936157,"rate_of_return":0.0}
{"window":{"start":"2022-12-08T18:02:00.000Z","end":"2022-12-08T18:03:00.000Z"},"country":"Japan","OPM":1,"total_sale_volume":136.5800018310547,"rate_of_return":0.0}
{"window":{"start":"2022-12-08T19:36:00.000Z","end":"2022-12-08T19:37:00.000Z"},"country":"Portugal","OPM":1,"total_sale_volume":867.4299926757812,"rate_of_return":0.0}
{"window":{"start":"2022-12-08T15:03:00.000Z","end":"2022-12-08T15:04:00.000Z"},"country":"Belgium","OPM":1,"total_sale_volume":32.25,"rate_of_return":0.0}
{"window":{"start":"2022-12-08T22:50:00.000Z","end":"2022-12-08T22:51:00.000Z"},"country":"Germany","OPM":1,"total_sale_volume":18.520000457763672,"rate_of_return":0.0}
{"window":{"start":"2022-12-08T11:09:00.000Z","end":"2022-12-08T11:10:00.000Z"},"country":"Spain","OPM":1,"total_sale_volume":4.949999809265137,"rate_of_return":0.0}
{"window":{"start":"2022-12-08T22:10:00.000Z","end":"2022-12-08T22:11:00.000Z"},"country":"Spain","OPM":1,"total_sale_volume":49.560001373291016,"rate_of_return":0.0}
{"window":{"start":"2022-12-08T18:06:00.000Z","end":"2022-12-08T18:07:00.000Z"},"country":"United Kingdom","OPM":5,"total_sale_volume":390.79999923706055,"rate_of_return":0.0}
{"window":{"start":"2022-12-09T18:45:00.000Z","end":"2022-12-09T18:46:00.000Z"},"country":"United Kingdom","OPM":11,"total_sale_volume":965.7599725723267,"rate_of_return":0.0}
{"window":{"start":"2022-12-09T12:11:00.000Z","end":"2022-12-09T12:12:00.000Z"},"country":"Netherlands","OPM":1,"total_sale_volume":57.400001525878906,"rate_of_return":0.0}
{"window":{"start":"2022-12-09T08:29:00.000Z","end":"2022-12-09T08:30:00.000Z"},"country":"United Kingdom","OPM":8,"total_sale_volume":218.84999656677246,"rate_of_return":0.125}
{"window":{"start":"2022-12-08T19:00:00.000Z","end":"2022-12-08T19:01:00.000Z"},"country":"United Kingdom","OPM":8,"total_sale_volume":391.73999416828156,"rate_of_return":0.125}
{"window":{"start":"2022-12-09T01:42:00.000Z","end":"2022-12-09T01:43:00.000Z"},"country":"United Kingdom","OPM":15,"total_sale_volume":2594.379981994629,"rate_of_return":0.06666666666666667}
