{"window":{"start":"2022-12-09T04:34:00.000Z","end":"2022-12-09T04:35:00.000Z"},"country":"United Kingdom","OPM":4,"total_sale_volume":41.14999961853027,"rate_of_return":0.0}
{"window":{"start":"2022-12-08T23:05:00.000Z","end":"2022-12-08T23:06:00.000Z"},"country":"Sweden","OPM":1,"total_sale_volume":66.88999938964844,"rate_of_return":0.0}
{"window":{"start":"2022-12-09T01:30:00.000Z","end":"2022-12-09T01:31:00.000Z"},"country":"Netherlands","OPM":1,"total_sale_volume":36.68000030517578,"rate_of_return":0.0}
{"window":{"start":"2022-12-08T22:58:00.000Z","end":"2022-12-08T22:59:00.000Z"},"country":"Finland","OPM":1,"total_sale_volume":22.399999618530273,"rate_of_return":0.0}
{"window":{"start":"2022-12-08T13:01:00.000Z","end":"2022-12-08T13:02:00.000Z"},"country":"Germany","OPM":1,"total_sale_volume":-23.90999984741211,"rate_of_return":1.0}
{"window":{"start":"2022-12-08T13:19:00.000Z","end":"2022-12-08T13:20:00.000Z"},"country":"Greece","OPM":1,"total_sale_volume":232.95999145507812,"rate_of_return":0.0}
{"window":{"start":"2022-12-09T16:29:00.000Z","end":"2022-12-09T16:30:00.000Z"},"country":"EIRE","OPM":1,"total_sale_volume":35.369998931884766,"rate_of_return":0.0}
{"window":{"start":"2022-12-09T08:22:00.000Z","end":"2022-12-09T08:23:00.000Z"},"country":"Norway","OPM":1,"total_sale_volume":11.899999618530273,"rate_of_return":0.0}
{"window":{"start":"2022-12-08T11:21:00.000Z","end":"2022-12-08T11:22:00.000Z"},"country":"France","OPM":1,"total_sale_volume":-80.18000030517578,"rate_of_return":1.0}
{"window":{"start":"2022-12-09T00:08:00.000Z","end":"2022-12-09T00:09:00.000Z"},"country":"Germany","OPM":1,"total_sale_volume":2.549999952316284,"rate_of_return":0.0}
{"window":{"start":"2022-12-08T20:23:00.000Z","end":"2022-12-08T20:24:00.000Z"},"country":"United Kingdom","OPM":8,"total_sale_volume":-301.3299789428711,"rate_of_return":0.375}
{"window":{"start":"2022-12-08T17:02:00.000Z","end":"2022-12-08T17:03:00.000Z"},"country":"Cyprus","OPM":1,"total_sale_volume":10.200000762939453,"rate_of_return":0.0}
{"window":{"start":"2022-12-09T11:05:00.000Z","end":"2022-12-09T11:06:00.000Z"},"country":"EIRE","OPM":1,"total_sale_volume":15.0,"rate_of_return":0.0}
{"window":{"start":"2022-12-09T07:58:00.000Z","end":"2022-12-09T07:59:00.000Z"},"country":"Israel","OPM":1,"total_sale_volume":16.84000015258789,"rate_of_return":0.0}
{"window":{"start":"2022-12-09T01:19:00.000Z","end":"2022-12-09T01:20:00.000Z"},"country":"Portugal","OPM":1,"total_sale_volume":-10.180000305175781,"rate_of_return":1.0}
{"window":{"start":"2022-12-09T11:01:00.000Z","end":"2022-12-09T11:02:00.000Z"},"country":"Germany","OPM":2,"total_sale_volume":185.85999298095703,"rate_of_return":0.0}
