{"window":{"start":"2022-12-08T10:12:00.000Z","end":"2022-12-08T10:13:00.000Z"},"country":"France","OPM":1,"total_sale_volume":199.72999572753906,"rate_of_return":0.0}
{"window":{"start":"2022-12-08T17:49:00.000Z","end":"2022-12-08T17:50:00.000Z"},"country":"Unspecified","OPM":1,"total_sale_volume":2.879999876022339,"rate_of_return":0.0}
{"window":{"start":"2022-12-08T23:41:00.000Z","end":"2022-12-08T23:42:00.000Z"},"country":"United Kingdom","OPM":13,"total_sale_volume":964.9199857711792,"rate_of_return":0.07692307692307693}
{"window":{"start":"2022-12-08T18:18:00.000Z","end":"2022-12-08T18:19:00.000Z"},"country":"Netherlands","OPM":1,"total_sale_volume":36.32999801635742,"rate_of_return":0.0}
{"window":{"start":"2022-12-08T10:41:00.000Z","end":"2022-12-08T10:42:00.000Z"},"country":"United Kingdom","OPM":17,"total_sale_volume":1168.0899877548218,"rate_of_return":0.058823529411764705}
{"window":{"start":"2022-12-09T09:45:00.000Z","end":"2022-12-09T09:46:00.000Z"},"country":"Norway","OPM":1,"total_sale_volume":15.559999465942383,"rate_of_return":0.0}
{"window":{"start":"2022-12-09T13:46:00.000Z","end":"2022-12-09T13:47:00.000Z"},"country":"United Kingdom","OPM":8,"total_sale_volume":496.2599849700928,"rate_of_return":0.125}
{"window":{"start":"2022-12-08T16:06:00.000Z","end":"2022-12-08T16:07:00.000Z"},"country":"United Kingdom","OPM":9,"total_sale_volume":344.96000480651855,"rate_of_return":0.0}
{"window":{"start":"2022-12-09T06:43:00.000Z","end":"2022-12-09T06:44:00.000Z"},"country":"United Kingdom","OPM":8,"total_sale_volume":381.5099940299988,"rate_of_return":0.0}
{"window":{"start":"2022-12-08T16:40:00.000Z","end":"2022-12-08T16:41:00.000Z"},"country":"United Kingdom","OPM":12,"total_sale_volume":668.0899980068207,"rate_of_return":0.0}
{"window":{"start":"2022-12-09T15:21:00.000Z","end":"2022-12-09T15:22:00.000Z"},"country":"Unspecified","OPM":1,"total_sale_volume":512.7899780273438,"rate_of_return":0.0}
{"window":{"start":"2022-12-09T07:17:00.000Z","end":"2022-12-09T07:18:00.000Z"},"country":"United Kingdom","OPM":7,"total_sale_volume":332.4299982190132,"rate_of_return":0.0}
{"window":{"start":"2022-12-08T19:18:00.000Z","end":"2022-12-08T19:19:00.000Z"},"country":"Belgium","OPM":1,"total_sale_volume":2.0999999046325684,"rate_of_return":0.0}
{"window":{"start":"2022-12-09T23:29:00.000Z","end":"2022-12-09T23:30:00.000Z"},"country":"Japan","OPM":1,"total_sale_volume":40.349998474121094,"rate_of_return":0.0}
{"window":{"start":"2022-12-09T19:37:00.000Z","end":"2022-12-09T19:38:00.000Z"},"country":"France","OPM":1,"total_sale_volume":161.52000427246094,"rate_of_return":0.0}
{"window":{"start":"2022-12-08T13:42:00.000Z","end":"2022-12-08T13:43:00.000Z"},"country":"United Kingdom","OPM":4,"total_sale_volume":119.60999584197998,"rate_of_return":0.0}
{"window":{"start":"2022-12-09T01:01:00.000Z","end":"2022-12-09T01:02:00.000Z"},"country":"United Kingdom","OPM":7,"total_sale_volume":337.2199980020523,"rate_of_return":0.0}
{"window":{"start":"2022-12-08T13:25:00.000Z","end":"2022-12-08T13:26:00.000Z"},"country":"France","OPM":1,"total_sale_volume":56.51000213623047,"rate_of_return":0.0}
{"window":{"start":"2022-12-09T14:39:00.000Z","end":"2022-12-09T14:40:00.000Z"},"country":"United Kingdom","OPM":12,"total_sale_volume":692.8600068092346,"rate_of_return":0.08333333333333333}
{"window":{"start":"2022-12-08T16:56:00.000Z","end":"2022-12-08T16:57:00.000Z"},"country":"Germany","OPM":1,"total_sale_volume":78.1199951171875,"rate_of_return":0.0}
{"window":{"start":"2022-12-09T21:15:00.000Z","end":"2022-12-09T21:16:00.000Z"},"country":"United Kingdom","OPM":15,"total_sale_volume":765.5799989700317,"rate_of_return":0.0}
{"window":{"start":"2022-12-09T01:24:00.000Z","end":"2022-12-09T01:25:00.000Z"},"country":"EIRE","OPM":1,"total_sale_volume":0.550000011920929,"rate_of_return":0.0}
{"window":{"start":"2022-12-09T01:28:00.000Z","end":"2022-12-09T01:29:00.000Z"},"country":"United Kingdom","OPM":13,"total_sale_volume":782.5600080490112,"rate_of_return":0.0}
{"window":{"start":"2022-12-08T12:20:00.000Z","end":"2022-12-08T12:21:00.000Z"},"country":"United Kingdom","OPM":5,"total_sale_volume":245.38000041246414,"rate_of_return":0.0}
{"window":{"start":"2022-12-09T17:34:00.000Z","end":"2022-12-09T17:35:00.000Z"},"country":"United Kingdom","OPM":6,"total_sale_volume":29.36000156402588,"rate_of_return":0.3333333333333333}
{"window":{"start":"2022-12-08T18:51:00.000Z","end":"2022-12-08T18:52:00.000Z"},"country":"United Kingdom","OPM":10,"total_sale_volume":717.0399961471558,"rate_of_return":0.0}
{"window":{"start":"2022-12-08T18:37:00.000Z","end":"2022-12-08T18:38:00.000Z"},"country":"United Kingdom","OPM":4,"total_sale_volume":252.61000728607178,"rate_of_return":0.25}
