{"window":{"start":"2022-12-09T18:31:00.000Z","end":"2022-12-09T18:32:00.000Z"},"country":"United Kingdom","OPM":7,"total_sale_volume":293.82000148296356,"rate_of_return":0.2857142857142857}
{"window":{"start":"2022-12-08T18:42:00.000Z","end":"2022-12-08T18:43:00.000Z"},"country":"United Kingdom","OPM":9,"total_sale_volume":368.2500009536743,"rate_of_return":0.0}
{"window":{"start":"2022-12-09T02:36:00.000Z","end":"2022-12-09T02:37:00.000Z"},"country":"Singapore","OPM":1,"total_sale_volume":-38.30999755859375,"rate_of_return":1.0}
{"window":{"start":"2022-12-09T23:19:00.000Z","end":"2022-12-09T23:20:00.000Z"},"country":"United Kingdom","OPM":14,"total_sale_volume":583.4200081825256,"rate_of_return":0.0}
{"window":{"start":"2022-12-09T20:00:00.000Z","end":"2022-12-09T20:01:00.000Z"},"country":"Netherlands","OPM":1,"total_sale_volume":275.9800109863281,"rate_of_return":0.0}
{"window":{"start":"2022-12-09T15:08:00.000Z","end":"2022-12-09T15:09:00.000Z"},"country":"United Kingdom","OPM":6,"total_sale_volume":280.15000009536743,"rate_of_return":0.16666666666666666}
{"window":{"start":"2022-12-09T02:35:00.000Z","end":"2022-12-09T02:36:00.000Z"},"country":"Belgium","OPM":1,"total_sale_volume":40.650001525878906,"rate_of_return":0.0}
{"window":{"start":"2022-12-09T00:17:00.000Z","end":"2022-12-09T00:18:00.000Z"},"country":"United Kingdom","OPM":14,"total_sale_volume":1521.3599778413773,"rate_of_return":0.07142857142857142}
{"window":{"start":"2022-12-08T12:52:00.000Z","end":"2022-12-08T12:53:00.000Z"},"country":"EIRE","OPM":2,"total_sale_volume":57.33000183105469,"rate_of_return":0.0}
{"window":{"start":"2022-12-08T14:20:00.000Z","end":"2022-12-08T14:21:00.000Z"},"country":"United Kingdom","OPM":14,"total_sale_volume":423.07000267505646,"rate_of_return":0.07142857142857142}
{"window":{"start":"2022-12-09T03:40:00.000Z","end":"2022-12-09T03:41:00.000Z"},"country":"United Kingdom","OPM":7,"total_sale_volume":214.99999141693115,"rate_of_return":0.0}
{"window":{"start":"2022-12-09T12:55:00.000Z","end":"2022-12-09T12:56:00.000Z"},"country":"United Kingdom","OPM":12,"total_sale_volume":464.4900062084198,"rate_of_return":0.16666666666666666}
{"window":{"start":"2022-12-09T14:57:00.000Z","end":"2022-12-09T14:58:00.000Z"},"country":"Netherlands","OPM":1,"total_sale_volume":63.93000030517578,"rate_of_return":0.0}
{"window":{"start":"2022-12-08T11:13:00.000Z","end":"2022-12-08T11:14:00.000Z"},"country":"France","OPM":1,"total_sale_volume":27.75,"rate_of_return":0.0}
{"window":{"start":"2022-12-09T02:43:00.000Z","end":"2022-12-09T02:44:00.000Z"},"country":"United Kingdom","OPM":10,"total_sale_volume":608.2399790287018,"rate_of_return":0.2}
{"window":{"start":"2022-12-09T07:40:00.000Z","end":"2022-12-09T07:41:00.000Z"},"country":"France","OPM":2,"total_sale_volume":-210.1500015258789,"rate_of_return":1.0}
{"window":{"start":"2022-12-09T13:13:00.000Z","end":"2022-12-09T13:14:00.000Z"},"country":"Netherlands","OPM":1,"total_sale_volume":143.77999877929688,"rate_of_return":0.0}
{"window":{"start":"2022-12-09T03:58:00.000Z","end":"2022-12-09T03:59:00.000Z"},"country":"United Kingdom","OPM":17,"total_sale_volume":667.3800003528595,"rate_of_return":0.11764705882352941}
{"window":{"start":"2022-12-08T17:22:00.000Z","end":"2022-12-08T17:23:00.000Z"},"country":"United Kingdom","OPM":6,"total_sale_volume":776.8599891662598,"rate_of_return":0.16666666666666666}
