{"window":{"start":"2022-12-08T11:13:00.000Z","end":"2022-12-08T11:14:00.000Z"},"country":"United Kingdom","OPM":8,"total_sale_volume":272.3199963569641,"rate_of_return":0.0}
{"window":{"start":"2022-12-09T16:40:00.000Z","end":"2022-12-09T16:41:00.000Z"},"country":"United Kingdom","OPM":6,"total_sale_volume":327.47999906539917,"rate_of_return":0.16666666666666666}
{"window":{"start":"2022-12-09T10:49:00.000Z","end":"2022-12-09T10:50:00.000Z"},"country":"Germany","OPM":1,"total_sale_volume":67.73999786376953,"rate_of_return":0.0}
{"window":{"start":"2022-12-08T10:25:00.000Z","end":"2022-12-08T10:26:00.000Z"},"country":"France","OPM":1,"total_sale_volume":20.5,"rate_of_return":0.0}
{"window":{"start":"2022-12-08T18:27:00.000Z","end":"2022-12-08T18:28:00.000Z"},"country":"EIRE","OPM":1,"total_sale_volume":35.5,"rate_of_return":0.0}
{"window":{"start":"2022-12-09T07:27:00.000Z","end":"2022-12-09T07:28:00.000Z"},"country":"Switzerland","OPM":1,"total_sale_volume":10.5,"rate_of_return":0.0}
{"window":{"start":"2022-12-08T10:30:00.000Z","end":"2022-12-08T10:31:00.000Z"},"country":"United Kingdom","OPM":11,"total_sale_volume":365.0099992752075,"rate_of_return":0.0}
{"window":{"start":"2022-12-08T21:50:00.000Z","end":"2022-12-08T21:51:00.000Z"},"country":"United Kingdom","OPM":10,"total_sale_volume":571.9399871826172,"rate_of_return":0.0}
{"window":{"start":"2022-12-08T08:24:00.000Z","end":"2022-12-08T08:25:00.000Z"},"country":"United Kingdom","OPM":5,"total_sale_volume":155.84000396728516,"rate_of_return":0.0}
{"window":{"start":"2022-12-09T17:57:00.000Z","end":"2022-12-09T17:58:00.000Z"},"country":"Greece","OPM":1,"total_sale_volume":73.04000091552734,"rate_of_return":0.0}
{"window":{"start":"2022-12-08T12:41:00.000Z","end":"2022-12-08T12:42:00.000Z"},"country":"Germany","OPM":1,"total_sale_volume":27.53999900817871,"rate_of_return":0.0}
{"window":{"start":"2022-12-08T10:45:00.000Z","end":"2022-12-08T10:46:00.000Z"},"country":"United Kingdom","OPM":15,"total_sale_volume":1023.2899978756905,"rate_of_return":0.0}
{"window":{"start":"2022-12-09T17:18:00.000Z","end":"2022-12-09T17:19:00.000Z"},"country":"France","OPM":1,"total_sale_volume":134.10000610351562,"rate_of_return":0.0}
{"window":{"start":"2022-12-09T06:17:00.000Z","end":"2022-12-09T06:18:00.000Z"},"country":"Iceland","OPM":1,"total_sale_volume":53.21999740600586,"rate_of_return":0.0}
{"window":{"start":"2022-12-09T11:43:00.000Z","end":"2022-12-09T11:44:00.000Z"},"country":"Finland","OPM":1,"total_sale_volume":215.8000030517578,"rate_of_return":0.0}
{"window":{"start":"2022-12-08T23:00:00.000Z","end":"2022-12-08T23:01:00.000Z"},"country":"United Kingdom","OPM":13,"total_sale_volume":7732.79011118412,"rate_of_return":0.07692307692307693}
{"window":{"start":"2022-12-09T18:33:00.000Z","end":"2022-12-09T18:34:00.000Z"},"country":"Germany","OPM":1,"total_sale_volume":53.20000076293945,"rate_of_return":0.0}
{"window":{"start":"2022-12-09T01:18:00.000Z","end":"2022-12-09T01:19:00.000Z"},"country":"Switzerland","OPM":1,"total_sale_volume":60.0,"rate_of_return":0.0}
{"window":{"start":"2022-12-08T14:02:00.000Z","end":"2022-12-08T14:03:00.000Z"},"country":"United Kingdom","OPM":11,"total_sale_volume":1171.6500225067139,"rate_of_return":0.0}
{"window":{"start":"2022-12-09T18:17:00.000Z","end":"2022-12-09T18:18:00.000Z"},"country":"United Kingdom","OPM":7,"total_sale_volume":213.39000391960144,"rate_of_return":0.14285714285714285}
{"window":{"start":"2022-12-08T13:40:00.000Z","end":"2022-12-08T13:41:00.000Z"},"country":"United Kingdom","OPM":9,"total_sale_volume":1420.2599477767944,"rate_of_return":0.1111111111111111}
{"window":{"start":"2022-12-08T22:48:00.000Z","end":"2022-12-08T22:49:00.000Z"},"country":"Channel Islands","OPM":1,"total_sale_volume":-34.22999954223633,"rate_of_return":1.0}
{"window":{"start":"2022-12-09T14:21:00.000Z","end":"2022-12-09T14:22:00.000Z"},"country":"United Kingdom","OPM":5,"total_sale_volume":335.26999950408936,"rate_of_return":0.0}
