{"window":{"start":"2022-12-08T15:01:00.000Z","end":"2022-12-08T15:02:00.000Z"},"country":"Germany","OPM":1,"total_sale_volume":34.91999816894531,"rate_of_return":0.0}
{"window":{"start":"2022-12-09T21:48:00.000Z","end":"2022-12-09T21:49:00.000Z"},"country":"United Kingdom","OPM":10,"total_sale_volume":506.15000009536743,"rate_of_return":0.1}
{"window":{"start":"2022-12-08T14:52:00.000Z","end":"2022-12-08T14:53:00.000Z"},"country":"Poland","OPM":1,"total_sale_volume":1.9500000476837158,"rate_of_return":0.0}
{"window":{"start":"2022-12-09T22:12:00.000Z","end":"2022-12-09T22:13:00.000Z"},"country":"Germany","OPM":1,"total_sale_volume":66.26000213623047,"rate_of_return":0.0}
{"window":{"start":"2022-12-09T20:47:00.000Z","end":"2022-12-09T20:48:00.000Z"},"country":"France","OPM":1,"total_sale_volume":138.8300018310547,"rate_of_return":0.0}
{"window":{"start":"2022-12-08T20:54:00.000Z","end":"2022-12-08T20:55:00.000Z"},"country":"France","OPM":2,"total_sale_volume":25.08000087738037,"rate_of_return":0.0}
{"window":{"start":"2022-12-09T09:35:00.000Z","end":"2022-12-09T09:36:00.000Z"},"country":"Germany","OPM":1,"total_sale_volume":44.720001220703125,"rate_of_return":0.0}
{"window":{"start":"2022-12-09T19:31:00.000Z","end":"2022-12-09T19:32:00.000Z"},"country":"United Kingdom","OPM":10,"total_sale_volume":587.5199958086014,"rate_of_return":0.0}
{"window":{"start":"2022-12-08T19:30:00.000Z","end":"2022-12-08T19:31:00.000Z"},"country":"United Kingdom","OPM":8,"total_sale_volume":272.9499998688698,"rate_of_return":0.0}
{"window":{"start":"2022-12-09T13:00:00.000Z","end":"2022-12-09T13:01:00.000Z"},"country":"Netherlands","OPM":1,"total_sale_volume":74.5,"rate_of_return":0.0}
{"window":{"start":"2022-12-09T05:14:00.000Z","end":"2022-12-09T05:15:00.000Z"},"country":"Netherlands","OPM":1,"total_sale_volume":-19.799999237060547,"rate_of_return":1.0}
{"window":{"start":"2022-12-08T17:24:00.000Z","end":"2022-12-08T17:25:00.000Z"},"country":"France","OPM":1,"total_sale_volume":30.56999969482422,"rate_of_return":0.0}
{"window":{"start":"2022-12-09T00:30:00.000Z","end":"2022-12-09T00:31:00.000Z"},"country":"France","OPM":1,"total_sale_volume":71.8499984741211,"rate_of_return":0.0}
{"window":{"start":"2022-12-09T17:02:00.000Z","end":"2022-12-09T17:03:00.000Z"},"country":"United Kingdom","OPM":12,"total_sale_volume":476.54002833366394,"rate_of_return":0.25}
{"window":{"start":"2022-12-08T14:22:00.000Z","end":"2022-12-08T14:23:00.000Z"},"country":"Belgium","OPM":1,"total_sale_volume":310.5,"rate_of_return":0.0}
{"window":{"start":"2022-12-08T14:54:00.000Z","end":"2022-12-08T14:55:00.000Z"},"country":"United Kingdom","OPM":11,"total_sale_volume":431.8699960708618,"rate_of_return":0.0}
