{"window":{"start":"2022-12-08T12:08:00.000Z","end":"2022-12-08T12:09:00.000Z"},"country":"United Kingdom","OPM":5,"total_sale_volume":286.39000606536865,"rate_of_return":0.0}
{"window":{"start":"2022-12-09T07:24:00.000Z","end":"2022-12-09T07:25:00.000Z"},"country":"United Kingdom","OPM":14,"total_sale_volume":1039.9500141143799,"rate_of_return":0.0}
{"window":{"start":"2022-12-09T22:42:00.000Z","end":"2022-12-09T22:43:00.000Z"},"country":"Germany","OPM":1,"total_sale_volume":199.20001220703125,"rate_of_return":0.0}
{"window":{"start":"2022-12-09T12:18:00.000Z","end":"2022-12-09T12:19:00.000Z"},"country":"United Kingdom","OPM":9,"total_sale_volume":417.8299865722656,"rate_of_return":0.2222222222222222}
{"window":{"start":"2022-12-09T15:58:00.000Z","end":"2022-12-09T15:59:00.000Z"},"country":"United Kingdom","OPM":9,"total_sale_volume":248.10000038146973,"rate_of_return":0.0}
{"window":{"start":"2022-12-09T03:19:00.000Z","end":"2022-12-09T03:20:00.000Z"},"country":"United Kingdom","OPM":15,"total_sale_volume":1261.3599877357483,"rate_of_return":0.0}
{"window":{"start":"2022-12-08T12:54:00.000Z","end":"2022-12-08T12:55:00.000Z"},"country":"United Kingdom","OPM":15,"total_sale_volume":1461.940043091774,"rate_of_return":0.0}
{"window":{"start":"2022-12-09T08:33:00.000Z","end":"2022-12-09T08:34:00.000Z"},"country":"United Kingdom","OPM":15,"total_sale_volume":688.6099874973297,"rate_of_return":0.13333333333333333}
{"window":{"start":"2022-12-08T21:34:00.000Z","end":"2022-12-08T21:35:00.000Z"},"country":"United Kingdom","OPM":13,"total_sale_volume":1290.9300060272217,"rate_of_return":0.0}
{"window":{"start":"2022-12-09T12:01:00.000Z","end":"2022-12-09T12:02:00.000Z"},"country":"Germany","OPM":1,"total_sale_volume":6.019999980926514,"rate_of_return":0.0}
{"window":{"start":"2022-12-08T22:17:00.000Z","end":"2022-12-08T22:18:00.000Z"},"country":"EIRE","OPM":1,"total_sale_volume":187.60000610351562,"rate_of_return":0.0}
{"window":{"start":"2022-12-09T04:03:00.000Z","end":"2022-12-09T04:04:00.000Z"},"country":"United Kingdom","OPM":8,"total_sale_volume":764.3600082397461,"rate_of_return":0.125}
{"window":{"start":"2022-12-08T11:57:00.000Z","end":"2022-12-08T11:58:00.000Z"},"country":"United Kingdom","OPM":11,"total_sale_volume":522.0900015830994,"rate_of_return":0.0}
{"window":{"start":"2022-12-09T18:36:00.000Z","end":"2022-12-09T18:37:00.000Z"},"country":"France","OPM":1,"total_sale_volume":135.58999633789062,"rate_of_return":0.0}
{"window":{"start":"2022-12-09T04:48:00.000Z","end":"2022-12-09T04:49:00.000Z"},"country":"United Kingdom","OPM":8,"total_sale_volume":87.19000613689423,"rate_of_return":0.125}
{"window":{"start":"2022-12-08T16:20:00.000Z","end":"2022-12-08T16:21:00.000Z"},"country":"United Kingdom","OPM":12,"total_sale_volume":466.77999997138977,"rate_of_return":0.08333333333333333}
{"window":{"start":"2022-12-09T01:51:00.000Z","end":"2022-12-09T01:52:00.000Z"},"country":"Cyprus","OPM":1,"total_sale_volume":91.72000122070312,"rate_of_return":0.0}
{"window":{"start":"2022-12-09T22:45:00.000Z","end":"2022-12-09T22:46:00.000Z"},"country":"Germany","OPM":1,"total_sale_volume":51.7599983215332,"rate_of_return":0.0}
{"window":{"start":"2022-12-08T12:57:00.000Z","end":"2022-12-08T12:58:00.000Z"},"country":"United Kingdom","OPM":5,"total_sale_volume":231.85999941825867,"rate_of_return":0.0}
{"window":{"start":"2022-12-09T15:04:00.000Z","end":"2022-12-09T15:05:00.000Z"},"country":"France","OPM":1,"total_sale_volume":26.049999237060547,"rate_of_return":0.0}
{"window":{"start":"2022-12-08T09:20:00.000Z","end":"2022-12-08T09:21:00.000Z"},"country":"United Kingdom","OPM":6,"total_sale_volume":317.7899899482727,"rate_of_return":0.0}
{"window":{"start":"2022-12-09T10:36:00.000Z","end":"2022-12-09T10:37:00.000Z"},"country":"United Kingdom","OPM":16,"total_sale_volume":683.6700010299683,"rate_of_return":0.0}
{"window":{"start":"2022-12-08T15:48:00.000Z","end":"2022-12-08T15:49:00.000Z"},"country":"Germany","OPM":2,"total_sale_volume":759.129955291748,"rate_of_return":0.0}
{"window":{"start":"2022-12-09T06:35:00.000Z","end":"2022-12-09T06:36:00.000Z"},"country":"United Kingdom","OPM":12,"total_sale_volume":989.7499809265137,"rate_of_return":0.08333333333333333}
{"window":{"start":"2022-12-09T10:05:00.000Z","end":"2022-12-09T10:06:00.000Z"},"country":"United Kingdom","OPM":5,"total_sale_volume":88.33999902009964,"rate_of_return":0.0}
{"window":{"start":"2022-12-09T21:47:00.000Z","end":"2022-12-09T21:48:00.000Z"},"country":"United Kingdom","OPM":9,"total_sale_volume":474.5199956893921,"rate_of_return":0.0}
