{"window":{"start":"2022-12-09T11:49:00.000Z","end":"2022-12-09T11:50:00.000Z"},"country":"France","OPM":1,"total_sale_volume":40.34000015258789,"rate_of_return":0.0}
{"window":{"start":"2022-12-09T03:20:00.000Z","end":"2022-12-09T03:21:00.000Z"},"country":"United Kingdom","OPM":4,"total_sale_volume":651.8000183105469,"rate_of_return":0.25}
{"window":{"start":"2022-12-09T06:16:00.000Z","end":"2022-12-09T06:17:00.000Z"},"country":"United Kingdom","OPM":14,"total_sale_volume":529.9700111150742,"rate_of_return":0.21428571428571427}
{"window":{"start":"2022-12-09T20:18:00.000Z","end":"2022-12-09T20:19:00.000Z"},"country":"United Kingdom","OPM":10,"total_sale_volume":394.46999192237854,"rate_of_return":0.0}
{"window":{"start":"2022-12-08T23:09:00.000Z","end":"2022-12-08T23:10:00.000Z"},"country":"Germany","OPM":1,"total_sale_volume":79.26000213623047,"rate_of_return":0.0}
{"window":{"start":"2022-12-09T12:23:00.000Z","end":"2022-12-09T12:24:00.000Z"},"country":"EIRE","OPM":1,"total_sale_volume":24.950000762939453,"rate_of_return":0.0}
{"window":{"start":"2022-12-09T15:29:00.000Z","end":"2022-12-09T15:30:00.000Z"},"country":"United Kingdom","OPM":7,"total_sale_volume":885.4200038909912,"rate_of_return":0.14285714285714285}
{"window":{"start":"2022-12-09T19:29:00.000Z","end":"2022-12-09T19:30:00.000Z"},"country":"Germany","OPM":1,"total_sale_volume":16.5,"rate_of_return":0.0}
{"window":{"start":"2022-12-09T04:20:00.000Z","end":"2022-12-09T04:21:00.000Z"},"country":"United Kingdom","OPM":16,"total_sale_volume":872.8099946975708,"rate_of_return":0.0}
{"window":{"start":"2022-12-08T15:51:00.000Z","end":"2022-12-08T15:52:00.000Z"},"country":"United Kingdom","OPM":7,"total_sale_volume":350.710000038147,"rate_of_return":0.0}
{"window":{"start":"2022-12-08T22:58:00.000Z","end":"2022-12-08T22:59:00.000Z"},"country":"United Kingdom","OPM":8,"total_sale_volume":948.6699640750885,"rate_of_return":0.0}
{"window":{"start":"2022-12-09T08:42:00.000Z","end":"2022-12-09T08:43:00.000Z"},"country":"Netherlands","OPM":1,"total_sale_volume":26.979999542236328,"rate_of_return":0.0}
{"window":{"start":"2022-12-09T07:54:00.000Z","end":"2022-12-09T07:55:00.000Z"},"country":"Portugal","OPM":1,"total_sale_volume":12.15000057220459,"rate_of_return":0.0}
{"window":{"start":"2022-12-08T17:31:00.000Z","end":"2022-12-08T17:32:00.000Z"},"country":"United Kingdom","OPM":13,"total_sale_volume":1227.3300008773804,"rate_of_return":0.07692307692307693}
{"window":{"start":"2022-12-09T13:40:00.000Z","end":"2022-12-09T13:41:00.000Z"},"country":"United Kingdom","OPM":9,"total_sale_volume":567.9200010299683,"rate_of_return":0.0}
{"window":{"start":"2022-12-08T20:30:00.000Z","end":"2022-12-08T20:31:00.000Z"},"country":"EIRE","OPM":1,"total_sale_volume":23.459999084472656,"rate_of_return":0.0}
{"window":{"start":"2022-12-08T17:18:00.000Z","end":"2022-12-08T17:19:00.000Z"},"country":"Germany","OPM":1,"total_sale_volume":59.880001068115234,"rate_of_return":0.0}
{"window":{"start":"2022-12-08T19:42:00.000Z","end":"2022-12-08T19:43:00.000Z"},"country":"United Kingdom","OPM":5,"total_sale_volume":130.9000005722046,"rate_of_return":0.0}
{"window":{"start":"2022-12-09T22:08:00.000Z","end":"2022-12-09T22:09:00.000Z"},"country":"United Kingdom","OPM":9,"total_sale_volume":1742.5499458312988,"rate_of_return":0.1111111111111111}
