{"window":{"start":"2022-12-09T12:26:00.000Z","end":"2022-12-09T12:27:00.000Z"},"country":"Netherlands","OPM":1,"total_sale_volume":25.049999237060547,"rate_of_return":0.0}
{"window":{"start":"2022-12-09T09:51:00.000Z","end":"2022-12-09T09:52:00.000Z"},"country":"United Kingdom","OPM":8,"total_sale_volume":120.39999759197235,"rate_of_return":0.125}
{"window":{"start":"2022-12-09T20:59:00.000Z","end":"2022-12-09T21:00:00.000Z"},"country":"Norway","OPM":1,"total_sale_volume":26.53999900817871,"rate_of_return":0.0}
{"window":{"start":"2022-12-08T16:33:00.000Z","end":"2022-12-08T16:34:00.000Z"},"country":"United Kingdom","OPM":13,"total_sale_volume":170.5100028514862,"rate_of_return":0.15384615384615385}
{"window":{"start":"2022-12-08T23:40:00.000Z","end":"2022-12-08T23:41:00.000Z"},"country":"France","OPM":1,"total_sale_volume":-3.75,"rate_of_return":1.0}
{"window":{"start":"2022-12-09T08:41:00.000Z","end":"2022-12-09T08:42:00.000Z"},"country":"United Kingdom","OPM":9,"total_sale_volume":455.319993019104,"rate_of_return":0.1111111111111111}
{"window":{"start":"2022-12-08T15:06:00.000Z","end":"2022-12-08T15:07:00.000Z"},"country":"United Kingdom","OPM":11,"total_sale_volume":847.1200022697449,"rate_of_return":0.0}
{"window":{"start":"2022-12-08T15:02:00.000Z","end":"2022-12-08T15:03:00.000Z"},"country":"United Kingdom","OPM":9,"total_sale_volume":452.35999143123627,"rate_of_return":0.0}
{"window":{"start":"2022-12-08T09:22:00.000Z","end":"2022-12-08T09:23:00.000Z"},"country":"United Kingdom","OPM":11,"total_sale_volume":385.54999828338623,"rate_of_return":0.0}
{"window":{"start":"2022-12-09T20:35:00.000Z","end":"2022-12-09T20:36:00.000Z"},"country":"EIRE","OPM":1,"total_sale_volume":25.950000762939453,"rate_of_return":0.0}
{"window":{"start":"2022-12-09T11:23:00.000Z","end":"2022-12-09T11:24:00.000Z"},"country":"United Kingdom","OPM":11,"total_sale_volume":438.68000531196594,"rate_of_return":0.0}
{"window":{"start":"2022-12-09T21:17:00.000Z","end":"2022-12-09T21:18:00.000Z"},"country":"France","OPM":1,"total_sale_volume":3.3499999046325684,"rate_of_return":0.0}
{"window":{"start":"2022-12-08T23:35:00.000Z","end":"2022-12-08T23:36:00.000Z"},"country":"Germany","OPM":1,"total_sale_volume":3.75,"rate_of_return":0.0}
{"window":{"start":"2022-12-09T09:10:00.000Z","end":"2022-12-09T09:11:00.000Z"},"country":"United Kingdom","OPM":5,"total_sale_volume":161.60999584197998,"rate_of_return":0.0}
{"window":{"start":"2022-12-09T22:48:00.000Z","end":"2022-12-09T22:49:00.000Z"},"country":"United Kingdom","OPM":6,"total_sale_volume":213.70999908447266,"rate_of_return":0.16666666666666666}
{"window":{"start":"2022-12-09T03:55:00.000Z","end":"2022-12-09T03:56:00.000Z"},"country":"Portugal","OPM":1,"total_sale_volume":64.51000213623047,"rate_of_return":0.0}
{"window":{"start":"2022-12-09T18:08:00.000Z","end":"2022-12-09T18:09:00.000Z"},"country":"Finland","OPM":1,"total_sale_volume":51.0,"rate_of_return":0.0}
{"window":{"start":"2022-12-09T14:28:00.000Z","end":"2022-12-09T14:29:00.000Z"},"country":"Japan","OPM":1,"total_sale_volume":40.72999954223633,"rate_of_return":0.0}
{"window":{"start":"2022-12-08T20:25:00.000Z","end":"2022-12-08T20:26:00.000Z"},"country":"Norway","OPM":1,"total_sale_volume":4.949999809265137,"rate_of_return":0.0}
{"window":{"start":"2022-12-08T17:11:00.000Z","end":"2022-12-08T17:12:00.000Z"},"country":"United Kingdom","OPM":16,"total_sale_volume":1092.649993777275,"rate_of_return":0.0}
{"window":{"start":"2022-12-09T19:07:00.000Z","end":"2022-12-09T19:08:00.000Z"},"country":"United Kingdom","OPM":12,"total_sale_volume":1150.2600193619728,"rate_of_return":0.0}
{"window":{"start":"2022-12-08T23:30:00.000Z","end":"2022-12-08T23:31:00.000Z"},"country":"Germany","OPM":1,"total_sale_volume":190.1699981689453,"rate_of_return":0.0}
{"window":{"start":"2022-12-09T17:00:00.000Z","end":"2022-12-09T17:01:00.000Z"},"country":"Norway","OPM":1,"total_sale_volume":14.039999008178711,"rate_of_return":0.0}
{"window":{"start":"2022-12-09T21:30:00.000Z","end":"2022-12-09T21:31:00.000Z"},"country":"Germany","OPM":1,"total_sale_volume":12.479999542236328,"rate_of_return":0.0}
{"window":{"start":"2022-12-09T12:07:00.000Z","end":"2022-12-09T12:08:00.000Z"},"country":"United Kingdom","OPM":13,"total_sale_volume":441.88001120090485,"rate_of_return":0.07692307692307693}
{"window":{"start":"2022-12-08T08:55:00.000Z","end":"2022-12-08T08:56:00.000Z"},"country":"Netherlands","OPM":1,"total_sale_volume":1655.6400146484375,"rate_of_return":0.0}
