{"window":{"start":"2022-12-08T11:47:00.000Z","end":"2022-12-08T11:48:00.000Z"},"country":"EIRE","OPM":1,"total_sale_volume":4.25,"rate_of_return":0.0}
{"window":{"start":"2022-12-08T20:38:00.000Z","end":"2022-12-08T20:39:00.000Z"},"country":"Malta","OPM":1,"total_sale_volume":63.56999969482422,"rate_of_return":0.0}
{"window":{"start":"2022-12-09T09:43:00.000Z","end":"2022-12-09T09:44:00.000Z"},"country":"United Kingdom","OPM":8,"total_sale_volume":263.780002117157,"rate_of_return":0.0}
{"window":{"start":"2022-12-08T21:33:00.000Z","end":"2022-12-08T21:34:00.000Z"},"country":"United Kingdom","OPM":13,"total_sale_volume":684.9500045776367,"rate_of_return":0.0}
{"window":{"start":"2022-12-08T21:14:00.000Z","end":"2022-12-08T21:15:00.000Z"},"country":"United Kingdom","OPM":9,"total_sale_volume":671.42999958992,"rate_of_return":0.1111111111111111}
{"window":{"start":"2022-12-08T19:10:00.000Z","end":"2022-12-08T19:11:00.000Z"},"country":"EIRE","OPM":1,"total_sale_volume":33.0,"rate_of_return":0.0}
{"window":{"start":"2022-12-08T21:01:00.000Z","end":"2022-12-08T21:02:00.000Z"},"country":"EIRE","OPM":1,"total_sale_volume":52.04999923706055,"rate_of_return":0.0}
{"window":{"start":"2022-12-09T06:50:00.000Z","end":"2022-12-09T06:51:00.000Z"},"country":"France","OPM":1,"total_sale_volume":2.5500001907348633,"rate_of_return":0.0}
{"window":{"start":"2022-12-09T11:10:00.000Z","end":"2022-12-09T11:11:00.000Z"},"country":"United Kingdom","OPM":3,"total_sale_volume":42.920000076293945,"rate_of_return":0.0}
{"window":{"start":"2022-12-08T16:23:00.000Z","end":"2022-12-08T16:24:00.000Z"},"country":"United Kingdom","OPM":8,"total_sale_volume":243.82000398635864,"rate_of_return":0.125}
{"window":{"start":"2022-12-09T10:36:00.000Z","end":"2022-12-09T10:37:00.000Z"},"country":"Austria","OPM":1,"total_sale_volume":19.959999084472656,"rate_of_return":0.0}
{"window":{"start":"2022-12-09T21:19:00.000Z","end":"2022-12-09T21:20:00.000Z"},"country":"United Kingdom","OPM":7,"total_sale_volume":629.2299867868423,"rate_of_return":0.0}
{"window":{"start":"2022-12-09T19:52:00.000Z","end":"2022-12-09T19:53:00.000Z"},"country":"Germany","OPM":1,"total_sale_volume":51.08000183105469,"rate_of_return":0.0}
{"window":{"start":"2022-12-09T01:51:00.000Z","end":"2022-12-09T01:52:00.000Z"},"country":"France","OPM":1,"total_sale_volume":40.72999954223633,"rate_of_return":0.0}
{"window":{"start":"2022-12-09T22:50:00.000Z","end":"2022-12-09T22:51:00.000Z"},"country":"United Kingdom","OPM":11,"total_sale_volume":2730.0798066854477,"rate_of_return":0.0}
{"window":{"start":"2022-12-09T10:47:00.000Z","end":"2022-12-09T10:48:00.000Z"},"country":"United Kingdom","OPM":14,"total_sale_volume":845.9899978637695,"rate_of_return":0.0}
{"window":{"start":"2022-12-08T17:59:00.000Z","end":"2022-12-08T18:00:00.000Z"},"country":"United Kingdom","OPM":14,"total_sale_volume":844.929995059967,"rate_of_return":0.07142857142857142}
{"window":{"start":"2022-12-09T00:16:00.000Z","end":"2022-12-09T00:17:00.000Z"},"country":"France","OPM":1,"total_sale_volume":49.54999923706055,"rate_of_return":0.0}
{"window":{"start":"2022-12-08T12:01:00.000Z","end":"2022-12-08T12:02:00.000Z"},"country":"EIRE","OPM":1,"total_sale_volume":19.559999465942383,"rate_of_return":0.0}
{"window":{"start":"2022-12-09T20:30:00.000Z","end":"2022-12-09T20:31:00.000Z"},"country":"Iceland","OPM":1,"total_sale_volume":485.33001708984375,"rate_of_return":0.0}
{"window":{"start":"2022-12-09T13:44:00.000Z","end":"2022-12-09T13:45:00.000Z"},"country":"United Kingdom","OPM":15,"total_sale_volume":1243.0199880599976,"rate_of_return":0.0}
{"window":{"start":"2022-12-08T10:29:00.000Z","end":"2022-12-08T10:30:00.000Z"},"country":"United Kingdom","OPM":9,"total_sale_volume":782.1599721908569,"rate_of_return":0.1111111111111111}
{"window":{"start":"2022-12-08T08:40:00.000Z","end":"2022-12-08T08:41:00.000Z"},"country":"United Kingdom","OPM":7,"total_sale_volume":112.1200008392334,"rate_of_return":0.0}
{"window":{"start":"2022-12-09T17:21:00.000Z","end":"2022-12-09T17:22:00.000Z"},"country":"Australia","OPM":1,"total_sale_volume":20.549999237060547,"rate_of_return":0.0}
{"window":{"start":"2022-12-08T15:33:00.000Z","end":"2022-12-08T15:34:00.000Z"},"country":"Belgium","OPM":1,"total_sale_volume":28.93000030517578,"rate_of_return":0.0}
