{"window":{"start":"2022-12-08T18:36:00.000Z","end":"2022-12-08T18:37:00.000Z"},"country":"United Kingdom","OPM":8,"total_sale_volume":493.1199941635132,"rate_of_return":0.125}
{"window":{"start":"2022-12-09T10:22:00.000Z","end":"2022-12-09T10:23:00.000Z"},"country":"France","OPM":1,"total_sale_volume":36.18000030517578,"rate_of_return":0.0}
{"window":{"start":"2022-12-08T14:16:00.000Z","end":"2022-12-08T14:17:00.000Z"},"country":"Netherlands","OPM":1,"total_sale_volume":53.47999954223633,"rate_of_return":0.0}
{"window":{"start":"2022-12-09T13:50:00.000Z","end":"2022-12-09T13:51:00.000Z"},"country":"Australia","OPM":1,"total_sale_volume":-99.41999816894531,"rate_of_return":1.0}
{"window":{"start":"2022-12-08T14:57:00.000Z","end":"2022-12-08T14:58:00.000Z"},"country":"United Kingdom","OPM":9,"total_sale_volume":408.8500064611435,"rate_of_return":0.0}
{"window":{"start":"2022-12-09T12:49:00.000Z","end":"2022-12-09T12:50:00.000Z"},"country":"United Kingdom","OPM":8,"total_sale_volume":280.2500009536743,"rate_of_return":0.0}
{"window":{"start":"2022-12-09T11:04:00.000Z","end":"2022-12-09T11:05:00.000Z"},"country":"Japan","OPM":1,"total_sale_volume":5.039999961853027,"rate_of_return":0.0}
{"window":{"start":"2022-12-09T13:24:00.000Z","end":"2022-12-09T13:25:00.000Z"},"country":"France","OPM":1,"total_sale_volume":35.790000915527344,"rate_of_return":0.0}
{"window":{"start":"2022-12-09T14:25:00.000Z","end":"2022-12-09T14:26:00.000Z"},"country":"United Kingdom","OPM":14,"total_sale_volume":1988.7499704360962,"rate_of_return":0.07142857142857142}
{"window":{"start":"2022-12-09T20:14:00.000Z","end":"2022-12-09T20:15:00.000Z"},"country":"Belgium","OPM":1,"total_sale_volume":1.649999976158142,"rate_of_return":0.0}
{"window":{"start":"2022-12-09T04:52:00.000Z","end":"2022-12-09T04:53:00.000Z"},"country":"United Kingdom","OPM":10,"total_sale_volume":446.7300009727478,"rate_of_return":0.1}
{"window":{"start":"2022-12-09T07:19:00.000Z","end":"2022-12-09T07:20:00.000Z"},"country":"Germany","OPM":1,"total_sale_volume":19.43000030517578,"rate_of_return":0.0}
{"window":{"start":"2022-12-08T10:43:00.000Z","end":"2022-12-08T10:44:00.000Z"},"country":"United Kingdom","OPM":5,"total_sale_volume":425.9800043106079,"rate_of_return":0.0}
{"window":{"start":"2022-12-09T20:24:00.000Z","end":"2022-12-09T20:25:00.000Z"},"country":"Germany","OPM":1,"total_sale_volume":1.4500000476837158,"rate_of_return":0.0}
{"window":{"start":"2022-12-08T15:26:00.000Z","end":"2022-12-08T15:27:00.000Z"},"country":"France","OPM":1,"total_sale_volume":58.66999816894531,"rate_of_return":0.0}
{"window":{"start":"2022-12-08T11:07:00.000Z","end":"2022-12-08T11:08:00.000Z"},"country":"United Kingdom","OPM":11,"total_sale_volume":894.8000049591064,"rate_of_return":0.09090909090909091}
{"window":{"start":"2022-12-08T18:32:00.000Z","end":"2022-12-08T18:33:00.000Z"},"country":"United Kingdom","OPM":10,"total_sale_volume":269.6199975013733,"rate_of_return":0.1}
{"window":{"start":"2022-12-09T09:23:00.000Z","end":"2022-12-09T09:24:00.000Z"},"country":"United Kingdom","OPM":10,"total_sale_volume":309.8500025868416,"rate_of_return":0.1}
{"window":{"start":"2022-12-09T22:39:00.000Z","end":"2022-12-09T22:40:00.000Z"},"country":"Iceland","OPM":1,"total_sale_volume":55.31999969482422,"rate_of_return":0.0}
{"window":{"start":"2022-12-09T19:21:00.000Z","end":"2022-12-09T19:22:00.000Z"},"country":"Germany","OPM":1,"total_sale_volume":192.33999633789062,"rate_of_return":0.0}
{"window":{"start":"2022-12-08T09:00:00.000Z","end":"2022-12-08T09:01:00.000Z"},"country":"United Kingdom","OPM":12,"total_sale_volume":2183.6099677085876,"rate_of_return":0.0}
{"window":{"start":"2022-12-09T16:44:00.000Z","end":"2022-12-09T16:45:00.000Z"},"country":"United Kingdom","OPM":12,"total_sale_volume":784.4499988555908,"rate_of_return":0.25}
{"window":{"start":"2022-12-09T10:58:00.000Z","end":"2022-12-09T10:59:00.000Z"},"country":"United Kingdom","OPM":12,"total_sale_volume":235.8700077533722,"rate_of_return":0.25}
