{"window":{"start":"2022-12-08T21:39:00.000Z","end":"2022-12-08T21:40:00.000Z"},"country":"United Kingdom","OPM":8,"total_sale_volume":605.4800090789795,"rate_of_return":0.0}
{"window":{"start":"2022-12-09T04:14:00.000Z","end":"2022-12-09T04:15:00.000Z"},"country":"United Kingdom","OPM":7,"total_sale_volume":72.01000547409058,"rate_of_return":0.14285714285714285}
{"window":{"start":"2022-12-08T14:43:00.000Z","end":"2022-12-08T14:44:00.000Z"},"country":"United Kingdom","OPM":12,"total_sale_volume":406.70999574661255,"rate_of_return":0.0}
{"window":{"start":"2022-12-09T11:38:00.000Z","end":"2022-12-09T11:39:00.000Z"},"country":"United Kingdom","OPM":11,"total_sale_volume":312.45998668670654,"rate_of_return":0.18181818181818182}
{"window":{"start":"2022-12-09T14:55:00.000Z","end":"2022-12-09T14:56:00.000Z"},"country":"United Kingdom","OPM":9,"total_sale_volume":515.729998588562,"rate_of_return":0.0}
{"window":{"start":"2022-12-09T01:20:00.000Z","end":"2022-12-09T01:21:00.000Z"},"country":"United Kingdom","OPM":11,"total_sale_volume":672.6299867630005,"rate_of_return":0.0}
{"window":{"start":"2022-12-09T15:23:00.000Z","end":"2022-12-09T15:24:00.000Z"},"country":"Cyprus","OPM":1,"total_sale_volume":12.489999771118164,"rate_of_return":0.0}
{"window":{"start":"2022-12-09T14:18:00.000Z","end":"2022-12-09T14:19:00.000Z"},"country":"France","OPM":1,"total_sale_volume":0.550000011920929,"rate_of_return":0.0}
{"window":{"start":"2022-12-08T16:06:00.000Z","end":"2022-12-08T16:07:00.000Z"},"country":"Netherlands","OPM":1,"total_sale_volume":37.790000915527344,"rate_of_return":0.0}
{"window":{"start":"2022-12-09T21:57:00.000Z","end":"2022-12-09T21:58:00.000Z"},"country":"United Kingdom","OPM":12,"total_sale_volume":466.40000796318054,"rate_of_return":0.08333333333333333}
{"window":{"start":"2022-12-08T20:32:00.000Z","end":"2022-12-08T20:33:00.000Z"},"country":"United Kingdom","OPM":10,"total_sale_volume":936.7400102615356,"rate_of_return":0.0}
{"window":{"start":"2022-12-08T11:28:00.000Z","end":"2022-12-08T11:29:00.000Z"},"country":"Germany","OPM":1,"total_sale_volume":0.38999998569488525,"rate_of_return":0.0}
{"window":{"start":"2022-12-08T08:54:00.000Z","end":"2022-12-08T08:55:00.000Z"},"country":"United Kingdom","OPM":8,"total_sale_volume":383.18999004364014,"rate_of_return":0.125}
{"window":{"start":"2022-12-09T01:10:00.000Z","end":"2022-12-09T01:11:00.000Z"},"country":"France","OPM":1,"total_sale_volume":22.209999084472656,"rate_of_return":0.0}
{"window":{"start":"2022-12-09T10:19:00.000Z","end":"2022-12-09T10:20:00.000Z"},"country":"Hong Kong","OPM":1,"total_sale_volume":4.199999809265137,"rate_of_return":0.0}
{"window":{"start":"2022-12-09T14:03:00.000Z","end":"2022-12-09T14:04:00.000Z"},"country":"United Kingdom","OPM":8,"total_sale_volume":499.25001430511475,"rate_of_return":0.0}
{"window":{"start":"2022-12-08T13:15:00.000Z","end":"2022-12-08T13:16:00.000Z"},"country":"United Kingdom","OPM":6,"total_sale_volume":280.46000051498413,"rate_of_return":0.0}
{"window":{"start":"2022-12-09T12:59:00.000Z","end":"2022-12-09T13:00:00.000Z"},"country":"Sweden","OPM":1,"total_sale_volume":131.47999572753906,"rate_of_return":0.0}
{"window":{"start":"2022-12-09T04:36:00.000Z","end":"2022-12-09T04:37:00.000Z"},"country":"EIRE","OPM":1,"total_sale_volume":29.200000762939453,"rate_of_return":0.0}
