{"window":{"start":"2022-12-09T06:23:00.000Z","end":"2022-12-09T06:24:00.000Z"},"country":"United Kingdom","OPM":5,"total_sale_volume":175.32000350952148,"rate_of_return":0.0}
{"window":{"start":"2022-12-09T13:59:00.000Z","end":"2022-12-09T14:00:00.000Z"},"country":"EIRE","OPM":1,"total_sale_volume":35.22999954223633,"rate_of_return":0.0}
{"window":{"start":"2022-12-08T20:18:00.000Z","end":"2022-12-08T20:19:00.000Z"},"country":"United Kingdom","OPM":9,"total_sale_volume":316.22999382019043,"rate_of_return":0.0}
{"window":{"start":"2022-12-09T12:22:00.000Z","end":"2022-12-09T12:23:00.000Z"},"country":"United Kingdom","OPM":10,"total_sale_volume":1252.389971792698,"rate_of_return":0.0}
{"window":{"start":"2022-12-08T15:47:00.000Z","end":"2022-12-08T15:48:00.000Z"},"country":"Finland","OPM":1,"total_sale_volume":116.19000244140625,"rate_of_return":0.0}
{"window":{"start":"2022-12-08T14:10:00.000Z","end":"2022-12-08T14:11:00.000Z"},"country":"Japan","OPM":1,"total_sale_volume":73.05999755859375,"rate_of_return":0.0}
{"window":{"start":"2022-12-08T20:50:00.000Z","end":"2022-12-08T20:51:00.000Z"},"country":"United Kingdom","OPM":6,"total_sale_volume":535.6699981689453,"rate_of_return":0.0}
{"window":{"start":"2022-12-09T00:59:00.000Z","end":"2022-12-09T01:00:00.000Z"},"country":"United Kingdom","OPM":12,"total_sale_volume":667.7400069236755,"rate_of_return":0.08333333333333333}
{"window":{"start":"2022-12-09T23:41:00.000Z","end":"2022-12-09T23:42:00.000Z"},"country":"EIRE","OPM":1,"total_sale_volume":238.5,"rate_of_return":0.0}
{"window":{"start":"2022-12-09T06:05:00.000Z","end":"2022-12-09T06:06:00.000Z"},"country":"United Kingdom","OPM":4,"total_sale_volume":164.9499969482422,"rate_of_return":0.0}
{"window":{"start":"2022-12-09T01:48:00.000Z","end":"2022-12-09T01:49:00.000Z"},"country":"United Kingdom","OPM":9,"total_sale_volume":391.9500036239624,"rate_of_return":0.0}
{"window":{"start":"2022-12-08T18:21:00.000Z","end":"2022-12-08T18:22:00.000Z"},"country":"United Kingdom","OPM":11,"total_sale_volume":938.7699899673462,"rate_of_return":0.09090909090909091}
{"window":{"start":"2022-12-08T15:36:00.000Z","end":"2022-12-08T15:37:00.000Z"},"country":"United Kingdom","OPM":10,"total_sale_volume":827.4199876785278,"rate_of_return":0.0}
{"window":{"start":"2022-12-08T09:53:00.000Z","end":"2022-12-08T09:54:00.000Z"},"country":"United Kingdom","OPM":11,"total_sale_volume":1773.0099468231201,"rate_of_return":0.09090909090909091}
