{"window":{"start":"2022-12-09T05:42:00.000Z","end":"2022-12-09T05:43:00.000Z"},"country":"United Kingdom","OPM":6,"total_sale_volume":172.31000328063965,"rate_of_return":0.16666666666666666}
{"window":{"start":"2022-12-09T09:55:00.000Z","end":"2022-12-09T09:56:00.000Z"},"country":"United Kingdom","OPM":10,"total_sale_volume":1599.3000354766846,"rate_of_return":0.1}
{"window":{"start":"2022-12-08T23:21:00.000Z","end":"2022-12-08T23:22:00.000Z"},"country":"United Kingdom","OPM":12,"total_sale_volume":631.1699846982956,"rate_of_return":0.0}
{"window":{"start":"2022-12-09T01:54:00.000Z","end":"2022-12-09T01:55:00.000Z"},"country":"United Kingdom","OPM":8,"total_sale_volume":377.90000903606415,"rate_of_return":0.0}
{"window":{"start":"2022-12-09T03:31:00.000Z","end":"2022-12-09T03:32:00.000Z"},"country":"Belgium","OPM":1,"total_sale_volume":13.449999809265137,"rate_of_return":0.0}
{"window":{"start":"2022-12-09T21:51:00.000Z","end":"2022-12-09T21:52:00.000Z"},"country":"EIRE","OPM":1,"total_sale_volume":56.400001525878906,"rate_of_return":0.0}
{"window":{"start":"2022-12-09T08:05:00.000Z","end":"2022-12-09T08:06:00.000Z"},"country":"United Kingdom","OPM":6,"total_sale_volume":-60.86998748779297,"rate_of_return":0.3333333333333333}
{"window":{"start":"2022-12-09T06:22:00.000Z","end":"2022-12-09T06:23:00.000Z"},"country":"France","OPM":1,"total_sale_volume":59.150001525878906,"rate_of_return":0.0}
{"window":{"start":"2022-12-09T21:14:00.000Z","end":"2022-12-09T21:15:00.000Z"},"country":"United Kingdom","OPM":10,"total_sale_volume":295.0599994659424,"rate_of_return":0.2}
{"window":{"start":"2022-12-09T19:49:00.000Z","end":"2022-12-09T19:50:00.000Z"},"country":"Switzerland","OPM":1,"total_sale_volume":31.790000915527344,"rate_of_return":0.0}
{"window":{"start":"2022-12-08T23:18:00.000Z","end":"2022-12-08T23:19:00.000Z"},"country":"Cyprus","OPM":1,"total_sale_volume":29.84000015258789,"rate_of_return":0.0}
{"window":{"start":"2022-12-09T01:38:00.000Z","end":"2022-12-09T01:39:00.000Z"},"country":"France","OPM":1,"total_sale_volume":24.839998245239258,"rate_of_return":0.0}
{"window":{"start":"2022-12-08T20:11:00.000Z","end":"2022-12-08T20:12:00.000Z"},"country":"United Kingdom","OPM":2,"total_sale_volume":276.6400146484375,"rate_of_return":0.0}
{"window":{"start":"2022-12-09T05:22:00.000Z","end":"2022-12-09T05:23:00.000Z"},"country":"EIRE","OPM":1,"total_sale_volume":99.00999450683594,"rate_of_return":0.0}
{"window":{"start":"2022-12-09T18:03:00.000Z","end":"2022-12-09T18:04:00.000Z"},"country":"Finland","OPM":1,"total_sale_volume":106.68000030517578,"rate_of_return":0.0}
{"window":{"start":"2022-12-09T23:02:00.000Z","end":"2022-12-09T23:03:00.000Z"},"country":"United Kingdom","OPM":9,"total_sale_volume":443.05999714136124,"rate_of_return":0.0}
{"window":{"start":"2022-12-08T20:27:00.000Z","end":"2022-12-08T20:28:00.000Z"},"country":"United Kingdom","OPM":10,"total_sale_volume":685.6999979019165,"rate_of_return":0.0}
{"window":{"start":"2022-12-09T19:58:00.000Z","end":"2022-12-09T19:59:00.000Z"},"country":"United Kingdom","OPM":8,"total_sale_volume":287.31000566482544,"rate_of_return":0.0}
{"window":{"start":"2022-12-08T11:21:00.000Z","end":"2022-12-08T11:22:00.000Z"},"country":"United Kingdom","OPM":5,"total_sale_volume":99.7599983215332,"rate_of_return":0.2}
