{"window":{"start":"2022-12-08T14:00:00.000Z","end":"2022-12-08T14:01:00.000Z"},"country":"Belgium","OPM":1,"total_sale_volume":10.59000015258789,"rate_of_return":0.0}
{"window":{"start":"2022-12-09T15:17:00.000Z","end":"2022-12-09T15:18:00.000Z"},"country":"United Kingdom","OPM":13,"total_sale_volume":567.2299877405167,"rate_of_return":0.0}
{"window":{"start":"2022-12-08T16:22:00.000Z","end":"2022-12-08T16:23:00.000Z"},"country":"United Kingdom","OPM":15,"total_sale_volume":746.4299997091293,"rate_of_return":0.06666666666666667}
{"window":{"start":"2022-12-08T15:38:00.000Z","end":"2022-12-08T15:39:00.000Z"},"country":"Netherlands","OPM":1,"total_sale_volume":147.8800048828125,"rate_of_return":0.0}
{"window":{"start":"2022-12-09T07:19:00.000Z","end":"2022-12-09T07:20:00.000Z"},"country":"Switzerland","OPM":1,"total_sale_volume":278.4100036621094,"rate_of_return":0.0}
{"window":{"start":"2022-12-09T08:26:00.000Z","end":"2022-12-09T08:27:00.000Z"},"country":"United Kingdom","OPM":6,"total_sale_volume":316.98000049591064,"rate_of_return":0.0}
{"window":{"start":"2022-12-09T21:04:00.000Z","end":"2022-12-09T21:05:00.000Z"},"country":"Italy","OPM":1,"total_sale_volume":63.09000015258789,"rate_of_return":0.0}
{"window":{"start":"2022-12-08T12:26:00.000Z","end":"2022-12-08T12:27:00.000Z"},"country":"United Kingdom","OPM":5,"total_sale_volume":192.68999671936035,"rate_of_return":0.0}
{"window":{"start":"2022-12-08T20:24:00.000Z","end":"2022-12-08T20:25:00.000Z"},"country":"United Kingdom","OPM":3,"total_sale_volume":196.13000106811523,"rate_of_return":0.0}
{"window":{"start":"2022-12-09T18:44:00.000Z","end":"2022-12-09T18:45:00.000Z"},"country":"United Kingdom","OPM":9,"total_sale_volume":460.949990272522,"rate_of_return":0.1111111111111111}
{"window":{"start":"2022-12-08T19:56:00.000Z","end":"2022-12-08T19:57:00.000Z"},"country":"United Kingdom","OPM":3,"total_sale_volume":756.9800062179565,"rate_of_return":0.0}
{"window":{"start":"2022-12-08T14:16:00.000Z","end":"2022-12-08T14:17:00.000Z"},"country":"United Kingdom","OPM":11,"total_sale_volume":890.019998550415,"rate_of_return":0.0}
{"window":{"start":"2022-12-08T22:13:00.000Z","end":"2022-12-08T22:14:00.000Z"},"country":"France","OPM":1,"total_sale_volume":77.65999603271484,"rate_of_return":0.0}
{"window":{"start":"2022-12-09T23:12:00.000Z","end":"2022-12-09T23:13:00.000Z"},"country":"United Kingdom","OPM":12,"total_sale_volume":555.6200065612793,"rate_of_return":0.08333333333333333}
{"window":{"start":"2022-12-09T01:47:00.000Z","end":"2022-12-09T01:48:00.000Z"},"country":"Germany","OPM":1,"total_sale_volume":67.16000366210938,"rate_of_return":0.0}
{"window":{"start":"2022-12-08T21:48:00.000Z","end":"2022-12-08T21:49:00.000Z"},"country":"United Kingdom","OPM":7,"total_sale_volume":793.3199920654297,"rate_of_return":0.0}
{"window":{"start":"2022-12-09T04:06:00.000Z","end":"2022-12-09T04:07:00.000Z"},"country":"Switzerland","OPM":1,"total_sale_volume":264.32000732421875,"rate_of_return":0.0}
{"window":{"start":"2022-12-09T05:25:00.000Z","end":"2022-12-09T05:26:00.000Z"},"country":"United Kingdom","OPM":10,"total_sale_volume":273.5599946975708,"rate_of_return":0.0}
{"window":{"start":"2022-12-09T07:11:00.000Z","end":"2022-12-09T07:12:00.000Z"},"country":"United Kingdom","OPM":6,"total_sale_volume":356.14000272750854,"rate_of_return":0.0}
