{"window":{"start":"2022-12-08T18:43:00.000Z","end":"2022-12-08T18:44:00.000Z"},"country":"United Kingdom","OPM":13,"total_sale_volume":574.6600046157837,"rate_of_return":0.0}
{"window":{"start":"2022-12-09T12:18:00.000Z","end":"2022-12-09T12:19:00.000Z"},"country":"Netherlands","OPM":1,"total_sale_volume":18.549999237060547,"rate_of_return":0.0}
{"window":{"start":"2022-12-09T15:35:00.000Z","end":"2022-12-09T15:36:00.000Z"},"country":"United Kingdom","OPM":5,"total_sale_volume":234.9900016784668,"rate_of_return":0.0}
{"window":{"start":"2022-12-09T05:44:00.000Z","end":"2022-12-09T05:45:00.000Z"},"country":"United Kingdom","OPM":11,"total_sale_volume":536.6599864959717,"rate_of_return":0.0}
{"window":{"start":"2022-12-09T03:21:00.000Z","end":"2022-12-09T03:22:00.000Z"},"country":"Israel","OPM":1,"total_sale_volume":44.54999923706055,"rate_of_return":0.0}
{"window":{"start":"2022-12-09T02:53:00.000Z","end":"2022-12-09T02:54:00.000Z"},"country":"Germany","OPM":1,"total_sale_volume":6.25,"rate_of_return":0.0}
{"window":{"start":"2022-12-09T02:33:00.000Z","end":"2022-12-09T02:34:00.000Z"},"country":"France","OPM":2,"total_sale_volume":33.3699951171875,"rate_of_return":0.5}
{"window":{"start":"2022-12-08T20:49:00.000Z","end":"2022-12-08T20:50:00.000Z"},"country":"Portugal","OPM":1,"total_sale_volume":122.95999908447266,"rate_of_return":0.0}
{"window":{"start":"2022-12-09T21:53:00.000Z","end":"2022-12-09T21:54:00.000Z"},"country":"United Kingdom","OPM":5,"total_sale_volume":122.29999792575836,"rate_of_return":0.0}
{"window":{"start":"2022-12-08T21:21:00.000Z","end":"2022-12-08T21:22:00.000Z"},"country":"France","OPM":1,"total_sale_volume":-31.670000076293945,"rate_of_return":1.0}
{"window":{"start":"2022-12-09T10:56:00.000Z","end":"2022-12-09T10:57:00.000Z"},"country":"United Kingdom","OPM":10,"total_sale_volume":521.6099939346313,"rate_of_return":0.0}
{"window":{"start":"2022-12-09T15:08:00.000Z","end":"2022-12-09T15:09:00.000Z"},"country":"Germany","OPM":1,"total_sale_volume":-261.82000732421875,"rate_of_return":1.0}
{"window":{"start":"2022-12-08T22:49:00.000Z","end":"2022-12-08T22:50:00.000Z"},"country":"Germany","OPM":1,"total_sale_volume":0.8500000238418579,"rate_of_return":0.0}
{"window":{"start":"2022-12-09T12:13:00.000Z","end":"2022-12-09T12:14:00.000Z"},"country":"United Kingdom","OPM":10,"total_sale_volume":354.73000621795654,"rate_of_return":0.1}
{"window":{"start":"2022-12-09T05:14:00.000Z","end":"2022-12-09T05:15:00.000Z"},"country":"Spain","OPM":1,"total_sale_volume":26.719999313354492,"rate_of_return":0.0}
{"window":{"start":"2022-12-09T17:56:00.000Z","end":"2022-12-09T17:57:00.000Z"},"country":"United Kingdom","OPM":7,"total_sale_volume":958.9599890708923,"rate_of_return":0.0}
{"window":{"start":"2022-12-08T11:18:00.000Z","end":"2022-12-08T11:19:00.000Z"},"country":"Germany","OPM":1,"total_sale_volume":9.0,"rate_of_return":0.0}
{"window":{"start":"2022-12-08T19:16:00.000Z","end":"2022-12-08T19:17:00.000Z"},"country":"United Kingdom","OPM":7,"total_sale_volume":405.67999601364136,"rate_of_return":0.14285714285714285}
{"window":{"start":"2022-12-09T22:06:00.000Z","end":"2022-12-09T22:07:00.000Z"},"country":"United Kingdom","OPM":3,"total_sale_volume":153.19999194145203,"rate_of_return":0.0}
{"window":{"start":"2022-12-09T22:58:00.000Z","end":"2022-12-09T22:59:00.000Z"},"country":"United Kingdom","OPM":7,"total_sale_volume":218.85000228881836,"rate_of_return":0.0}
{"window":{"start":"2022-12-09T04:11:00.000Z","end":"2022-12-09T04:12:00.000Z"},"country":"Netherlands","OPM":1,"total_sale_volume":264.3500061035156,"rate_of_return":0.0}
{"window":{"start":"2022-12-09T11:21:00.000Z","end":"2022-12-09T11:22:00.000Z"},"country":"United Kingdom","OPM":12,"total_sale_volume":1144.1899795532227,"rate_of_return":0.0}
{"window":{"start":"2022-12-09T16:17:00.000Z","end":"2022-12-09T16:18:00.000Z"},"country":"United Kingdom","OPM":6,"total_sale_volume":315.8700132369995,"rate_of_return":0.0}
