{"window":{"start":"2022-12-09T04:12:00.000Z","end":"2022-12-09T04:13:00.000Z"},"country":"United Kingdom","OPM":7,"total_sale_volume":179.66999626159668,"rate_of_return":0.14285714285714285}
{"window":{"start":"2022-12-09T15:08:00.000Z","end":"2022-12-09T15:09:00.000Z"},"country":"Australia","OPM":1,"total_sale_volume":136.10000610351562,"rate_of_return":0.0}
{"window":{"start":"2022-12-08T12:09:00.000Z","end":"2022-12-08T12:10:00.000Z"},"country":"United Kingdom","OPM":10,"total_sale_volume":398.23000717163086,"rate_of_return":0.1}
{"window":{"start":"2022-12-09T15:02:00.000Z","end":"2022-12-09T15:03:00.000Z"},"country":"United Kingdom","OPM":6,"total_sale_volume":363.91000843048096,"rate_of_return":0.16666666666666666}
{"window":{"start":"2022-12-09T12:12:00.000Z","end":"2022-12-09T12:13:00.000Z"},"country":"United Kingdom","OPM":11,"total_sale_volume":1089.5299949645996,"rate_of_return":0.0}
{"window":{"start":"2022-12-08T21:26:00.000Z","end":"2022-12-08T21:27:00.000Z"},"country":"EIRE","OPM":1,"total_sale_volume":13.859999656677246,"rate_of_return":0.0}
{"window":{"start":"2022-12-08T10:09:00.000Z","end":"2022-12-08T10:10:00.000Z"},"country":"United Kingdom","OPM":2,"total_sale_volume":50.180002212524414,"rate_of_return":0.0}
{"window":{"start":"2022-12-09T13:16:00.000Z","end":"2022-12-09T13:17:00.000Z"},"country":"United Kingdom","OPM":8,"total_sale_volume":1105.049982368946,"rate_of_return":0.0}
{"window":{"start":"2022-12-09T02:30:00.000Z","end":"2022-12-09T02:31:00.000Z"},"country":"United Kingdom","OPM":12,"total_sale_volume":706.1499929428101,"rate_of_return":0.08333333333333333}
{"window":{"start":"2022-12-09T06:55:00.000Z","end":"2022-12-09T06:56:00.000Z"},"country":"United Kingdom","OPM":5,"total_sale_volume":1379.049988746643,"rate_of_return":0.0}
{"window":{"start":"2022-12-09T08:17:00.000Z","end":"2022-12-09T08:18:00.000Z"},"country":"Portugal","OPM":1,"total_sale_volume":16.270000457763672,"rate_of_return":0.0}
{"window":{"start":"2022-12-08T09:57:00.000Z","end":"2022-12-08T09:58:00.000Z"},"country":"United Kingdom","OPM":6,"total_sale_volume":576.7799988389015,"rate_of_return":0.0}
{"window":{"start":"2022-12-08T13:27:00.000Z","end":"2022-12-08T13:28:00.000Z"},"country":"United Kingdom","OPM":11,"total_sale_volume":756.9899871349335,"rate_of_return":0.0}
{"window":{"start":"2022-12-09T02:08:00.000Z","end":"2022-12-09T02:09:00.000Z"},"country":"United Kingdom","OPM":8,"total_sale_volume":447.720006942749,"rate_of_return":0.0}
{"window":{"start":"2022-12-09T22:44:00.000Z","end":"2022-12-09T22:45:00.000Z"},"country":"United Kingdom","OPM":7,"total_sale_volume":848.3100109100342,"rate_of_return":0.0}
{"window":{"start":"2022-12-09T16:09:00.000Z","end":"2022-12-09T16:10:00.000Z"},"country":"EIRE","OPM":1,"total_sale_volume":1.7000000476837158,"rate_of_return":0.0}
{"window":{"start":"2022-12-09T18:56:00.000Z","end":"2022-12-09T18:57:00.000Z"},"country":"France","OPM":1,"total_sale_volume":30.719999313354492,"rate_of_return":0.0}
{"window":{"start":"2022-12-08T16:55:00.000Z","end":"2022-12-08T16:56:00.000Z"},"country":"United Kingdom","OPM":8,"total_sale_volume":405.2299976348877,"rate_of_return":0.0}
