{"window":{"start":"2022-12-09T04:36:00.000Z","end":"2022-12-09T04:37:00.000Z"},"country":"United Kingdom","OPM":14,"total_sale_volume":4257.049903392792,"rate_of_return":0.21428571428571427}
{"window":{"start":"2022-12-09T16:42:00.000Z","end":"2022-12-09T16:43:00.000Z"},"country":"United Kingdom","OPM":7,"total_sale_volume":496.2599904537201,"rate_of_return":0.14285714285714285}
{"window":{"start":"2022-12-09T20:11:00.000Z","end":"2022-12-09T20:12:00.000Z"},"country":"EIRE","OPM":3,"total_sale_volume":56.81999969482422,"rate_of_return":0.0}
{"window":{"start":"2022-12-08T14:11:00.000Z","end":"2022-12-08T14:12:00.000Z"},"country":"Hong Kong","OPM":1,"total_sale_volume":15.730000495910645,"rate_of_return":0.0}
{"window":{"start":"2022-12-09T19:43:00.000Z","end":"2022-12-09T19:44:00.000Z"},"country":"United Kingdom","OPM":6,"total_sale_volume":322.9200038909912,"rate_of_return":0.0}
{"window":{"start":"2022-12-09T10:24:00.000Z","end":"2022-12-09T10:25:00.000Z"},"country":"United Kingdom","OPM":6,"total_sale_volume":315.2499952316284,"rate_of_return":0.0}
{"window":{"start":"2022-12-08T09:38:00.000Z","end":"2022-12-08T09:39:00.000Z"},"country":"United Kingdom","OPM":8,"total_sale_volume":388.7099919319153,"rate_of_return":0.125}
{"window":{"start":"2022-12-09T19:27:00.000Z","end":"2022-12-09T19:28:00.000Z"},"country":"France","OPM":1,"total_sale_volume":4.210000038146973,"rate_of_return":0.0}
{"window":{"start":"2022-12-09T05:48:00.000Z","end":"2022-12-09T05:49:00.000Z"},"country":"Germany","OPM":1,"total_sale_volume":40.02000045776367,"rate_of_return":0.0}
{"window":{"start":"2022-12-09T18:42:00.000Z","end":"2022-12-09T18:43:00.000Z"},"country":"Germany","OPM":1,"total_sale_volume":33.54999923706055,"rate_of_return":0.0}
{"window":{"start":"2022-12-09T04:05:00.000Z","end":"2022-12-09T04:06:00.000Z"},"country":"France","OPM":1,"total_sale_volume":31.0,"rate_of_return":0.0}
{"window":{"start":"2022-12-08T17:53:00.000Z","end":"2022-12-08T17:54:00.000Z"},"country":"United Kingdom","OPM":13,"total_sale_volume":682.6599893569946,"rate_of_return":0.0}
{"window":{"start":"2022-12-09T03:49:00.000Z","end":"2022-12-09T03:50:00.000Z"},"country":"Germany","OPM":1,"total_sale_volume":724.0800170898438,"rate_of_return":0.0}
{"window":{"start":"2022-12-08T19:25:00.000Z","end":"2022-12-08T19:26:00.000Z"},"country":"United Kingdom","OPM":9,"total_sale_volume":721.7899771332741,"rate_of_return":0.0}
{"window":{"start":"2022-12-09T08:55:00.000Z","end":"2022-12-09T08:56:00.000Z"},"country":"EIRE","OPM":1,"total_sale_volume":45.310001373291016,"rate_of_return":0.0}
{"window":{"start":"2022-12-09T03:22:00.000Z","end":"2022-12-09T03:23:00.000Z"},"country":"United Kingdom","OPM":18,"total_sale_volume":1720.7599921226501,"rate_of_return":0.05555555555555555}
{"window":{"start":"2022-12-08T20:20:00.000Z","end":"2022-12-08T20:21:00.000Z"},"country":"United Kingdom","OPM":6,"total_sale_volume":426.5399903059006,"rate_of_return":0.0}
{"window":{"start":"2022-12-08T08:19:00.000Z","end":"2022-12-08T08:20:00.000Z"},"country":"United Kingdom","OPM":11,"total_sale_volume":625.6499910354614,"rate_of_return":0.09090909090909091}
