{"window":{"start":"2022-12-08T10:04:00.000Z","end":"2022-12-08T10:05:00.000Z"},"country":"United Kingdom","OPM":14,"total_sale_volume":633.8499903678894,"rate_of_return":0.14285714285714285}
{"window":{"start":"2022-12-08T10:47:00.000Z","end":"2022-12-08T10:48:00.000Z"},"country":"United Kingdom","OPM":6,"total_sale_volume":135.49999752640724,"rate_of_return":0.16666666666666666}
{"window":{"start":"2022-12-09T06:18:00.000Z","end":"2022-12-09T06:19:00.000Z"},"country":"Netherlands","OPM":1,"total_sale_volume":4.679999828338623,"rate_of_return":0.0}
{"window":{"start":"2022-12-08T14:58:00.000Z","end":"2022-12-08T14:59:00.000Z"},"country":"United Kingdom","OPM":5,"total_sale_volume":239.11000156402588,"rate_of_return":0.0}
{"window":{"start":"2022-12-09T04:30:00.000Z","end":"2022-12-09T04:31:00.000Z"},"country":"United Kingdom","OPM":8,"total_sale_volume":419.49998861551285,"rate_of_return":0.0}
{"window":{"start":"2022-12-09T13:12:00.000Z","end":"2022-12-09T13:13:00.000Z"},"country":"United Kingdom","OPM":9,"total_sale_volume":1157.8099908828735,"rate_of_return":0.0}
{"window":{"start":"2022-12-08T13:08:00.000Z","end":"2022-12-08T13:09:00.000Z"},"country":"United Kingdom","OPM":5,"total_sale_volume":360.9499900341034,"rate_of_return":0.0}
{"window":{"start":"2022-12-09T22:14:00.000Z","end":"2022-12-09T22:15:00.000Z"},"country":"United Kingdom","OPM":12,"total_sale_volume":1156.5999956130981,"rate_of_return":0.08333333333333333}
{"window":{"start":"2022-12-09T17:52:00.000Z","end":"2022-12-09T17:53:00.000Z"},"country":"United Kingdom","OPM":9,"total_sale_volume":663.0000076293945,"rate_of_return":0.0}
{"window":{"start":"2022-12-08T22:45:00.000Z","end":"2022-12-08T22:46:00.000Z"},"country":"Germany","OPM":1,"total_sale_volume":21.420000076293945,"rate_of_return":0.0}
{"window":{"start":"2022-12-09T04:26:00.000Z","end":"2022-12-09T04:27:00.000Z"},"country":"United Kingdom","OPM":3,"total_sale_volume":146.8400001525879,"rate_of_return":0.0}
{"window":{"start":"2022-12-09T17:46:00.000Z","end":"2022-12-09T17:47:00.000Z"},"country":"United Kingdom","OPM":14,"total_sale_volume":562.2099945545197,"rate_of_return":0.0}
{"window":{"start":"2022-12-09T10:07:00.000Z","end":"2022-12-09T10:08:00.000Z"},"country":"United Kingdom","OPM":10,"total_sale_volume":874.2399697303772,"rate_of_return":0.1}
{"window":{"start":"2022-12-09T22:17:00.000Z","end":"2022-12-09T22:18:00.000Z"},"country":"United Kingdom","OPM":10,"total_sale_volume":283.66996574401855,"rate_of_return":0.2}
{"window":{"start":"2022-12-08T12:50:00.000Z","end":"2022-12-08T12:51:00.000Z"},"country":"United Kingdom","OPM":7,"total_sale_volume":1606.390058040619,"rate_of_return":0.0}
{"window":{"start":"2022-12-09T18:24:00.000Z","end":"2022-12-09T18:25:00.000Z"},"country":"United Kingdom","OPM":9,"total_sale_volume":758.4700183868408,"rate_of_return":0.0}
{"window":{"start":"2022-12-09T23:44:00.000Z","end":"2022-12-09T23:45:00.000Z"},"country":"Spain","OPM":1,"total_sale_volume":48.040000915527344,"rate_of_return":0.0}
{"window":{"start":"2022-12-09T10:19:00.000Z","end":"2022-12-09T10:20:00.000Z"},"country":"United Kingdom","OPM":11,"total_sale_volume":450.229998588562,"rate_of_return":0.18181818181818182}
{"window":{"start":"2022-12-09T07:08:00.000Z","end":"2022-12-09T07:09:00.000Z"},"country":"United Kingdom","OPM":5,"total_sale_volume":161.37000370025635,"rate_of_return":0.2}
{"window":{"start":"2022-12-09T06:21:00.000Z","end":"2022-12-09T06:22:00.000Z"},"country":"United Kingdom","OPM":5,"total_sale_volume":250.280011177063,"rate_of_return":0.0}
{"window":{"start":"2022-12-08T17:28:00.000Z","end":"2022-12-08T17:29:00.000Z"},"country":"United Kingdom","OPM":16,"total_sale_volume":795.5400041341782,"rate_of_return":0.125}
{"window":{"start":"2022-12-08T11:45:00.000Z","end":"2022-12-08T11:46:00.000Z"},"country":"United Kingdom","OPM":6,"total_sale_volume":389.5299963951111,"rate_of_return":0.0}
