{"window":{"start":"2022-12-09T10:26:00.000Z","end":"2022-12-09T10:27:00.000Z"},"country":"United Kingdom","OPM":6,"total_sale_volume":166.12000274658203,"rate_of_return":0.0}
{"window":{"start":"2022-12-09T01:11:00.000Z","end":"2022-12-09T01:12:00.000Z"},"country":"France","OPM":1,"total_sale_volume":28.0,"rate_of_return":0.0}
{"window":{"start":"2022-12-08T18:30:00.000Z","end":"2022-12-08T18:31:00.000Z"},"country":"United Kingdom","OPM":11,"total_sale_volume":390.01000106334686,"rate_of_return":0.0}
{"window":{"start":"2022-12-08T12:30:00.000Z","end":"2022-12-08T12:31:00.000Z"},"country":"United Kingdom","OPM":7,"total_sale_volume":493.34999322891235,"rate_of_return":0.14285714285714285}
{"window":{"start":"2022-12-08T22:28:00.000Z","end":"2022-12-08T22:29:00.000Z"},"country":"Netherlands","OPM":1,"total_sale_volume":43.54999923706055,"rate_of_return":0.0}
{"window":{"start":"2022-12-09T00:53:00.000Z","end":"2022-12-09T00:54:00.000Z"},"country":"Germany","OPM":1,"total_sale_volume":64.12999725341797,"rate_of_return":0.0}
{"window":{"start":"2022-12-08T13:30:00.000Z","end":"2022-12-08T13:31:00.000Z"},"country":"France","OPM":1,"total_sale_volume":33.53999710083008,"rate_of_return":0.0}
{"window":{"start":"2022-12-09T10:43:00.000Z","end":"2022-12-09T10:44:00.000Z"},"country":"EIRE","OPM":1,"total_sale_volume":128.27999877929688,"rate_of_return":0.0}
{"window":{"start":"2022-12-09T11:07:00.000Z","end":"2022-12-09T11:08:00.000Z"},"country":"United Kingdom","OPM":13,"total_sale_volume":963.830002784729,"rate_of_return":0.0}
{"window":{"start":"2022-12-09T01:09:00.000Z","end":"2022-12-09T01:10:00.000Z"},"country":"France","OPM":1,"total_sale_volume":25.809999465942383,"rate_of_return":0.0}
{"window":{"start":"2022-12-09T03:44:00.000Z","end":"2022-12-09T03:45:00.000Z"},"country":"EIRE","OPM":3,"total_sale_volume":150.70999813079834,"rate_of_return":0.0}
{"window":{"start":"2022-12-08T22:38:00.000Z","end":"2022-12-08T22:39:00.000Z"},"country":"United Kingdom","OPM":6,"total_sale_volume":950.8099918365479,"rate_of_return":0.0}
{"window":{"start":"2022-12-08T20:55:00.000Z","end":"2022-12-08T20:56:00.000Z"},"country":"United Kingdom","OPM":16,"total_sale_volume":2075.279998779297,"rate_of_return":0.0625}
{"window":{"start":"2022-12-09T13:58:00.000Z","end":"2022-12-09T13:59:00.000Z"},"country":"Japan","OPM":1,"total_sale_volume":59.83000183105469,"rate_of_return":0.0}
{"window":{"start":"2022-12-08T09:19:00.000Z","end":"2022-12-08T09:20:00.000Z"},"country":"Austria","OPM":1,"total_sale_volume":185.25,"rate_of_return":0.0}
{"window":{"start":"2022-12-08T16:05:00.000Z","end":"2022-12-08T16:06:00.000Z"},"country":"United Kingdom","OPM":6,"total_sale_volume":393.8500099182129,"rate_of_return":0.0}
{"window":{"start":"2022-12-09T22:04:00.000Z","end":"2022-12-09T22:05:00.000Z"},"country":"United Kingdom","OPM":7,"total_sale_volume":325.72000312805176,"rate_of_return":0.0}
