{"window":{"start":"2022-12-08T23:57:00.000Z","end":"2022-12-08T23:58:00.000Z"},"country":"United Kingdom","OPM":10,"total_sale_volume":322.3200035095215,"rate_of_return":0.1}
{"window":{"start":"2022-12-09T18:13:00.000Z","end":"2022-12-09T18:14:00.000Z"},"country":"United Kingdom","OPM":13,"total_sale_volume":636.6500079631805,"rate_of_return":0.07692307692307693}
{"window":{"start":"2022-12-09T16:49:00.000Z","end":"2022-12-09T16:50:00.000Z"},"country":"United Kingdom","OPM":4,"total_sale_volume":266.3199977874756,"rate_of_return":0.0}
{"window":{"start":"2022-12-09T02:26:00.000Z","end":"2022-12-09T02:27:00.000Z"},"country":"EIRE","OPM":1,"total_sale_volume":10.479999542236328,"rate_of_return":0.0}
{"window":{"start":"2022-12-09T09:30:00.000Z","end":"2022-12-09T09:31:00.000Z"},"country":"United Kingdom","OPM":11,"total_sale_volume":347.60999298095703,"rate_of_return":0.0}
{"window":{"start":"2022-12-09T10:04:00.000Z","end":"2022-12-09T10:05:00.000Z"},"country":"Denmark","OPM":1,"total_sale_volume":17.349998474121094,"rate_of_return":0.0}
{"window":{"start":"2022-12-08T16:34:00.000Z","end":"2022-12-08T16:35:00.000Z"},"country":"EIRE","OPM":1,"total_sale_volume":55.220001220703125,"rate_of_return":0.0}
{"window":{"start":"2022-12-08T18:48:00.000Z","end":"2022-12-08T18:49:00.000Z"},"country":"United Kingdom","OPM":14,"total_sale_volume":1037.329997062683,"rate_of_return":0.07142857142857142}
{"window":{"start":"2022-12-09T16:19:00.000Z","end":"2022-12-09T16:20:00.000Z"},"country":"United Kingdom","OPM":10,"total_sale_volume":-2108.78986287117,"rate_of_return":0.2}
{"window":{"start":"2022-12-09T11:12:00.000Z","end":"2022-12-09T11:13:00.000Z"},"country":"EIRE","OPM":1,"total_sale_volume":140.5800018310547,"rate_of_return":0.0}
{"window":{"start":"2022-12-09T07:50:00.000Z","end":"2022-12-09T07:51:00.000Z"},"country":"United Kingdom","OPM":7,"total_sale_volume":283.75000619888306,"rate_of_return":0.0}
{"window":{"start":"2022-12-08T13:23:00.000Z","end":"2022-12-08T13:24:00.000Z"},"country":"United Kingdom","OPM":7,"total_sale_volume":323.8899917602539,"rate_of_return":0.0}
{"window":{"start":"2022-12-08T10:05:00.000Z","end":"2022-12-08T10:06:00.000Z"},"country":"EIRE","OPM":1,"total_sale_volume":7.5,"rate_of_return":0.0}
{"window":{"start":"2022-12-09T00:27:00.000Z","end":"2022-12-09T00:28:00.000Z"},"country":"United Kingdom","OPM":9,"total_sale_volume":323.35999870300293,"rate_of_return":0.0}
{"window":{"start":"2022-12-09T18:54:00.000Z","end":"2022-12-09T18:55:00.000Z"},"country":"United Kingdom","OPM":4,"total_sale_volume":405.10000228881836,"rate_of_return":0.0}
{"window":{"start":"2022-12-09T01:19:00.000Z","end":"2022-12-09T01:20:00.000Z"},"country":"United Kingdom","OPM":6,"total_sale_volume":222.30000352859497,"rate_of_return":0.16666666666666666}
{"window":{"start":"2022-12-09T07:41:00.000Z","end":"2022-12-09T07:42:00.000Z"},"country":"United Kingdom","OPM":7,"total_sale_volume":1140.0800333023071,"rate_of_return":0.0}
{"window":{"start":"2022-12-09T19:54:00.000Z","end":"2022-12-09T19:55:00.000Z"},"country":"Sweden","OPM":1,"total_sale_volume":54.0,"rate_of_return":0.0}
{"window":{"start":"2022-12-08T20:30:00.000Z","end":"2022-12-08T20:31:00.000Z"},"country":"Belgium","OPM":1,"total_sale_volume":35.63999938964844,"rate_of_return":0.0}
{"window":{"start":"2022-12-09T06:27:00.000Z","end":"2022-12-09T06:28:00.000Z"},"country":"United Kingdom","OPM":7,"total_sale_volume":248.47000312805176,"rate_of_return":0.2857142857142857}
{"window":{"start":"2022-12-09T07:01:00.000Z","end":"2022-12-09T07:02:00.000Z"},"country":"Netherlands","OPM":1,"total_sale_volume":37.16999816894531,"rate_of_return":0.0}
{"window":{"start":"2022-12-08T15:19:00.000Z","end":"2022-12-08T15:20:00.000Z"},"country":"United Kingdom","OPM":15,"total_sale_volume":892.5899836421013,"rate_of_return":0.0}
{"window":{"start":"2022-12-09T08:44:00.000Z","end":"2022-12-09T08:45:00.000Z"},"country":"United Kingdom","OPM":4,"total_sale_volume":127.54000091552734,"rate_of_return":0.0}
{"window":{"start":"2022-12-08T19:14:00.000Z","end":"2022-12-08T19:15:00.000Z"},"country":"United Kingdom","OPM":8,"total_sale_volume":197.44999599456787,"rate_of_return":0.0}
{"window":{"start":"2022-12-09T14:16:00.000Z","end":"2022-12-09T14:17:00.000Z"},"country":"United Kingdom","OPM":13,"total_sale_volume":402.6500014066696,"rate_of_return":0.0}
{"window":{"start":"2022-12-08T13:58:00.000Z","end":"2022-12-08T13:59:00.000Z"},"country":"United Kingdom","OPM":11,"total_sale_volume":669.7800055742264,"rate_of_return":0.09090909090909091}
{"window":{"start":"2022-12-09T12:08:00.000Z","end":"2022-12-09T12:09:00.000Z"},"country":"EIRE","OPM":1,"total_sale_volume":156.9499969482422,"rate_of_return":0.0}
{"window":{"start":"2022-12-08T17:18:00.000Z","end":"2022-12-08T17:19:00.000Z"},"country":"United Kingdom","OPM":11,"total_sale_volume":613.6299874782562,"rate_of_return":0.0}
{"window":{"start":"2022-12-08T19:05:00.000Z","end":"2022-12-08T19:06:00.000Z"},"country":"United Kingdom","OPM":9,"total_sale_volume":398.5699882507324,"rate_of_return":0.0}
{"window":{"start":"2022-12-08T13:30:00.000Z","end":"2022-12-08T13:31:00.000Z"},"country":"Germany","OPM":1,"total_sale_volume":27.0,"rate_of_return":0.0}
