{"window":{"start":"2022-12-09T08:34:00.000Z","end":"2022-12-09T08:35:00.000Z"},"country":"Germany","OPM":1,"total_sale_volume":35.380001068115234,"rate_of_return":0.0}
{"window":{"start":"2022-12-09T11:01:00.000Z","end":"2022-12-09T11:02:00.000Z"},"country":"United Kingdom","OPM":7,"total_sale_volume":248.85000324249268,"rate_of_return":0.0}
{"window":{"start":"2022-12-08T13:11:00.000Z","end":"2022-12-08T13:12:00.000Z"},"country":"EIRE","OPM":1,"total_sale_volume":39.63999938964844,"rate_of_return":0.0}
{"window":{"start":"2022-12-08T19:43:00.000Z","end":"2022-12-08T19:44:00.000Z"},"country":"United Kingdom","OPM":12,"total_sale_volume":1394.2100229263306,"rate_of_return":0.0}
{"window":{"start":"2022-12-09T21:11:00.000Z","end":"2022-12-09T21:12:00.000Z"},"country":"United Kingdom","OPM":4,"total_sale_volume":185.5199966430664,"rate_of_return":0.0}
{"window":{"start":"2022-12-09T05:26:00.000Z","end":"2022-12-09T05:27:00.000Z"},"country":"USA","OPM":1,"total_sale_volume":23.59000015258789,"rate_of_return":0.0}
{"window":{"start":"2022-12-09T15:07:00.000Z","end":"2022-12-09T15:08:00.000Z"},"country":"United Kingdom","OPM":7,"total_sale_volume":502.74999809265137,"rate_of_return":0.0}
{"window":{"start":"2022-12-08T19:22:00.000Z","end":"2022-12-08T19:23:00.000Z"},"country":"United Kingdom","OPM":6,"total_sale_volume":504.1499924659729,"rate_of_return":0.0}
{"window":{"start":"2022-12-08T17:49:00.000Z","end":"2022-12-08T17:50:00.000Z"},"country":"United Kingdom","OPM":13,"total_sale_volume":2017.3800338506699,"rate_of_return":0.0}
{"window":{"start":"2022-12-08T08:56:00.000Z","end":"2022-12-08T08:57:00.000Z"},"country":"Spain","OPM":1,"total_sale_volume":20.799999237060547,"rate_of_return":0.0}
{"window":{"start":"2022-12-09T18:33:00.000Z","end":"2022-12-09T18:34:00.000Z"},"country":"Spain","OPM":1,"total_sale_volume":45.96999740600586,"rate_of_return":0.0}
{"window":{"start":"2022-12-09T10:05:00.000Z","end":"2022-12-09T10:06:00.000Z"},"country":"Sweden","OPM":1,"total_sale_volume":128.16000366210938,"rate_of_return":0.0}
{"window":{"start":"2022-12-09T19:54:00.000Z","end":"2022-12-09T19:55:00.000Z"},"country":"United Kingdom","OPM":12,"total_sale_volume":680.8199982643127,"rate_of_return":0.08333333333333333}
{"window":{"start":"2022-12-08T23:19:00.000Z","end":"2022-12-08T23:20:00.000Z"},"country":"Germany","OPM":1,"total_sale_volume":37.040000915527344,"rate_of_return":0.0}
{"window":{"start":"2022-12-08T21:06:00.000Z","end":"2022-12-08T21:07:00.000Z"},"country":"United Kingdom","OPM":12,"total_sale_volume":1117.1499886512756,"rate_of_return":0.0}
{"window":{"start":"2022-12-09T22:11:00.000Z","end":"2022-12-09T22:12:00.000Z"},"country":"United Kingdom","OPM":9,"total_sale_volume":430.49000215530396,"rate_of_return":0.0}
{"window":{"start":"2022-12-08T18:52:00.000Z","end":"2022-12-08T18:53:00.000Z"},"country":"United Kingdom","OPM":11,"total_sale_volume":809.5300092697144,"rate_of_return":0.0}
{"window":{"start":"2022-12-08T22:18:00.000Z","end":"2022-12-08T22:19:00.000Z"},"country":"United Kingdom","OPM":14,"total_sale_volume":1260.629976272583,"rate_of_return":0.0}
{"window":{"start":"2022-12-09T05:42:00.000Z","end":"2022-12-09T05:43:00.000Z"},"country":"Germany","OPM":1,"total_sale_volume":162.33999633789062,"rate_of_return":0.0}
{"window":{"start":"2022-12-08T18:05:00.000Z","end":"2022-12-08T18:06:00.000Z"},"country":"United Kingdom","OPM":6,"total_sale_volume":686.7400169670582,"rate_of_return":0.16666666666666666}
{"window":{"start":"2022-12-09T20:11:00.000Z","end":"2022-12-09T20:12:00.000Z"},"country":"United Kingdom","OPM":12,"total_sale_volume":583.6600008010864,"rate_of_return":0.0}
{"window":{"start":"2022-12-08T11:21:00.000Z","end":"2022-12-08T11:22:00.000Z"},"country":"Germany","OPM":1,"total_sale_volume":116.58000183105469,"rate_of_return":0.0}
{"window":{"start":"2022-12-09T06:11:00.000Z","end":"2022-12-09T06:12:00.000Z"},"country":"United Kingdom","OPM":4,"total_sale_volume":362.2299976348877,"rate_of_return":0.25}
{"window":{"start":"2022-12-09T02:07:00.000Z","end":"2022-12-09T02:08:00.000Z"},"country":"United Kingdom","OPM":8,"total_sale_volume":328.79999685287476,"rate_of_return":0.0}
{"window":{"start":"2022-12-09T03:25:00.000Z","end":"2022-12-09T03:26:00.000Z"},"country":"United Kingdom","OPM":8,"total_sale_volume":278.0400068759918,"rate_of_return":0.0}
{"window":{"start":"2022-12-09T20:33:00.000Z","end":"2022-12-09T20:34:00.000Z"},"country":"United Kingdom","OPM":9,"total_sale_volume":641.2799896001816,"rate_of_return":0.0}
{"window":{"start":"2022-12-09T23:30:00.000Z","end":"2022-12-09T23:31:00.000Z"},"country":"France","OPM":1,"total_sale_volume":0.8500000238418579,"rate_of_return":0.0}
{"window":{"start":"2022-12-09T10:18:00.000Z","end":"2022-12-09T10:19:00.000Z"},"country":"Germany","OPM":1,"total_sale_volume":15.75,"rate_of_return":0.0}
{"window":{"start":"2022-12-09T05:27:00.000Z","end":"2022-12-09T05:28:00.000Z"},"country":"United Kingdom","OPM":9,"total_sale_volume":404.7299995422363,"rate_of_return":0.1111111111111111}
{"window":{"start":"2022-12-09T10:37:00.000Z","end":"2022-12-09T10:38:00.000Z"},"country":"Germany","OPM":1,"total_sale_volume":198.33999633789062,"rate_of_return":0.0}
{"window":{"start":"2022-12-09T18:07:00.000Z","end":"2022-12-09T18:08:00.000Z"},"country":"Germany","OPM":1,"total_sale_volume":254.17999267578125,"rate_of_return":0.0}
