{"window":{"start":"2022-12-09T00:31:00.000Z","end":"2022-12-09T00:32:00.000Z"},"country":"United Kingdom","OPM":5,"total_sale_volume":232.23000144958496,"rate_of_return":0.0}
{"window":{"start":"2022-12-08T12:26:00.000Z","end":"2022-12-08T12:27:00.000Z"},"country":"EIRE","OPM":1,"total_sale_volume":4.960000038146973,"rate_of_return":0.0}
{"window":{"start":"2022-12-09T11:51:00.000Z","end":"2022-12-09T11:52:00.000Z"},"country":"United Kingdom","OPM":9,"total_sale_volume":394.12000274658203,"rate_of_return":0.1111111111111111}
{"window":{"start":"2022-12-09T11:06:00.000Z","end":"2022-12-09T11:07:00.000Z"},"country":"United Kingdom","OPM":11,"total_sale_volume":427.6599884033203,"rate_of_return":0.0}
{"window":{"start":"2022-12-09T21:01:00.000Z","end":"2022-12-09T21:02:00.000Z"},"country":"Unspecified","OPM":1,"total_sale_volume":129.08999633789062,"rate_of_return":0.0}
{"window":{"start":"2022-12-09T07:54:00.000Z","end":"2022-12-09T07:55:00.000Z"},"country":"Spain","OPM":1,"total_sale_volume":22.85999870300293,"rate_of_return":0.0}
{"window":{"start":"2022-12-08T15:44:00.000Z","end":"2022-12-08T15:45:00.000Z"},"country":"United Kingdom","OPM":11,"total_sale_volume":721.1000022888184,"rate_of_return":0.09090909090909091}
{"window":{"start":"2022-12-09T10:08:00.000Z","end":"2022-12-09T10:09:00.000Z"},"country":"United Kingdom","OPM":18,"total_sale_volume":1737.030019402504,"rate_of_return":0.0}
{"window":{"start":"2022-12-08T16:31:00.000Z","end":"2022-12-08T16:32:00.000Z"},"country":"United Kingdom","OPM":7,"total_sale_volume":364.99998927116394,"rate_of_return":0.0}
{"window":{"start":"2022-12-09T21:22:00.000Z","end":"2022-12-09T21:23:00.000Z"},"country":"France","OPM":1,"total_sale_volume":18.469999313354492,"rate_of_return":0.0}
{"window":{"start":"2022-12-09T01:40:00.000Z","end":"2022-12-09T01:41:00.000Z"},"country":"France","OPM":1,"total_sale_volume":183.27000427246094,"rate_of_return":0.0}
{"window":{"start":"2022-12-09T05:18:00.000Z","end":"2022-12-09T05:19:00.000Z"},"country":"France","OPM":1,"total_sale_volume":204.6199951171875,"rate_of_return":0.0}
{"window":{"start":"2022-12-09T20:42:00.000Z","end":"2022-12-09T20:43:00.000Z"},"country":"Germany","OPM":2,"total_sale_volume":24.25,"rate_of_return":0.0}
{"window":{"start":"2022-12-09T21:02:00.000Z","end":"2022-12-09T21:03:00.000Z"},"country":"United Kingdom","OPM":9,"total_sale_volume":201.7000036239624,"rate_of_return":0.1111111111111111}
{"window":{"start":"2022-12-08T15:03:00.000Z","end":"2022-12-08T15:04:00.000Z"},"country":"United Kingdom","OPM":10,"total_sale_volume":755.8399848937988,"rate_of_return":0.0}
{"window":{"start":"2022-12-09T09:12:00.000Z","end":"2022-12-09T09:13:00.000Z"},"country":"United Kingdom","OPM":11,"total_sale_volume":706.4200134277344,"rate_of_return":0.18181818181818182}
{"window":{"start":"2022-12-08T16:25:00.000Z","end":"2022-12-08T16:26:00.000Z"},"country":"Norway","OPM":1,"total_sale_volume":166.64999389648438,"rate_of_return":0.0}
{"window":{"start":"2022-12-09T12:46:00.000Z","end":"2022-12-09T12:47:00.000Z"},"country":"Unspecified","OPM":1,"total_sale_volume":52.70000076293945,"rate_of_return":0.0}
