{"window":{"start":"2022-12-09T00:45:00.000Z","end":"2022-12-09T00:46:00.000Z"},"country":"United Kingdom","OPM":9,"total_sale_volume":599.3499920368195,"rate_of_return":0.0}
{"window":{"start":"2022-12-09T23:36:00.000Z","end":"2022-12-09T23:37:00.000Z"},"country":"United Kingdom","OPM":6,"total_sale_volume":231.97000408172607,"rate_of_return":0.0}
{"window":{"start":"2022-12-09T05:06:00.000Z","end":"2022-12-09T05:07:00.000Z"},"country":"United Kingdom","OPM":12,"total_sale_volume":72.61000633239746,"rate_of_return":0.25}
{"window":{"start":"2022-12-08T17:38:00.000Z","end":"2022-12-08T17:39:00.000Z"},"country":"United Kingdom","OPM":8,"total_sale_volume":1296.3100156784058,"rate_of_return":0.125}
{"window":{"start":"2022-12-08T12:25:00.000Z","end":"2022-12-08T12:26:00.000Z"},"country":"United Kingdom","OPM":13,"total_sale_volume":564.9199874997139,"rate_of_return":0.0}
{"window":{"start":"2022-12-09T18:56:00.000Z","end":"2022-12-09T18:57:00.000Z"},"country":"United Kingdom","OPM":8,"total_sale_volume":525.6899871826172,"rate_of_return":0.0}
{"window":{"start":"2022-12-08T21:12:00.000Z","end":"2022-12-08T21:13:00.000Z"},"country":"United Kingdom","OPM":8,"total_sale_volume":2266.170027732849,"rate_of_return":0.0}
{"window":{"start":"2022-12-09T16:42:00.000Z","end":"2022-12-09T16:43:00.000Z"},"country":"Portugal","OPM":1,"total_sale_volume":20.799999237060547,"rate_of_return":0.0}
{"window":{"start":"2022-12-08T09:05:00.000Z","end":"2022-12-08T09:06:00.000Z"},"country":"United Kingdom","OPM":8,"total_sale_volume":726.4299965500832,"rate_of_return":0.0}
{"window":{"start":"2022-12-09T05:17:00.000Z","end":"2022-12-09T05:18:00.000Z"},"country":"France","OPM":1,"total_sale_volume":126.06999969482422,"rate_of_return":0.0}
{"window":{"start":"2022-12-08T10:13:00.000Z","end":"2022-12-08T10:14:00.000Z"},"country":"United Kingdom","OPM":7,"total_sale_volume":329.65998685359955,"rate_of_return":0.0}
{"window":{"start":"2022-12-08T12:29:00.000Z","end":"2022-12-08T12:30:00.000Z"},"country":"Norway","OPM":1,"total_sale_volume":183.1699981689453,"rate_of_return":0.0}
{"window":{"start":"2022-12-08T11:13:00.000Z","end":"2022-12-08T11:14:00.000Z"},"country":"Spain","OPM":1,"total_sale_volume":262.79998779296875,"rate_of_return":0.0}
{"window":{"start":"2022-12-08T18:11:00.000Z","end":"2022-12-08T18:12:00.000Z"},"country":"United Kingdom","OPM":9,"total_sale_volume":681.2000017166138,"rate_of_return":0.0}
{"window":{"start":"2022-12-09T02:30:00.000Z","end":"2022-12-09T02:31:00.000Z"},"country":"Belgium","OPM":1,"total_sale_volume":30.40999984741211,"rate_of_return":0.0}
{"window":{"start":"2022-12-08T10:50:00.000Z","end":"2022-12-08T10:51:00.000Z"},"country":"Cyprus","OPM":1,"total_sale_volume":27.0,"rate_of_return":0.0}
{"window":{"start":"2022-12-08T17:50:00.000Z","end":"2022-12-08T17:51:00.000Z"},"country":"United Kingdom","OPM":5,"total_sale_volume":184.19000235199928,"rate_of_return":0.0}
{"window":{"start":"2022-12-08T22:48:00.000Z","end":"2022-12-08T22:49:00.000Z"},"country":"Austria","OPM":1,"total_sale_volume":-59.709999084472656,"rate_of_return":1.0}
{"window":{"start":"2022-12-09T12:31:00.000Z","end":"2022-12-09T12:32:00.000Z"},"country":"EIRE","OPM":1,"total_sale_volume":24.81999969482422,"rate_of_return":0.0}
{"window":{"start":"2022-12-09T17:45:00.000Z","end":"2022-12-09T17:46:00.000Z"},"country":"United Kingdom","OPM":3,"total_sale_volume":86.7699978351593,"rate_of_return":0.0}
{"window":{"start":"2022-12-08T09:12:00.000Z","end":"2022-12-08T09:13:00.000Z"},"country":"United Kingdom","OPM":8,"total_sale_volume":1024.859977722168,"rate_of_return":0.0}
{"window":{"start":"2022-12-09T05:14:00.000Z","end":"2022-12-09T05:15:00.000Z"},"country":"United Kingdom","OPM":11,"total_sale_volume":504.9999828338623,"rate_of_return":0.18181818181818182}
