{"window":{"start":"2022-12-09T17:06:00.000Z","end":"2022-12-09T17:07:00.000Z"},"country":"United Kingdom","OPM":13,"total_sale_volume":956.4000015258789,"rate_of_return":0.07692307692307693}
{"window":{"start":"2022-12-08T11:39:00.000Z","end":"2022-12-08T11:40:00.000Z"},"country":"United Kingdom","OPM":13,"total_sale_volume":682.3999910354614,"rate_of_return":0.07692307692307693}
{"window":{"start":"2022-12-09T14:02:00.000Z","end":"2022-12-09T14:03:00.000Z"},"country":"United Kingdom","OPM":9,"total_sale_volume":350.4599983692169,"rate_of_return":0.0}
{"window":{"start":"2022-12-09T02:20:00.000Z","end":"2022-12-09T02:21:00.000Z"},"country":"United Kingdom","OPM":11,"total_sale_volume":214.96000385284424,"rate_of_return":0.09090909090909091}
{"window":{"start":"2022-12-09T23:38:00.000Z","end":"2022-12-09T23:39:00.000Z"},"country":"Spain","OPM":1,"total_sale_volume":8.799999237060547,"rate_of_return":0.0}
{"window":{"start":"2022-12-08T14:01:00.000Z","end":"2022-12-08T14:02:00.000Z"},"country":"United Kingdom","OPM":13,"total_sale_volume":2035.2799541950226,"rate_of_return":0.0}
{"window":{"start":"2022-12-09T23:05:00.000Z","end":"2022-12-09T23:06:00.000Z"},"country":"United Kingdom","OPM":7,"total_sale_volume":386.40999603271484,"rate_of_return":0.14285714285714285}
{"window":{"start":"2022-12-08T18:04:00.000Z","end":"2022-12-08T18:05:00.000Z"},"country":"Norway","OPM":1,"total_sale_volume":2.5999999046325684,"rate_of_return":0.0}
{"window":{"start":"2022-12-08T20:54:00.000Z","end":"2022-12-08T20:55:00.000Z"},"country":"United Kingdom","OPM":10,"total_sale_volume":523.0400133132935,"rate_of_return":0.1}
{"window":{"start":"2022-12-09T11:08:00.000Z","end":"2022-12-09T11:09:00.000Z"},"country":"Hong Kong","OPM":1,"total_sale_volume":22.239999771118164,"rate_of_return":0.0}
