{"window":{"start":"2022-12-09T16:54:00.000Z","end":"2022-12-09T16:55:00.000Z"},"country":"Netherlands","OPM":1,"total_sale_volume":6.71999979019165,"rate_of_return":0.0}
{"window":{"start":"2022-12-09T13:37:00.000Z","end":"2022-12-09T13:38:00.000Z"},"country":"United Kingdom","OPM":3,"total_sale_volume":69.87000274658203,"rate_of_return":0.3333333333333333}
{"window":{"start":"2022-12-08T13:43:00.000Z","end":"2022-12-08T13:44:00.000Z"},"country":"EIRE","OPM":1,"total_sale_volume":95.79000091552734,"rate_of_return":0.0}
{"window":{"start":"2022-12-08T11:51:00.000Z","end":"2022-12-08T11:52:00.000Z"},"country":"EIRE","OPM":1,"total_sale_volume":2.0799999237060547,"rate_of_return":0.0}
{"window":{"start":"2022-12-09T05:57:00.000Z","end":"2022-12-09T05:58:00.000Z"},"country":"United Kingdom","OPM":15,"total_sale_volume":1408.5300045013428,"rate_of_return":0.06666666666666667}
{"window":{"start":"2022-12-08T13:22:00.000Z","end":"2022-12-08T13:23:00.000Z"},"country":"European Community","OPM":1,"total_sale_volume":35.5,"rate_of_return":0.0}
{"window":{"start":"2022-12-09T17:15:00.000Z","end":"2022-12-09T17:16:00.000Z"},"country":"Netherlands","OPM":1,"total_sale_volume":171.239990234375,"rate_of_return":0.0}
{"window":{"start":"2022-12-09T14:20:00.000Z","end":"2022-12-09T14:21:00.000Z"},"country":"France","OPM":1,"total_sale_volume":42.349998474121094,"rate_of_return":0.0}
{"window":{"start":"2022-12-08T19:54:00.000Z","end":"2022-12-08T19:55:00.000Z"},"country":"United Kingdom","OPM":3,"total_sale_volume":90.18999862670898,"rate_of_return":0.0}
{"window":{"start":"2022-12-08T19:46:00.000Z","end":"2022-12-08T19:47:00.000Z"},"country":"United Kingdom","OPM":10,"total_sale_volume":532.7100058794022,"rate_of_return":0.1}
{"window":{"start":"2022-12-08T18:27:00.000Z","end":"2022-12-08T18:28:00.000Z"},"country":"United Kingdom","OPM":10,"total_sale_volume":248.51999735832214,"rate_of_return":0.0}
{"window":{"start":"2022-12-08T21:08:00.000Z","end":"2022-12-08T21:09:00.000Z"},"country":"United Kingdom","OPM":7,"total_sale_volume":599.6899929046631,"rate_of_return":0.14285714285714285}
{"window":{"start":"2022-12-09T02:27:00.000Z","end":"2022-12-09T02:28:00.000Z"},"country":"EIRE","OPM":1,"total_sale_volume":20.950000762939453,"rate_of_return":0.0}
{"window":{"start":"2022-12-08T16:48:00.000Z","end":"2022-12-08T16:49:00.000Z"},"country":"United Kingdom","OPM":5,"total_sale_volume":227.11999607086182,"rate_of_return":0.0}
{"window":{"start":"2022-12-09T16:28:00.000Z","end":"2022-12-09T16:29:00.000Z"},"country":"United Kingdom","OPM":6,"total_sale_volume":376.0900020599365,"rate_of_return":0.0}
{"window":{"start":"2022-12-09T08:23:00.000Z","end":"2022-12-09T08:24:00.000Z"},"country":"United Kingdom","OPM":16,"total_sale_volume":559.569990158081,"rate_of_return":0.0}
{"window":{"start":"2022-12-09T10:02:00.000Z","end":"2022-12-09T10:03:00.000Z"},"country":"Germany","OPM":1,"total_sale_volume":414.260009765625,"rate_of_return":0.0}
{"window":{"start":"2022-12-08T12:59:00.000Z","end":"2022-12-08T13:00:00.000Z"},"country":"United Kingdom","OPM":13,"total_sale_volume":634.039999961853,"rate_of_return":0.07692307692307693}
{"window":{"start":"2022-12-09T03:02:00.000Z","end":"2022-12-09T03:03:00.000Z"},"country":"United Kingdom","OPM":12,"total_sale_volume":362.1600067615509,"rate_of_return":0.0}
{"window":{"start":"2022-12-08T23:57:00.000Z","end":"2022-12-08T23:58:00.000Z"},"country":"Portugal","OPM":1,"total_sale_volume":1.5199999809265137,"rate_of_return":0.0}
{"window":{"start":"2022-12-09T18:49:00.000Z","end":"2022-12-09T18:50:00.000Z"},"country":"Spain","OPM":1,"total_sale_volume":-108.5,"rate_of_return":1.0}
{"window":{"start":"2022-12-09T16:59:00.000Z","end":"2022-12-09T17:00:00.000Z"},"country":"United Kingdom","OPM":11,"total_sale_volume":349.1999933719635,"rate_of_return":0.09090909090909091}
{"window":{"start":"2022-12-08T10:51:00.000Z","end":"2022-12-08T10:52:00.000Z"},"country":"United Kingdom","OPM":7,"total_sale_volume":451.32999086380005,"rate_of_return":0.0}
