{"window":{"start":"2022-12-09T05:47:00.000Z","end":"2022-12-09T05:48:00.000Z"},"country":"Netherlands","OPM":1,"total_sale_volume":29.520000457763672,"rate_of_return":0.0}
{"window":{"start":"2022-12-09T22:41:00.000Z","end":"2022-12-09T22:42:00.000Z"},"country":"France","OPM":1,"total_sale_volume":109.6199951171875,"rate_of_return":0.0}
{"window":{"start":"2022-12-09T01:57:00.000Z","end":"2022-12-09T01:58:00.000Z"},"country":"Netherlands","OPM":1,"total_sale_volume":-281.5799865722656,"rate_of_return":1.0}
{"window":{"start":"2022-12-08T23:54:00.000Z","end":"2022-12-08T23:55:00.000Z"},"country":"United Kingdom","OPM":13,"total_sale_volume":1788.3799991607666,"rate_of_return":0.07692307692307693}
{"window":{"start":"2022-12-08T09:26:00.000Z","end":"2022-12-08T09:27:00.000Z"},"country":"United Kingdom","OPM":6,"total_sale_volume":478.0500030517578,"rate_of_return":0.0}
{"window":{"start":"2022-12-09T17:35:00.000Z","end":"2022-12-09T17:36:00.000Z"},"country":"United Kingdom","OPM":10,"total_sale_volume":588.5299797654152,"rate_of_return":0.0}
{"window":{"start":"2022-12-08T11:29:00.000Z","end":"2022-12-08T11:30:00.000Z"},"country":"United Kingdom","OPM":7,"total_sale_volume":705.7999897003174,"rate_of_return":0.0}
{"window":{"start":"2022-12-09T19:09:00.000Z","end":"2022-12-09T19:10:00.000Z"},"country":"EIRE","OPM":2,"total_sale_volume":98.39999771118164,"rate_of_return":0.0}
{"window":{"start":"2022-12-09T10:48:00.000Z","end":"2022-12-09T10:49:00.000Z"},"country":"United Kingdom","OPM":4,"total_sale_volume":394.6000061035156,"rate_of_return":0.0}
{"window":{"start":"2022-12-09T13:22:00.000Z","end":"2022-12-09T13:23:00.000Z"},"country":"United Kingdom","OPM":11,"total_sale_volume":493.27000200748444,"rate_of_return":0.18181818181818182}
{"window":{"start":"2022-12-09T15:50:00.000Z","end":"2022-12-09T15:51:00.000Z"},"country":"United Kingdom","OPM":6,"total_sale_volume":329.74999809265137,"rate_of_return":0.0}
{"window":{"start":"2022-12-08T10:02:00.000Z","end":"2022-12-08T10:03:00.000Z"},"country":"United Kingdom","OPM":14,"total_sale_volume":767.3899973034859,"rate_of_return":0.0}
{"window":{"start":"2022-12-09T08:26:00.000Z","end":"2022-12-09T08:27:00.000Z"},"country":"Italy","OPM":1,"total_sale_volume":64.45999908447266,"rate_of_return":0.0}
{"window":{"start":"2022-12-08T14:47:00.000Z","end":"2022-12-08T14:48:00.000Z"},"country":"Germany","OPM":1,"total_sale_volume":15.789999961853027,"rate_of_return":0.0}
{"window":{"start":"2022-12-08T11:05:00.000Z","end":"2022-12-08T11:06:00.000Z"},"country":"EIRE","OPM":1,"total_sale_volume":3.299999952316284,"rate_of_return":0.0}
{"window":{"start":"2022-12-09T06:41:00.000Z","end":"2022-12-09T06:42:00.000Z"},"country":"France","OPM":1,"total_sale_volume":50.04999923706055,"rate_of_return":0.0}
{"window":{"start":"2022-12-09T07:57:00.000Z","end":"2022-12-09T07:58:00.000Z"},"country":"United Kingdom","OPM":16,"total_sale_volume":2253.809947013855,"rate_of_return":0.0}
{"window":{"start":"2022-12-08T22:51:00.000Z","end":"2022-12-08T22:52:00.000Z"},"country":"United Kingdom","OPM":10,"total_sale_volume":450.9099979400635,"rate_of_return":0.0}
{"window":{"start":"2022-12-09T01:51:00.000Z","end":"2022-12-09T01:52:00.000Z"},"country":"United Kingdom","OPM":11,"total_sale_volume":486.56999802589417,"rate_of_return":0.09090909090909091}
{"window":{"start":"2022-12-09T02:39:00.000Z","end":"2022-12-09T02:40:00.000Z"},"country":"Portugal","OPM":1,"total_sale_volume":1.649999976158142,"rate_of_return":0.0}
{"window":{"start":"2022-12-08T16:15:00.000Z","end":"2022-12-08T16:16:00.000Z"},"country":"Germany","OPM":1,"total_sale_volume":17.119998931884766,"rate_of_return":0.0}
{"window":{"start":"2022-12-09T00:08:00.000Z","end":"2022-12-09T00:09:00.000Z"},"country":"EIRE","OPM":1,"total_sale_volume":63.02000045776367,"rate_of_return":0.0}
{"window":{"start":"2022-12-09T03:07:00.000Z","end":"2022-12-09T03:08:00.000Z"},"country":"Germany","OPM":1,"total_sale_volume":478.80999755859375,"rate_of_return":0.0}
{"window":{"start":"2022-12-08T15:15:00.000Z","end":"2022-12-08T15:16:00.000Z"},"country":"Australia","OPM":1,"total_sale_volume":28.299999237060547,"rate_of_return":0.0}
