{"window":{"start":"2022-12-09T20:58:00.000Z","end":"2022-12-09T20:59:00.000Z"},"country":"Germany","OPM":1,"total_sale_volume":8.199999809265137,"rate_of_return":0.0}
{"window":{"start":"2022-12-09T17:39:00.000Z","end":"2022-12-09T17:40:00.000Z"},"country":"United Kingdom","OPM":12,"total_sale_volume":625.1900005340576,"rate_of_return":0.0}
{"window":{"start":"2022-12-08T22:14:00.000Z","end":"2022-12-08T22:15:00.000Z"},"country":"France","OPM":2,"total_sale_volume":214.53999710083008,"rate_of_return":0.0}
{"window":{"start":"2022-12-09T21:23:00.000Z","end":"2022-12-09T21:24:00.000Z"},"country":"Sweden","OPM":1,"total_sale_volume":27.029998779296875,"rate_of_return":0.0}
{"window":{"start":"2022-12-08T12:01:00.000Z","end":"2022-12-08T12:02:00.000Z"},"country":"Netherlands","OPM":1,"total_sale_volume":-16.459999084472656,"rate_of_return":1.0}
{"window":{"start":"2022-12-08T09:39:00.000Z","end":"2022-12-08T09:40:00.000Z"},"country":"United Kingdom","OPM":15,"total_sale_volume":131.3800005018711,"rate_of_return":0.06666666666666667}
{"window":{"start":"2022-12-09T13:49:00.000Z","end":"2022-12-09T13:50:00.000Z"},"country":"United Kingdom","OPM":6,"total_sale_volume":367.469988822937,"rate_of_return":0.16666666666666666}
{"window":{"start":"2022-12-09T14:56:00.000Z","end":"2022-12-09T14:57:00.000Z"},"country":"Australia","OPM":1,"total_sale_volume":13.399999618530273,"rate_of_return":0.0}
{"window":{"start":"2022-12-08T08:33:00.000Z","end":"2022-12-08T08:34:00.000Z"},"country":"United Kingdom","OPM":7,"total_sale_volume":729.3699941635132,"rate_of_return":0.0}
{"window":{"start":"2022-12-08T12:43:00.000Z","end":"2022-12-08T12:44:00.000Z"},"country":"United Kingdom","OPM":9,"total_sale_volume":915.5500053167343,"rate_of_return":0.0}
{"window":{"start":"2022-12-09T20:52:00.000Z","end":"2022-12-09T20:53:00.000Z"},"country":"United Kingdom","OPM":14,"total_sale_volume":616.9199931621552,"rate_of_return":0.07142857142857142}
{"window":{"start":"2022-12-08T18:57:00.000Z","end":"2022-12-08T18:58:00.000Z"},"country":"Belgium","OPM":1,"total_sale_volume":73.37999725341797,"rate_of_return":0.0}
{"window":{"start":"2022-12-09T05:17:00.000Z","end":"2022-12-09T05:18:00.000Z"},"country":"Germany","OPM":1,"total_sale_volume":10.789999961853027,"rate_of_return":0.0}
{"window":{"start":"2022-12-08T13:55:00.000Z","end":"2022-12-08T13:56:00.000Z"},"country":"France","OPM":1,"total_sale_volume":5.380000114440918,"rate_of_return":0.0}
{"window":{"start":"2022-12-09T07:38:00.000Z","end":"2022-12-09T07:39:00.000Z"},"country":"Germany","OPM":1,"total_sale_volume":5.730000019073486,"rate_of_return":0.0}
{"window":{"start":"2022-12-09T10:58:00.000Z","end":"2022-12-09T10:59:00.000Z"},"country":"Belgium","OPM":1,"total_sale_volume":7.559999942779541,"rate_of_return":0.0}
{"window":{"start":"2022-12-09T14:17:00.000Z","end":"2022-12-09T14:18:00.000Z"},"country":"United Kingdom","OPM":10,"total_sale_volume":509.6799964904785,"rate_of_return":0.1}
{"window":{"start":"2022-12-08T23:00:00.000Z","end":"2022-12-08T23:01:00.000Z"},"country":"France","OPM":1,"total_sale_volume":138.27000427246094,"rate_of_return":0.0}
{"window":{"start":"2022-12-08T14:42:00.000Z","end":"2022-12-08T14:43:00.000Z"},"country":"United Kingdom","OPM":11,"total_sale_volume":412.72000217437744,"rate_of_return":0.09090909090909091}
