{"window":{"start":"2022-12-09T23:09:00.000Z","end":"2022-12-09T23:10:00.000Z"},"country":"United Kingdom","OPM":14,"total_sale_volume":-2045.2997541427612,"rate_of_return":0.07142857142857142}
{"window":{"start":"2022-12-09T17:21:00.000Z","end":"2022-12-09T17:22:00.000Z"},"country":"United Kingdom","OPM":8,"total_sale_volume":663.9999990463257,"rate_of_return":0.0}
{"window":{"start":"2022-12-08T11:31:00.000Z","end":"2022-12-08T11:32:00.000Z"},"country":"France","OPM":1,"total_sale_volume":49.400001525878906,"rate_of_return":0.0}
{"window":{"start":"2022-12-09T04:30:00.000Z","end":"2022-12-09T04:31:00.000Z"},"country":"Italy","OPM":1,"total_sale_volume":21.380001068115234,"rate_of_return":0.0}
{"window":{"start":"2022-12-09T10:28:00.000Z","end":"2022-12-09T10:29:00.000Z"},"country":"Belgium","OPM":1,"total_sale_volume":213.36000061035156,"rate_of_return":0.0}
{"window":{"start":"2022-12-09T16:16:00.000Z","end":"2022-12-09T16:17:00.000Z"},"country":"United Kingdom","OPM":12,"total_sale_volume":1239.500002503395,"rate_of_return":0.0}
{"window":{"start":"2022-12-08T08:15:00.000Z","end":"2022-12-08T08:16:00.000Z"},"country":"United Kingdom","OPM":6,"total_sale_volume":401.5300073623657,"rate_of_return":0.0}
{"window":{"start":"2022-12-09T09:03:00.000Z","end":"2022-12-09T09:04:00.000Z"},"country":"United Kingdom","OPM":18,"total_sale_volume":977.3499956130981,"rate_of_return":0.05555555555555555}
{"window":{"start":"2022-12-09T10:09:00.000Z","end":"2022-12-09T10:10:00.000Z"},"country":"United Kingdom","OPM":13,"total_sale_volume":443.7799983024597,"rate_of_return":0.07692307692307693}
{"window":{"start":"2022-12-09T19:29:00.000Z","end":"2022-12-09T19:30:00.000Z"},"country":"France","OPM":2,"total_sale_volume":25.0,"rate_of_return":0.0}
{"window":{"start":"2022-12-09T12:35:00.000Z","end":"2022-12-09T12:36:00.000Z"},"country":"United Kingdom","OPM":7,"total_sale_volume":510.9899904727936,"rate_of_return":0.14285714285714285}
{"window":{"start":"2022-12-09T13:47:00.000Z","end":"2022-12-09T13:48:00.000Z"},"country":"Germany","OPM":1,"total_sale_volume":2.4600000381469727,"rate_of_return":0.0}
{"window":{"start":"2022-12-08T16:30:00.000Z","end":"2022-12-08T16:31:00.000Z"},"country":"United Kingdom","OPM":11,"total_sale_volume":523.4499986171722,"rate_of_return":0.09090909090909091}
{"window":{"start":"2022-12-08T13:20:00.000Z","end":"2022-12-08T13:21:00.000Z"},"country":"United Kingdom","OPM":9,"total_sale_volume":-624.4399590492249,"rate_of_return":0.4444444444444444}
{"window":{"start":"2022-12-09T07:15:00.000Z","end":"2022-12-09T07:16:00.000Z"},"country":"Germany","OPM":1,"total_sale_volume":359.4700012207031,"rate_of_return":0.0}
{"window":{"start":"2022-12-09T14:21:00.000Z","end":"2022-12-09T14:22:00.000Z"},"country":"EIRE","OPM":1,"total_sale_volume":165.10000610351562,"rate_of_return":0.0}
{"window":{"start":"2022-12-09T13:36:00.000Z","end":"2022-12-09T13:37:00.000Z"},"country":"Norway","OPM":1,"total_sale_volume":207.57000732421875,"rate_of_return":0.0}
{"window":{"start":"2022-12-09T15:28:00.000Z","end":"2022-12-09T15:29:00.000Z"},"country":"United Kingdom","OPM":8,"total_sale_volume":270.5100026130676,"rate_of_return":0.0}
{"window":{"start":"2022-12-09T08:26:00.000Z","end":"2022-12-09T08:27:00.000Z"},"country":"Germany","OPM":1,"total_sale_volume":44.75,"rate_of_return":0.0}
