{"window":{"start":"2022-12-09T14:54:00.000Z","end":"2022-12-09T14:55:00.000Z"},"country":"United Kingdom","OPM":8,"total_sale_volume":278.7500034570694,"rate_of_return":0.125}
{"window":{"start":"2022-12-08T16:28:00.000Z","end":"2022-12-08T16:29:00.000Z"},"country":"Poland","OPM":1,"total_sale_volume":82.20999908447266,"rate_of_return":0.0}
{"window":{"start":"2022-12-09T21:32:00.000Z","end":"2022-12-09T21:33:00.000Z"},"country":"United Kingdom","OPM":5,"total_sale_volume":178.18999925255775,"rate_of_return":0.0}
{"window":{"start":"2022-12-09T13:32:00.000Z","end":"2022-12-09T13:33:00.000Z"},"country":"United Kingdom","OPM":9,"total_sale_volume":492.0599880218506,"rate_of_return":0.0}
{"window":{"start":"2022-12-08T10:25:00.000Z","end":"2022-12-08T10:26:00.000Z"},"country":"United Kingdom","OPM":10,"total_sale_volume":1047.319947719574,"rate_of_return":0.0}
{"window":{"start":"2022-12-09T23:37:00.000Z","end":"2022-12-09T23:38:00.000Z"},"country":"United Kingdom","OPM":12,"total_sale_volume":1786.1599882245064,"rate_of_return":0.08333333333333333}
{"window":{"start":"2022-12-09T10:20:00.000Z","end":"2022-12-09T10:21:00.000Z"},"country":"Belgium","OPM":1,"total_sale_volume":444.0199890136719,"rate_of_return":0.0}
{"window":{"start":"2022-12-08T12:00:00.000Z","end":"2022-12-08T12:01:00.000Z"},"country":"United Kingdom","OPM":3,"total_sale_volume":80.00000190734863,"rate_of_return":0.0}
{"window":{"start":"2022-12-08T19:08:00.000Z","end":"2022-12-08T19:09:00.000Z"},"country":"Germany","OPM":1,"total_sale_volume":34.20000076293945,"rate_of_return":0.0}
{"window":{"start":"2022-12-09T18:12:00.000Z","end":"2022-12-09T18:13:00.000Z"},"country":"Poland","OPM":1,"total_sale_volume":138.52999877929688,"rate_of_return":0.0}
{"window":{"start":"2022-12-09T22:33:00.000Z","end":"2022-12-09T22:34:00.000Z"},"country":"United Kingdom","OPM":10,"total_sale_volume":644.4799928665161,"rate_of_return":0.1}
{"window":{"start":"2022-12-09T22:19:00.000Z","end":"2022-12-09T22:20:00.000Z"},"country":"EIRE","OPM":1,"total_sale_volume":7.5,"rate_of_return":0.0}
{"window":{"start":"2022-12-09T11:12:00.000Z","end":"2022-12-09T11:13:00.000Z"},"country":"United Kingdom","OPM":11,"total_sale_volume":427.63999831676483,"rate_of_return":0.0}
{"window":{"start":"2022-12-08T16:53:00.000Z","end":"2022-12-08T16:54:00.000Z"},"country":"Switzerland","OPM":1,"total_sale_volume":35.279998779296875,"rate_of_return":0.0}
{"window":{"start":"2022-12-09T07:32:00.000Z","end":"2022-12-09T07:33:00.000Z"},"country":"United Kingdom","OPM":4,"total_sale_volume":105.09999752044678,"rate_of_return":0.0}
{"window":{"start":"2022-12-09T20:05:00.000Z","end":"2022-12-09T20:06:00.000Z"},"country":"United Kingdom","OPM":8,"total_sale_volume":210.11999702453613,"rate_of_return":0.0}
{"window":{"start":"2022-12-08T08:28:00.000Z","end":"2022-12-08T08:29:00.000Z"},"country":"United Kingdom","OPM":12,"total_sale_volume":1118.6900067329407,"rate_of_return":0.0}
{"window":{"start":"2022-12-09T20:29:00.000Z","end":"2022-12-09T20:30:00.000Z"},"country":"United Kingdom","OPM":3,"total_sale_volume":102.84000396728516,"rate_of_return":0.0}
{"window":{"start":"2022-12-09T11:32:00.000Z","end":"2022-12-09T11:33:00.000Z"},"country":"United Kingdom","OPM":9,"total_sale_volume":762.6300015449524,"rate_of_return":0.1111111111111111}
{"window":{"start":"2022-12-09T16:53:00.000Z","end":"2022-12-09T16:54:00.000Z"},"country":"United Kingdom","OPM":10,"total_sale_volume":476.740007519722,"rate_of_return":0.1}
{"window":{"start":"2022-12-08T18:03:00.000Z","end":"2022-12-08T18:04:00.000Z"},"country":"United Kingdom","OPM":10,"total_sale_volume":523.2400131225586,"rate_of_return":0.2}
{"window":{"start":"2022-12-09T16:42:00.000Z","end":"2022-12-09T16:43:00.000Z"},"country":"France","OPM":1,"total_sale_volume":11.719999313354492,"rate_of_return":0.0}
{"window":{"start":"2022-12-09T16:24:00.000Z","end":"2022-12-09T16:25:00.000Z"},"country":"United Kingdom","OPM":9,"total_sale_volume":234.38999783992767,"rate_of_return":0.0}
{"window":{"start":"2022-12-09T05:02:00.000Z","end":"2022-12-09T05:03:00.000Z"},"country":"United Kingdom","OPM":6,"total_sale_volume":213.53999614715576,"rate_of_return":0.0}
{"window":{"start":"2022-12-08T23:15:00.000Z","end":"2022-12-08T23:16:00.000Z"},"country":"United Kingdom","OPM":12,"total_sale_volume":1078.5400009155273,"rate_of_return":0.0}
