{"window":{"start":"2022-12-09T13:39:00.000Z","end":"2022-12-09T13:40:00.000Z"},"country":"United Kingdom","OPM":6,"total_sale_volume":179.96999835968018,"rate_of_return":0.16666666666666666}
{"window":{"start":"2022-12-09T04:43:00.000Z","end":"2022-12-09T04:44:00.000Z"},"country":"United Kingdom","OPM":7,"total_sale_volume":394.53999865055084,"rate_of_return":0.0}
{"window":{"start":"2022-12-09T01:03:00.000Z","end":"2022-12-09T01:04:00.000Z"},"country":"United Kingdom","OPM":10,"total_sale_volume":981.8299946784973,"rate_of_return":0.0}
{"window":{"start":"2022-12-08T12:41:00.000Z","end":"2022-12-08T12:42:00.000Z"},"country":"France","OPM":1,"total_sale_volume":19.03999900817871,"rate_of_return":0.0}
{"window":{"start":"2022-12-08T11:28:00.000Z","end":"2022-12-08T11:29:00.000Z"},"country":"Spain","OPM":1,"total_sale_volume":84.39999389648438,"rate_of_return":0.0}
{"window":{"start":"2022-12-08T09:12:00.000Z","end":"2022-12-08T09:13:00.000Z"},"country":"France","OPM":1,"total_sale_volume":170.85000610351562,"rate_of_return":0.0}
{"window":{"start":"2022-12-09T00:04:00.000Z","end":"2022-12-09T00:05:00.000Z"},"country":"France","OPM":1,"total_sale_volume":18.239999771118164,"rate_of_return":0.0}
{"window":{"start":"2022-12-08T20:16:00.000Z","end":"2022-12-08T20:17:00.000Z"},"country":"United Kingdom","OPM":5,"total_sale_volume":170.56999975442886,"rate_of_return":0.4}
{"window":{"start":"2022-12-09T18:59:00.000Z","end":"2022-12-09T19:00:00.000Z"},"country":"Switzerland","OPM":1,"total_sale_volume":0.41999998688697815,"rate_of_return":0.0}
{"window":{"start":"2022-12-09T01:39:00.000Z","end":"2022-12-09T01:40:00.000Z"},"country":"United Kingdom","OPM":11,"total_sale_volume":1137.6400110721588,"rate_of_return":0.0}
{"window":{"start":"2022-12-09T01:05:00.000Z","end":"2022-12-09T01:06:00.000Z"},"country":"United Kingdom","OPM":6,"total_sale_volume":387.0899887084961,"rate_of_return":0.0}
{"window":{"start":"2022-12-08T15:52:00.000Z","end":"2022-12-08T15:53:00.000Z"},"country":"United Kingdom","OPM":11,"total_sale_volume":525.5699894428253,"rate_of_return":0.0}
{"window":{"start":"2022-12-09T07:27:00.000Z","end":"2022-12-09T07:28:00.000Z"},"country":"Norway","OPM":1,"total_sale_volume":8.5,"rate_of_return":0.0}
{"window":{"start":"2022-12-09T08:45:00.000Z","end":"2022-12-09T08:46:00.000Z"},"country":"EIRE","OPM":1,"total_sale_volume":3.4000000953674316,"rate_of_return":0.0}
{"window":{"start":"2022-12-09T15:25:00.000Z","end":"2022-12-09T15:26:00.000Z"},"country":"Spain","OPM":1,"total_sale_volume":90.84000396728516,"rate_of_return":0.0}
{"window":{"start":"2022-12-08T08:23:00.000Z","end":"2022-12-08T08:24:00.000Z"},"country":"United Kingdom","OPM":11,"total_sale_volume":590.1999922096729,"rate_of_return":0.09090909090909091}
{"window":{"start":"2022-12-09T05:24:00.000Z","end":"2022-12-09T05:25:00.000Z"},"country":"United Kingdom","OPM":6,"total_sale_volume":623.5399742126465,"rate_of_return":0.0}
{"window":{"start":"2022-12-09T23:39:00.000Z","end":"2022-12-09T23:40:00.000Z"},"country":"Belgium","OPM":1,"total_sale_volume":81.09000396728516,"rate_of_return":0.0}
{"window":{"start":"2022-12-09T09:51:00.000Z","end":"2022-12-09T09:52:00.000Z"},"country":"Australia","OPM":1,"total_sale_volume":72.0,"rate_of_return":0.0}
{"window":{"start":"2022-12-09T17:53:00.000Z","end":"2022-12-09T17:54:00.000Z"},"country":"United Kingdom","OPM":8,"total_sale_volume":142.5800006389618,"rate_of_return":0.125}
{"window":{"start":"2022-12-09T14:11:00.000Z","end":"2022-12-09T14:12:00.000Z"},"country":"Norway","OPM":1,"total_sale_volume":0.8299999833106995,"rate_of_return":0.0}
{"window":{"start":"2022-12-08T11:05:00.000Z","end":"2022-12-08T11:06:00.000Z"},"country":"United Kingdom","OPM":10,"total_sale_volume":554.6299924850464,"rate_of_return":0.0}
{"window":{"start":"2022-12-09T16:54:00.000Z","end":"2022-12-09T16:55:00.000Z"},"country":"United Kingdom","OPM":10,"total_sale_volume":559.2699899673462,"rate_of_return":0.0}
