{"window":{"start":"2022-12-09T15:37:00.000Z","end":"2022-12-09T15:38:00.000Z"},"country":"United Kingdom","OPM":3,"total_sale_volume":56.74000132083893,"rate_of_return":0.0}
{"window":{"start":"2022-12-08T22:48:00.000Z","end":"2022-12-08T22:49:00.000Z"},"country":"Germany","OPM":1,"total_sale_volume":30.06999969482422,"rate_of_return":0.0}
{"window":{"start":"2022-12-08T09:23:00.000Z","end":"2022-12-08T09:24:00.000Z"},"country":"Germany","OPM":1,"total_sale_volume":49.91999816894531,"rate_of_return":0.0}
{"window":{"start":"2022-12-09T13:36:00.000Z","end":"2022-12-09T13:37:00.000Z"},"country":"France","OPM":1,"total_sale_volume":13.15999984741211,"rate_of_return":0.0}
{"window":{"start":"2022-12-09T17:24:00.000Z","end":"2022-12-09T17:25:00.000Z"},"country":"EIRE","OPM":1,"total_sale_volume":33.48999786376953,"rate_of_return":0.0}
{"window":{"start":"2022-12-09T12:54:00.000Z","end":"2022-12-09T12:55:00.000Z"},"country":"United Kingdom","OPM":16,"total_sale_volume":484.2100019454956,"rate_of_return":0.0625}
{"window":{"start":"2022-12-08T21:11:00.000Z","end":"2022-12-08T21:12:00.000Z"},"country":"Finland","OPM":1,"total_sale_volume":3.25,"rate_of_return":0.0}
{"window":{"start":"2022-12-09T05:09:00.000Z","end":"2022-12-09T05:10:00.000Z"},"country":"France","OPM":1,"total_sale_volume":89.54999542236328,"rate_of_return":0.0}
{"window":{"start":"2022-12-09T17:40:00.000Z","end":"2022-12-09T17:41:00.000Z"},"country":"United Kingdom","OPM":6,"total_sale_volume":293.12000370025635,"rate_of_return":0.0}
{"window":{"start":"2022-12-08T08:09:00.000Z","end":"2022-12-08T08:10:00.000Z"},"country":"Belgium","OPM":1,"total_sale_volume":171.0900115966797,"rate_of_return":0.0}
{"window":{"start":"2022-12-09T09:44:00.000Z","end":"2022-12-09T09:45:00.000Z"},"country":"Norway","OPM":1,"total_sale_volume":0.8500000238418579,"rate_of_return":0.0}
{"window":{"start":"2022-12-09T07:48:00.000Z","end":"2022-12-09T07:49:00.000Z"},"country":"United Kingdom","OPM":7,"total_sale_volume":362.3799810409546,"rate_of_return":0.14285714285714285}
{"window":{"start":"2022-12-08T13:02:00.000Z","end":"2022-12-08T13:03:00.000Z"},"country":"France","OPM":1,"total_sale_volume":3.75,"rate_of_return":0.0}
{"window":{"start":"2022-12-09T13:24:00.000Z","end":"2022-12-09T13:25:00.000Z"},"country":"United Kingdom","OPM":14,"total_sale_volume":1422.8000001907349,"rate_of_return":0.07142857142857142}
{"window":{"start":"2022-12-09T21:03:00.000Z","end":"2022-12-09T21:04:00.000Z"},"country":"EIRE","OPM":1,"total_sale_volume":28.579999923706055,"rate_of_return":0.0}
{"window":{"start":"2022-12-08T17:58:00.000Z","end":"2022-12-08T17:59:00.000Z"},"country":"United Kingdom","OPM":8,"total_sale_volume":425.6899998188019,"rate_of_return":0.125}
{"window":{"start":"2022-12-08T20:27:00.000Z","end":"2022-12-08T20:28:00.000Z"},"country":"Switzerland","OPM":1,"total_sale_volume":4.920000076293945,"rate_of_return":0.0}
{"window":{"start":"2022-12-08T23:40:00.000Z","end":"2022-12-08T23:41:00.000Z"},"country":"Germany","OPM":1,"total_sale_volume":1.25,"rate_of_return":0.0}
