{"window":{"start":"2022-12-08T16:18:00.000Z","end":"2022-12-08T16:19:00.000Z"},"country":"Switzerland","OPM":1,"total_sale_volume":36.86000061035156,"rate_of_return":0.0}
{"window":{"start":"2022-12-08T19:13:00.000Z","end":"2022-12-08T19:14:00.000Z"},"country":"Switzerland","OPM":1,"total_sale_volume":94.73999786376953,"rate_of_return":0.0}
{"window":{"start":"2022-12-09T12:25:00.000Z","end":"2022-12-09T12:26:00.000Z"},"country":"United Kingdom","OPM":15,"total_sale_volume":1220.8400184214115,"rate_of_return":0.0}
{"window":{"start":"2022-12-08T19:17:00.000Z","end":"2022-12-08T19:18:00.000Z"},"country":"Spain","OPM":1,"total_sale_volume":12.549999237060547,"rate_of_return":0.0}
{"window":{"start":"2022-12-09T00:27:00.000Z","end":"2022-12-09T00:28:00.000Z"},"country":"EIRE","OPM":1,"total_sale_volume":2.5,"rate_of_return":0.0}
{"window":{"start":"2022-12-09T11:22:00.000Z","end":"2022-12-09T11:23:00.000Z"},"country":"Norway","OPM":1,"total_sale_volume":3.299999952316284,"rate_of_return":0.0}
{"window":{"start":"2022-12-09T02:51:00.000Z","end":"2022-12-09T02:52:00.000Z"},"country":"United Kingdom","OPM":9,"total_sale_volume":843.1199970245361,"rate_of_return":0.1111111111111111}
{"window":{"start":"2022-12-08T17:05:00.000Z","end":"2022-12-08T17:06:00.000Z"},"country":"United Kingdom","OPM":6,"total_sale_volume":380.3999936580658,"rate_of_return":0.0}
{"window":{"start":"2022-12-09T22:32:00.000Z","end":"2022-12-09T22:33:00.000Z"},"country":"Germany","OPM":1,"total_sale_volume":32.01000213623047,"rate_of_return":0.0}
{"window":{"start":"2022-12-08T09:40:00.000Z","end":"2022-12-08T09:41:00.000Z"},"country":"United Kingdom","OPM":9,"total_sale_volume":1276.3199844360352,"rate_of_return":0.0}
{"window":{"start":"2022-12-09T09:01:00.000Z","end":"2022-12-09T09:02:00.000Z"},"country":"United Kingdom","OPM":11,"total_sale_volume":629.8699951171875,"rate_of_return":0.0}
{"window":{"start":"2022-12-09T21:44:00.000Z","end":"2022-12-09T21:45:00.000Z"},"country":"Denmark","OPM":1,"total_sale_volume":4.949999809265137,"rate_of_return":0.0}
{"window":{"start":"2022-12-09T07:00:00.000Z","end":"2022-12-09T07:01:00.000Z"},"country":"United Kingdom","OPM":6,"total_sale_volume":297.63000106811523,"rate_of_return":0.0}
{"window":{"start":"2022-12-08T20:06:00.000Z","end":"2022-12-08T20:07:00.000Z"},"country":"Switzerland","OPM":1,"total_sale_volume":161.34999084472656,"rate_of_return":0.0}
{"window":{"start":"2022-12-08T13:05:00.000Z","end":"2022-12-08T13:06:00.000Z"},"country":"France","OPM":1,"total_sale_volume":49.82999801635742,"rate_of_return":0.0}
{"window":{"start":"2022-12-08T14:38:00.000Z","end":"2022-12-08T14:39:00.000Z"},"country":"EIRE","OPM":1,"total_sale_volume":6.689999580383301,"rate_of_return":0.0}
{"window":{"start":"2022-12-08T23:26:00.000Z","end":"2022-12-08T23:27:00.000Z"},"country":"France","OPM":1,"total_sale_volume":73.72999572753906,"rate_of_return":0.0}
{"window":{"start":"2022-12-09T02:58:00.000Z","end":"2022-12-09T02:59:00.000Z"},"country":"United Kingdom","OPM":12,"total_sale_volume":1120.090010046959,"rate_of_return":0.0}
