{"window":{"start":"2022-12-09T05:05:00.000Z","end":"2022-12-09T05:06:00.000Z"},"country":"France","OPM":1,"total_sale_volume":48.380001068115234,"rate_of_return":0.0}
{"window":{"start":"2022-12-09T16:23:00.000Z","end":"2022-12-09T16:24:00.000Z"},"country":"United Kingdom","OPM":5,"total_sale_volume":1664.2900078296661,"rate_of_return":0.0}
{"window":{"start":"2022-12-09T06:11:00.000Z","end":"2022-12-09T06:12:00.000Z"},"country":"Portugal","OPM":1,"total_sale_volume":38.400001525878906,"rate_of_return":0.0}
{"window":{"start":"2022-12-09T00:56:00.000Z","end":"2022-12-09T00:57:00.000Z"},"country":"Denmark","OPM":1,"total_sale_volume":2.0999999046325684,"rate_of_return":0.0}
{"window":{"start":"2022-12-08T13:24:00.000Z","end":"2022-12-08T13:25:00.000Z"},"country":"Finland","OPM":1,"total_sale_volume":65.2300033569336,"rate_of_return":0.0}
{"window":{"start":"2022-12-08T17:13:00.000Z","end":"2022-12-08T17:14:00.000Z"},"country":"Germany","OPM":1,"total_sale_volume":10.200000762939453,"rate_of_return":0.0}
{"window":{"start":"2022-12-09T14:59:00.000Z","end":"2022-12-09T15:00:00.000Z"},"country":"France","OPM":1,"total_sale_volume":83.41999816894531,"rate_of_return":0.0}
{"window":{"start":"2022-12-09T02:59:00.000Z","end":"2022-12-09T03:00:00.000Z"},"country":"United Kingdom","OPM":7,"total_sale_volume":408.6599884033203,"rate_of_return":0.0}
{"window":{"start":"2022-12-08T22:19:00.000Z","end":"2022-12-08T22:20:00.000Z"},"country":"United Kingdom","OPM":12,"total_sale_volume":1738.3199977874756,"rate_of_return":0.0}
{"window":{"start":"2022-12-09T03:21:00.000Z","end":"2022-12-09T03:22:00.000Z"},"country":"United Kingdom","OPM":7,"total_sale_volume":262.22999906539917,"rate_of_return":0.0}
{"window":{"start":"2022-12-09T00:48:00.000Z","end":"2022-12-09T00:49:00.000Z"},"country":"Norway","OPM":1,"total_sale_volume":124.88999938964844,"rate_of_return":0.0}
{"window":{"start":"2022-12-09T09:27:00.000Z","end":"2022-12-09T09:28:00.000Z"},"country":"France","OPM":1,"total_sale_volume":17.65999984741211,"rate_of_return":0.0}
{"window":{"start":"2022-12-08T08:44:00.000Z","end":"2022-12-08T08:45:00.000Z"},"country":"Germany","OPM":1,"total_sale_volume":138.3800048828125,"rate_of_return":0.0}
{"window":{"start":"2022-12-08T23:28:00.000Z","end":"2022-12-08T23:29:00.000Z"},"country":"United Kingdom","OPM":10,"total_sale_volume":546.8899974822998,"rate_of_return":0.1}
{"window":{"start":"2022-12-09T10:31:00.000Z","end":"2022-12-09T10:32:00.000Z"},"country":"United Kingdom","OPM":4,"total_sale_volume":203.27999877929688,"rate_of_return":0.0}
{"window":{"start":"2022-12-09T15:12:00.000Z","end":"2022-12-09T15:13:00.000Z"},"country":"United Kingdom","OPM":8,"total_sale_volume":508.8399863243103,"rate_of_return":0.125}
{"window":{"start":"2022-12-09T16:22:00.000Z","end":"2022-12-09T16:23:00.000Z"},"country":"United Kingdom","OPM":9,"total_sale_volume":165.0600105524063,"rate_of_return":0.1111111111111111}
{"window":{"start":"2022-12-08T08:48:00.000Z","end":"2022-12-08T08:49:00.000Z"},"country":"United Kingdom","OPM":10,"total_sale_volume":13951.200193047523,"rate_of_return":0.0}
{"window":{"start":"2022-12-09T23:04:00.000Z","end":"2022-12-09T23:05:00.000Z"},"country":"United Kingdom","OPM":14,"total_sale_volume":984.4699835777283,"rate_of_return":0.07142857142857142}
