{"window":{"start":"2022-12-09T19:33:00.000Z","end":"2022-12-09T19:34:00.000Z"},"country":"United Kingdom","OPM":9,"total_sale_volume":585.0900039672852,"rate_of_return":0.1111111111111111}
{"window":{"start":"2022-12-08T15:13:00.000Z","end":"2022-12-08T15:14:00.000Z"},"country":"Spain","OPM":1,"total_sale_volume":19.959999084472656,"rate_of_return":0.0}
{"window":{"start":"2022-12-08T10:38:00.000Z","end":"2022-12-08T10:39:00.000Z"},"country":"United Kingdom","OPM":13,"total_sale_volume":2210.170072078705,"rate_of_return":0.15384615384615385}
{"window":{"start":"2022-12-08T16:21:00.000Z","end":"2022-12-08T16:22:00.000Z"},"country":"EIRE","OPM":1,"total_sale_volume":46.70000076293945,"rate_of_return":0.0}
{"window":{"start":"2022-12-08T20:47:00.000Z","end":"2022-12-08T20:48:00.000Z"},"country":"United Kingdom","OPM":6,"total_sale_volume":343.8000030517578,"rate_of_return":0.0}
{"window":{"start":"2022-12-09T17:43:00.000Z","end":"2022-12-09T17:44:00.000Z"},"country":"United Kingdom","OPM":17,"total_sale_volume":660.4700164794922,"rate_of_return":0.11764705882352941}
{"window":{"start":"2022-12-08T09:35:00.000Z","end":"2022-12-08T09:36:00.000Z"},"country":"Germany","OPM":1,"total_sale_volume":42.86000061035156,"rate_of_return":0.0}
{"window":{"start":"2022-12-08T22:29:00.000Z","end":"2022-12-08T22:30:00.000Z"},"country":"United Kingdom","OPM":10,"total_sale_volume":589.6800054311752,"rate_of_return":0.1}
{"window":{"start":"2022-12-09T18:26:00.000Z","end":"2022-12-09T18:27:00.000Z"},"country":"United Kingdom","OPM":8,"total_sale_volume":7111.1202491521835,"rate_of_return":0.0}
{"window":{"start":"2022-12-08T19:38:00.000Z","end":"2022-12-08T19:39:00.000Z"},"country":"United Kingdom","OPM":9,"total_sale_volume":155.74000346660614,"rate_of_return":0.1111111111111111}
{"window":{"start":"2022-12-08T15:58:00.000Z","end":"2022-12-08T15:59:00.000Z"},"country":"Germany","OPM":1,"total_sale_volume":9.539999961853027,"rate_of_return":0.0}
{"window":{"start":"2022-12-08T17:36:00.000Z","end":"2022-12-08T17:37:00.000Z"},"country":"France","OPM":1,"total_sale_volume":17.350000381469727,"rate_of_return":0.0}
{"window":{"start":"2022-12-09T04:17:00.000Z","end":"2022-12-09T04:18:00.000Z"},"country":"EIRE","OPM":1,"total_sale_volume":27.31999969482422,"rate_of_return":0.0}
{"window":{"start":"2022-12-09T07:01:00.000Z","end":"2022-12-09T07:02:00.000Z"},"country":"Italy","OPM":1,"total_sale_volume":61.86000061035156,"rate_of_return":0.0}
{"window":{"start":"2022-12-08T16:42:00.000Z","end":"2022-12-08T16:43:00.000Z"},"country":"United Kingdom","OPM":5,"total_sale_volume":152.2700071334839,"rate_of_return":0.0}
{"window":{"start":"2022-12-08T16:12:00.000Z","end":"2022-12-08T16:13:00.000Z"},"country":"Norway","OPM":1,"total_sale_volume":12.300000190734863,"rate_of_return":0.0}
{"window":{"start":"2022-12-08T17:20:00.000Z","end":"2022-12-08T17:21:00.000Z"},"country":"United Kingdom","OPM":7,"total_sale_volume":1443.850009918213,"rate_of_return":0.0}
{"window":{"start":"2022-12-09T20:06:00.000Z","end":"2022-12-09T20:07:00.000Z"},"country":"France","OPM":1,"total_sale_volume":246.67999267578125,"rate_of_return":0.0}
{"window":{"start":"2022-12-09T04:32:00.000Z","end":"2022-12-09T04:33:00.000Z"},"country":"United Kingdom","OPM":11,"total_sale_volume":1245.7899732589722,"rate_of_return":0.0}
{"window":{"start":"2022-12-09T23:34:00.000Z","end":"2022-12-09T23:35:00.000Z"},"country":"EIRE","OPM":1,"total_sale_volume":948.9600219726562,"rate_of_return":0.0}
{"window":{"start":"2022-12-08T09:52:00.000Z","end":"2022-12-08T09:53:00.000Z"},"country":"United Kingdom","OPM":14,"total_sale_volume":619.2700052261353,"rate_of_return":0.07142857142857142}
{"window":{"start":"2022-12-09T01:03:00.000Z","end":"2022-12-09T01:04:00.000Z"},"country":"Portugal","OPM":1,"total_sale_volume":27.40999984741211,"rate_of_return":0.0}
{"window":{"start":"2022-12-08T08:21:00.000Z","end":"2022-12-08T08:22:00.000Z"},"country":"United Kingdom","OPM":5,"total_sale_volume":807.1899833679199,"rate_of_return":0.0}
{"window":{"start":"2022-12-09T11:28:00.000Z","end":"2022-12-09T11:29:00.000Z"},"country":"Norway","OPM":3,"total_sale_volume":109.49999809265137,"rate_of_return":0.0}
{"window":{"start":"2022-12-09T02:37:00.000Z","end":"2022-12-09T02:38:00.000Z"},"country":"United Kingdom","OPM":7,"total_sale_volume":399.8500089645386,"rate_of_return":0.0}
{"window":{"start":"2022-12-09T04:25:00.000Z","end":"2022-12-09T04:26:00.000Z"},"country":"United Kingdom","OPM":4,"total_sale_volume":124.93999528884888,"rate_of_return":0.0}
