{"window":{"start":"2022-12-08T09:24:00.000Z","end":"2022-12-08T09:25:00.000Z"},"country":"United Kingdom","OPM":10,"total_sale_volume":500.2299976348877,"rate_of_return":0.0}
{"window":{"start":"2022-12-09T15:53:00.000Z","end":"2022-12-09T15:54:00.000Z"},"country":"United Kingdom","OPM":7,"total_sale_volume":137.05999565124512,"rate_of_return":0.14285714285714285}
{"window":{"start":"2022-12-09T05:30:00.000Z","end":"2022-12-09T05:31:00.000Z"},"country":"Germany","OPM":1,"total_sale_volume":123.48999786376953,"rate_of_return":0.0}
{"window":{"start":"2022-12-08T18:53:00.000Z","end":"2022-12-08T18:54:00.000Z"},"country":"United Kingdom","OPM":12,"total_sale_volume":1006.439995765686,"rate_of_return":0.0}
{"window":{"start":"2022-12-09T15:32:00.000Z","end":"2022-12-09T15:33:00.000Z"},"country":"United Kingdom","OPM":8,"total_sale_volume":401.70000982284546,"rate_of_return":0.125}
{"window":{"start":"2022-12-08T10:33:00.000Z","end":"2022-12-08T10:34:00.000Z"},"country":"Norway","OPM":1,"total_sale_volume":53.35000228881836,"rate_of_return":0.0}
{"window":{"start":"2022-12-08T16:18:00.000Z","end":"2022-12-08T16:19:00.000Z"},"country":"Germany","OPM":1,"total_sale_volume":28.64000129699707,"rate_of_return":0.0}
{"window":{"start":"2022-12-08T18:29:00.000Z","end":"2022-12-08T18:30:00.000Z"},"country":"United Kingdom","OPM":11,"total_sale_volume":968.1300044059753,"rate_of_return":0.0}
{"window":{"start":"2022-12-08T12:03:00.000Z","end":"2022-12-08T12:04:00.000Z"},"country":"Japan","OPM":1,"total_sale_volume":8.09000015258789,"rate_of_return":0.0}
{"window":{"start":"2022-12-09T06:15:00.000Z","end":"2022-12-09T06:16:00.000Z"},"country":"United Kingdom","OPM":10,"total_sale_volume":447.21999764442444,"rate_of_return":0.0}
{"window":{"start":"2022-12-08T22:34:00.000Z","end":"2022-12-08T22:35:00.000Z"},"country":"United Kingdom","OPM":6,"total_sale_volume":488.7900104522705,"rate_of_return":0.16666666666666666}
{"window":{"start":"2022-12-08T21:27:00.000Z","end":"2022-12-08T21:28:00.000Z"},"country":"Germany","OPM":1,"total_sale_volume":67.48999786376953,"rate_of_return":0.0}
{"window":{"start":"2022-12-09T02:56:00.000Z","end":"2022-12-09T02:57:00.000Z"},"country":"Germany","OPM":1,"total_sale_volume":14.539999961853027,"rate_of_return":0.0}
{"window":{"start":"2022-12-09T01:30:00.000Z","end":"2022-12-09T01:31:00.000Z"},"country":"United Kingdom","OPM":8,"total_sale_volume":571.4400116205215,"rate_of_return":0.0}
{"window":{"start":"2022-12-09T04:41:00.000Z","end":"2022-12-09T04:42:00.000Z"},"country":"United Kingdom","OPM":13,"total_sale_volume":1040.9499988555908,"rate_of_return":0.0}
{"window":{"start":"2022-12-09T22:31:00.000Z","end":"2022-12-09T22:32:00.000Z"},"country":"Austria","OPM":1,"total_sale_volume":49.900001525878906,"rate_of_return":0.0}
{"window":{"start":"2022-12-08T08:17:00.000Z","end":"2022-12-08T08:18:00.000Z"},"country":"United Kingdom","OPM":11,"total_sale_volume":696.9299850463867,"rate_of_return":0.09090909090909091}
{"window":{"start":"2022-12-09T00:49:00.000Z","end":"2022-12-09T00:50:00.000Z"},"country":"United Kingdom","OPM":8,"total_sale_volume":682.0699844360352,"rate_of_return":0.0}
{"window":{"start":"2022-12-09T11:26:00.000Z","end":"2022-12-09T11:27:00.000Z"},"country":"Germany","OPM":1,"total_sale_volume":162.04000854492188,"rate_of_return":0.0}
{"window":{"start":"2022-12-09T00:38:00.000Z","end":"2022-12-09T00:39:00.000Z"},"country":"United Kingdom","OPM":17,"total_sale_volume":1151.800008893013,"rate_of_return":0.0}
{"window":{"start":"2022-12-09T00:44:00.000Z","end":"2022-12-09T00:45:00.000Z"},"country":"Portugal","OPM":1,"total_sale_volume":21.559999465942383,"rate_of_return":0.0}
{"window":{"start":"2022-12-09T09:45:00.000Z","end":"2022-12-09T09:46:00.000Z"},"country":"Spain","OPM":1,"total_sale_volume":251.16000366210938,"rate_of_return":0.0}
{"window":{"start":"2022-12-09T05:55:00.000Z","end":"2022-12-09T05:56:00.000Z"},"country":"Germany","OPM":1,"total_sale_volume":477.6499938964844,"rate_of_return":0.0}
{"window":{"start":"2022-12-09T05:51:00.000Z","end":"2022-12-09T05:52:00.000Z"},"country":"United Kingdom","OPM":8,"total_sale_volume":261.14999800920486,"rate_of_return":0.0}
{"window":{"start":"2022-12-09T15:06:00.000Z","end":"2022-12-09T15:07:00.000Z"},"country":"Italy","OPM":1,"total_sale_volume":81.16999816894531,"rate_of_return":0.0}
{"window":{"start":"2022-12-09T17:57:00.000Z","end":"2022-12-09T17:58:00.000Z"},"country":"United Kingdom","OPM":12,"total_sale_volume":872.4900126457214,"rate_of_return":0.0}
{"window":{"start":"2022-12-09T08:35:00.000Z","end":"2022-12-09T08:36:00.000Z"},"country":"United Kingdom","OPM":8,"total_sale_volume":339.2000045776367,"rate_of_return":0.125}
{"window":{"start":"2022-12-08T13:02:00.000Z","end":"2022-12-08T13:03:00.000Z"},"country":"EIRE","OPM":1,"total_sale_volume":867.47998046875,"rate_of_return":0.0}
{"window":{"start":"2022-12-09T20:45:00.000Z","end":"2022-12-09T20:46:00.000Z"},"country":"United Kingdom","OPM":8,"total_sale_volume":557.1199898719788,"rate_of_return":0.0}
