{"window":{"start":"2022-12-09T05:55:00.000Z","end":"2022-12-09T05:56:00.000Z"},"country":"United Kingdom","OPM":5,"total_sale_volume":412.40999031066895,"rate_of_return":0.0}
{"window":{"start":"2022-12-09T11:14:00.000Z","end":"2022-12-09T11:15:00.000Z"},"country":"United Kingdom","OPM":3,"total_sale_volume":-19.090001106262207,"rate_of_return":0.3333333333333333}
{"window":{"start":"2022-12-08T12:45:00.000Z","end":"2022-12-08T12:46:00.000Z"},"country":"Iceland","OPM":1,"total_sale_volume":30.0,"rate_of_return":0.0}
{"window":{"start":"2022-12-08T19:11:00.000Z","end":"2022-12-08T19:12:00.000Z"},"country":"United Kingdom","OPM":6,"total_sale_volume":513.1100063323975,"rate_of_return":0.0}
{"window":{"start":"2022-12-09T13:14:00.000Z","end":"2022-12-09T13:15:00.000Z"},"country":"Netherlands","OPM":1,"total_sale_volume":68.86000061035156,"rate_of_return":0.0}
{"window":{"start":"2022-12-09T04:53:00.000Z","end":"2022-12-09T04:54:00.000Z"},"country":"United Kingdom","OPM":7,"total_sale_volume":156.67999267578125,"rate_of_return":0.14285714285714285}
{"window":{"start":"2022-12-09T19:37:00.000Z","end":"2022-12-09T19:38:00.000Z"},"country":"EIRE","OPM":1,"total_sale_volume":40.33000183105469,"rate_of_return":0.0}
{"window":{"start":"2022-12-09T19:13:00.000Z","end":"2022-12-09T19:14:00.000Z"},"country":"Italy","OPM":1,"total_sale_volume":59.52000045776367,"rate_of_return":0.0}
{"window":{"start":"2022-12-08T09:03:00.000Z","end":"2022-12-08T09:04:00.000Z"},"country":"United Kingdom","OPM":12,"total_sale_volume":811.6399936676025,"rate_of_return":0.0}
{"window":{"start":"2022-12-09T22:45:00.000Z","end":"2022-12-09T22:46:00.000Z"},"country":"United Kingdom","OPM":8,"total_sale_volume":479.2999966144562,"rate_of_return":0.0}
{"window":{"start":"2022-12-09T11:36:00.000Z","end":"2022-12-09T11:37:00.000Z"},"country":"United Kingdom","OPM":7,"total_sale_volume":219.42999839782715,"rate_of_return":0.0}
{"window":{"start":"2022-12-09T09:13:00.000Z","end":"2022-12-09T09:14:00.000Z"},"country":"United Kingdom","OPM":14,"total_sale_volume":837.3199863433838,"rate_of_return":0.07142857142857142}
{"window":{"start":"2022-12-08T15:23:00.000Z","end":"2022-12-08T15:24:00.000Z"},"country":"EIRE","OPM":1,"total_sale_volume":33.60000228881836,"rate_of_return":0.0}
{"window":{"start":"2022-12-08T22:42:00.000Z","end":"2022-12-08T22:43:00.000Z"},"country":"France","OPM":1,"total_sale_volume":70.5999984741211,"rate_of_return":0.0}
{"window":{"start":"2022-12-09T04:36:00.000Z","end":"2022-12-09T04:37:00.000Z"},"country":"Netherlands","OPM":1,"total_sale_volume":-1.2599999904632568,"rate_of_return":1.0}
{"window":{"start":"2022-12-09T00:38:00.000Z","end":"2022-12-09T00:39:00.000Z"},"country":"Channel Islands","OPM":1,"total_sale_volume":0.41999998688697815,"rate_of_return":0.0}
{"window":{"start":"2022-12-08T22:30:00.000Z","end":"2022-12-08T22:31:00.000Z"},"country":"United Kingdom","OPM":12,"total_sale_volume":725.5499835014343,"rate_of_return":0.0}
