{"window":{"start":"2022-12-08T08:32:00.000Z","end":"2022-12-08T08:33:00.000Z"},"country":"United Kingdom","OPM":11,"total_sale_volume":1.640024185180664,"rate_of_return":0.09090909090909091}
{"window":{"start":"2022-12-09T16:07:00.000Z","end":"2022-12-09T16:08:00.000Z"},"country":"EIRE","OPM":1,"total_sale_volume":198.1999969482422,"rate_of_return":0.0}
{"window":{"start":"2022-12-08T08:49:00.000Z","end":"2022-12-08T08:50:00.000Z"},"country":"United Kingdom","OPM":10,"total_sale_volume":1343.0200290679932,"rate_of_return":0.0}
{"window":{"start":"2022-12-08T12:37:00.000Z","end":"2022-12-08T12:38:00.000Z"},"country":"France","OPM":1,"total_sale_volume":20.630001068115234,"rate_of_return":0.0}
{"window":{"start":"2022-12-09T02:17:00.000Z","end":"2022-12-09T02:18:00.000Z"},"country":"United Kingdom","OPM":14,"total_sale_volume":704.9099972248077,"rate_of_return":0.0}
{"window":{"start":"2022-12-08T17:10:00.000Z","end":"2022-12-08T17:11:00.000Z"},"country":"EIRE","OPM":1,"total_sale_volume":347.510009765625,"rate_of_return":0.0}
{"window":{"start":"2022-12-09T18:26:00.000Z","end":"2022-12-09T18:27:00.000Z"},"country":"EIRE","OPM":1,"total_sale_volume":70.80000305175781,"rate_of_return":0.0}
{"window":{"start":"2022-12-08T10:05:00.000Z","end":"2022-12-08T10:06:00.000Z"},"country":"United Kingdom","OPM":10,"total_sale_volume":848.7299947738647,"rate_of_return":0.0}
{"window":{"start":"2022-12-09T18:35:00.000Z","end":"2022-12-09T18:36:00.000Z"},"country":"United Kingdom","OPM":8,"total_sale_volume":297.40999603271484,"rate_of_return":0.125}
{"window":{"start":"2022-12-09T14:04:00.000Z","end":"2022-12-09T14:05:00.000Z"},"country":"EIRE","OPM":2,"total_sale_volume":121.47000217437744,"rate_of_return":0.0}
{"window":{"start":"2022-12-08T13:46:00.000Z","end":"2022-12-08T13:47:00.000Z"},"country":"United Kingdom","OPM":11,"total_sale_volume":366.95999908447266,"rate_of_return":0.0}
{"window":{"start":"2022-12-09T19:33:00.000Z","end":"2022-12-09T19:34:00.000Z"},"country":"EIRE","OPM":1,"total_sale_volume":28.0,"rate_of_return":0.0}
{"window":{"start":"2022-12-08T10:10:00.000Z","end":"2022-12-08T10:11:00.000Z"},"country":"United Kingdom","OPM":9,"total_sale_volume":221.05000114440918,"rate_of_return":0.1111111111111111}
{"window":{"start":"2022-12-08T23:19:00.000Z","end":"2022-12-08T23:20:00.000Z"},"country":"Portugal","OPM":1,"total_sale_volume":8.5,"rate_of_return":0.0}
{"window":{"start":"2022-12-09T07:43:00.000Z","end":"2022-12-09T07:44:00.000Z"},"country":"United Kingdom","OPM":7,"total_sale_volume":329.2500057220459,"rate_of_return":0.0}
{"window":{"start":"2022-12-09T09:07:00.000Z","end":"2022-12-09T09:08:00.000Z"},"country":"United Kingdom","OPM":10,"total_sale_volume":2586.6499910354614,"rate_of_return":0.1}
{"window":{"start":"2022-12-09T20:10:00.000Z","end":"2022-12-09T20:11:00.000Z"},"country":"United Kingdom","OPM":9,"total_sale_volume":599.7599811553955,"rate_of_return":0.0}
{"window":{"start":"2022-12-09T09:40:00.000Z","end":"2022-12-09T09:41:00.000Z"},"country":"United Kingdom","OPM":11,"total_sale_volume":229.7699956893921,"rate_of_return":0.0}
{"window":{"start":"2022-12-09T01:41:00.000Z","end":"2022-12-09T01:42:00.000Z"},"country":"France","OPM":1,"total_sale_volume":39.029998779296875,"rate_of_return":0.0}
{"window":{"start":"2022-12-08T14:48:00.000Z","end":"2022-12-08T14:49:00.000Z"},"country":"Germany","OPM":1,"total_sale_volume":116.1500015258789,"rate_of_return":0.0}
