{"window":{"start":"2022-12-09T04:16:00.000Z","end":"2022-12-09T04:17:00.000Z"},"country":"United Kingdom","OPM":15,"total_sale_volume":902.9400041103363,"rate_of_return":0.0}
{"window":{"start":"2022-12-09T03:13:00.000Z","end":"2022-12-09T03:14:00.000Z"},"country":"United Kingdom","OPM":5,"total_sale_volume":444.8200035095215,"rate_of_return":0.0}
{"window":{"start":"2022-12-08T14:05:00.000Z","end":"2022-12-08T14:06:00.000Z"},"country":"United Kingdom","OPM":8,"total_sale_volume":353.7499966621399,"rate_of_return":0.0}
{"window":{"start":"2022-12-08T17:01:00.000Z","end":"2022-12-08T17:02:00.000Z"},"country":"Spain","OPM":1,"total_sale_volume":47.80999755859375,"rate_of_return":0.0}
{"window":{"start":"2022-12-09T02:32:00.000Z","end":"2022-12-09T02:33:00.000Z"},"country":"EIRE","OPM":1,"total_sale_volume":44.66999816894531,"rate_of_return":0.0}
{"window":{"start":"2022-12-09T22:01:00.000Z","end":"2022-12-09T22:02:00.000Z"},"country":"Germany","OPM":2,"total_sale_volume":93.30999755859375,"rate_of_return":0.0}
{"window":{"start":"2022-12-09T22:33:00.000Z","end":"2022-12-09T22:34:00.000Z"},"country":"Switzerland","OPM":1,"total_sale_volume":14.149999618530273,"rate_of_return":0.0}
{"window":{"start":"2022-12-09T18:12:00.000Z","end":"2022-12-09T18:13:00.000Z"},"country":"Germany","OPM":1,"total_sale_volume":281.75,"rate_of_return":0.0}
{"window":{"start":"2022-12-09T04:35:00.000Z","end":"2022-12-09T04:36:00.000Z"},"country":"Italy","OPM":1,"total_sale_volume":49.5,"rate_of_return":0.0}
{"window":{"start":"2022-12-09T11:29:00.000Z","end":"2022-12-09T11:30:00.000Z"},"country":"United Kingdom","OPM":8,"total_sale_volume":662.550000667572,"rate_of_return":0.0}
{"window":{"start":"2022-12-08T16:39:00.000Z","end":"2022-12-08T16:40:00.000Z"},"country":"United Kingdom","OPM":9,"total_sale_volume":1216.5600318908691,"rate_of_return":0.0}
{"window":{"start":"2022-12-09T22:37:00.000Z","end":"2022-12-09T22:38:00.000Z"},"country":"United Kingdom","OPM":6,"total_sale_volume":452.7100205421448,"rate_of_return":0.0}
{"window":{"start":"2022-12-09T17:25:00.000Z","end":"2022-12-09T17:26:00.000Z"},"country":"United Kingdom","OPM":13,"total_sale_volume":649.4799885749817,"rate_of_return":0.07692307692307693}
{"window":{"start":"2022-12-08T11:26:00.000Z","end":"2022-12-08T11:27:00.000Z"},"country":"United Kingdom","OPM":12,"total_sale_volume":410.63000202178955,"rate_of_return":0.16666666666666666}
{"window":{"start":"2022-12-08T13:47:00.000Z","end":"2022-12-08T13:48:00.000Z"},"country":"Spain","OPM":1,"total_sale_volume":117.3499984741211,"rate_of_return":0.0}
{"window":{"start":"2022-12-09T20:46:00.000Z","end":"2022-12-09T20:47:00.000Z"},"country":"Spain","OPM":1,"total_sale_volume":78.23999786376953,"rate_of_return":0.0}
{"window":{"start":"2022-12-09T20:42:00.000Z","end":"2022-12-09T20:43:00.000Z"},"country":"United Kingdom","OPM":9,"total_sale_volume":371.48999786376953,"rate_of_return":0.0}
{"window":{"start":"2022-12-09T14:33:00.000Z","end":"2022-12-09T14:34:00.000Z"},"country":"United Kingdom","OPM":15,"total_sale_volume":1039.339973449707,"rate_of_return":0.06666666666666667}
{"window":{"start":"2022-12-09T16:52:00.000Z","end":"2022-12-09T16:53:00.000Z"},"country":"Netherlands","OPM":1,"total_sale_volume":26.030000686645508,"rate_of_return":0.0}
{"window":{"start":"2022-12-08T10:28:00.000Z","end":"2022-12-08T10:29:00.000Z"},"country":"Germany","OPM":1,"total_sale_volume":121.27999877929688,"rate_of_return":0.0}
{"window":{"start":"2022-12-09T20:06:00.000Z","end":"2022-12-09T20:07:00.000Z"},"country":"United Kingdom","OPM":8,"total_sale_volume":479.1800124645233,"rate_of_return":0.0}
