{"window":{"start":"2022-12-09T06:49:00.000Z","end":"2022-12-09T06:50:00.000Z"},"country":"United Kingdom","OPM":8,"total_sale_volume":319.67999935150146,"rate_of_return":0.125}
{"window":{"start":"2022-12-08T22:17:00.000Z","end":"2022-12-08T22:18:00.000Z"},"country":"Spain","OPM":1,"total_sale_volume":30.06999969482422,"rate_of_return":0.0}
{"window":{"start":"2022-12-09T22:30:00.000Z","end":"2022-12-09T22:31:00.000Z"},"country":"Germany","OPM":1,"total_sale_volume":34.0,"rate_of_return":0.0}
{"window":{"start":"2022-12-08T21:02:00.000Z","end":"2022-12-08T21:03:00.000Z"},"country":"United Kingdom","OPM":11,"total_sale_volume":1068.1000308990479,"rate_of_return":0.09090909090909091}
{"window":{"start":"2022-12-09T17:50:00.000Z","end":"2022-12-09T17:51:00.000Z"},"country":"Germany","OPM":1,"total_sale_volume":8.899999618530273,"rate_of_return":0.0}
{"window":{"start":"2022-12-08T16:08:00.000Z","end":"2022-12-08T16:09:00.000Z"},"country":"Iceland","OPM":1,"total_sale_volume":69.80000305175781,"rate_of_return":0.0}
{"window":{"start":"2022-12-09T19:10:00.000Z","end":"2022-12-09T19:11:00.000Z"},"country":"Belgium","OPM":1,"total_sale_volume":47.45000076293945,"rate_of_return":0.0}
{"window":{"start":"2022-12-09T22:25:00.000Z","end":"2022-12-09T22:26:00.000Z"},"country":"United Kingdom","OPM":9,"total_sale_volume":458.92000007629395,"rate_of_return":0.0}
{"window":{"start":"2022-12-09T13:34:00.000Z","end":"2022-12-09T13:35:00.000Z"},"country":"United Kingdom","OPM":8,"total_sale_volume":1113.6199932098389,"rate_of_return":0.0}
{"window":{"start":"2022-12-09T18:51:00.000Z","end":"2022-12-09T18:52:00.000Z"},"country":"Germany","OPM":1,"total_sale_volume":39.349998474121094,"rate_of_return":0.0}
{"window":{"start":"2022-12-09T13:19:00.000Z","end":"2022-12-09T13:20:00.000Z"},"country":"EIRE","OPM":1,"total_sale_volume":2.0999999046325684,"rate_of_return":0.0}
{"window":{"start":"2022-12-08T09:58:00.000Z","end":"2022-12-08T09:59:00.000Z"},"country":"United Kingdom","OPM":10,"total_sale_volume":366.20999908447266,"rate_of_return":0.0}
{"window":{"start":"2022-12-08T21:44:00.000Z","end":"2022-12-08T21:45:00.000Z"},"country":"United Kingdom","OPM":7,"total_sale_volume":192.90999627113342,"rate_of_return":0.14285714285714285}
{"window":{"start":"2022-12-09T20:49:00.000Z","end":"2022-12-09T20:50:00.000Z"},"country":"United Kingdom","OPM":7,"total_sale_volume":355.550000667572,"rate_of_return":0.14285714285714285}
{"window":{"start":"2022-12-09T07:13:00.000Z","end":"2022-12-09T07:14:00.000Z"},"country":"United Kingdom","OPM":6,"total_sale_volume":303.700003862381,"rate_of_return":0.0}
{"window":{"start":"2022-12-08T15:38:00.000Z","end":"2022-12-08T15:39:00.000Z"},"country":"United Kingdom","OPM":14,"total_sale_volume":804.8200082778931,"rate_of_return":0.0}
{"window":{"start":"2022-12-08T10:52:00.000Z","end":"2022-12-08T10:53:00.000Z"},"country":"United Kingdom","OPM":7,"total_sale_volume":518.4900130033493,"rate_of_return":0.0}
{"window":{"start":"2022-12-09T07:28:00.000Z","end":"2022-12-09T07:29:00.000Z"},"country":"United Kingdom","OPM":8,"total_sale_volume":614.1799945831299,"rate_of_return":0.0}
{"window":{"start":"2022-12-09T00:34:00.000Z","end":"2022-12-09T00:35:00.000Z"},"country":"United Kingdom","OPM":9,"total_sale_volume":621.1799952983856,"rate_of_return":0.0}
{"window":{"start":"2022-12-09T06:56:00.000Z","end":"2022-12-09T06:57:00.000Z"},"country":"United Kingdom","OPM":10,"total_sale_volume":1458.659924507141,"rate_of_return":0.1}
{"window":{"start":"2022-12-09T20:32:00.000Z","end":"2022-12-09T20:33:00.000Z"},"country":"United Kingdom","OPM":8,"total_sale_volume":1032.6799936294556,"rate_of_return":0.0}
