{"window":{"start":"2022-12-09T17:47:00.000Z","end":"2022-12-09T17:48:00.000Z"},"country":"Germany","OPM":1,"total_sale_volume":82.44999694824219,"rate_of_return":0.0}
{"window":{"start":"2022-12-08T22:05:00.000Z","end":"2022-12-08T22:06:00.000Z"},"country":"United Kingdom","OPM":8,"total_sale_volume":411.85999035835266,"rate_of_return":0.0}
{"window":{"start":"2022-12-09T05:21:00.000Z","end":"2022-12-09T05:22:00.000Z"},"country":"Germany","OPM":1,"total_sale_volume":150.0,"rate_of_return":0.0}
{"window":{"start":"2022-12-08T12:22:00.000Z","end":"2022-12-08T12:23:00.000Z"},"country":"Belgium","OPM":1,"total_sale_volume":2.049999952316284,"rate_of_return":0.0}
{"window":{"start":"2022-12-09T11:01:00.000Z","end":"2022-12-09T11:02:00.000Z"},"country":"Cyprus","OPM":1,"total_sale_volume":71.5199966430664,"rate_of_return":0.0}
{"window":{"start":"2022-12-09T16:01:00.000Z","end":"2022-12-09T16:02:00.000Z"},"country":"France","OPM":1,"total_sale_volume":18.05000114440918,"rate_of_return":0.0}
{"window":{"start":"2022-12-08T11:32:00.000Z","end":"2022-12-08T11:33:00.000Z"},"country":"United Kingdom","OPM":4,"total_sale_volume":320.5599899291992,"rate_of_return":0.0}
{"window":{"start":"2022-12-09T02:41:00.000Z","end":"2022-12-09T02:42:00.000Z"},"country":"United Kingdom","OPM":5,"total_sale_volume":30.660000324249268,"rate_of_return":0.2}
{"window":{"start":"2022-12-08T23:25:00.000Z","end":"2022-12-08T23:26:00.000Z"},"country":"EIRE","OPM":1,"total_sale_volume":15.299999237060547,"rate_of_return":0.0}
{"window":{"start":"2022-12-09T20:34:00.000Z","end":"2022-12-09T20:35:00.000Z"},"country":"EIRE","OPM":1,"total_sale_volume":19.920000076293945,"rate_of_return":0.0}
{"window":{"start":"2022-12-09T16:38:00.000Z","end":"2022-12-09T16:39:00.000Z"},"country":"United Kingdom","OPM":5,"total_sale_volume":458.5799961090088,"rate_of_return":0.0}
{"window":{"start":"2022-12-08T20:55:00.000Z","end":"2022-12-08T20:56:00.000Z"},"country":"France","OPM":1,"total_sale_volume":141.60000610351562,"rate_of_return":0.0}
{"window":{"start":"2022-12-08T15:09:00.000Z","end":"2022-12-08T15:10:00.000Z"},"country":"Spain","OPM":1,"total_sale_volume":1.4500000476837158,"rate_of_return":0.0}
