{"window":{"start":"2022-12-09T17:22:00.000Z","end":"2022-12-09T17:23:00.000Z"},"country":"United Kingdom","OPM":11,"total_sale_volume":369.06000089645386,"rate_of_return":0.0}
{"window":{"start":"2022-12-09T18:19:00.000Z","end":"2022-12-09T18:20:00.000Z"},"country":"United Kingdom","OPM":9,"total_sale_volume":311.6800003647804,"rate_of_return":0.1111111111111111}
{"window":{"start":"2022-12-09T07:36:00.000Z","end":"2022-12-09T07:37:00.000Z"},"country":"United Kingdom","OPM":6,"total_sale_volume":577.8099937438965,"rate_of_return":0.0}
{"window":{"start":"2022-12-09T22:10:00.000Z","end":"2022-12-09T22:11:00.000Z"},"country":"EIRE","OPM":1,"total_sale_volume":10.399999618530273,"rate_of_return":0.0}
{"window":{"start":"2022-12-09T11:02:00.000Z","end":"2022-12-09T11:03:00.000Z"},"country":"United Kingdom","OPM":7,"total_sale_volume":218.5999960899353,"rate_of_return":0.0}
{"window":{"start":"2022-12-08T13:53:00.000Z","end":"2022-12-08T13:54:00.000Z"},"country":"France","OPM":1,"total_sale_volume":30.34000015258789,"rate_of_return":0.0}
{"window":{"start":"2022-12-08T23:01:00.000Z","end":"2022-12-08T23:02:00.000Z"},"country":"United Kingdom","OPM":10,"total_sale_volume":754.9000078439713,"rate_of_return":0.1}
{"window":{"start":"2022-12-09T01:20:00.000Z","end":"2022-12-09T01:21:00.000Z"},"country":"Switzerland","OPM":1,"total_sale_volume":19.200000762939453,"rate_of_return":0.0}
{"window":{"start":"2022-12-08T15:19:00.000Z","end":"2022-12-08T15:20:00.000Z"},"country":"Germany","OPM":1,"total_sale_volume":-36.349998474121094,"rate_of_return":1.0}
{"window":{"start":"2022-12-09T19:01:00.000Z","end":"2022-12-09T19:02:00.000Z"},"country":"Spain","OPM":1,"total_sale_volume":22.380001068115234,"rate_of_return":0.0}
{"window":{"start":"2022-12-09T11:40:00.000Z","end":"2022-12-09T11:41:00.000Z"},"country":"Austria","OPM":1,"total_sale_volume":10.899999618530273,"rate_of_return":0.0}
{"window":{"start":"2022-12-08T19:49:00.000Z","end":"2022-12-08T19:50:00.000Z"},"country":"United Kingdom","OPM":9,"total_sale_volume":289.1299993991852,"rate_of_return":0.0}
{"window":{"start":"2022-12-09T15:00:00.000Z","end":"2022-12-09T15:01:00.000Z"},"country":"United Kingdom","OPM":6,"total_sale_volume":239.60999965667725,"rate_of_return":0.0}
{"window":{"start":"2022-12-09T14:35:00.000Z","end":"2022-12-09T14:36:00.000Z"},"country":"Spain","OPM":1,"total_sale_volume":72.69999694824219,"rate_of_return":0.0}
{"window":{"start":"2022-12-09T22:00:00.000Z","end":"2022-12-09T22:01:00.000Z"},"country":"United Kingdom","OPM":12,"total_sale_volume":1372.0699882507324,"rate_of_return":0.0}
{"window":{"start":"2022-12-09T16:51:00.000Z","end":"2022-12-09T16:52:00.000Z"},"country":"United Kingdom","OPM":10,"total_sale_volume":1007.1699714660645,"rate_of_return":0.0}
{"window":{"start":"2022-12-08T16:40:00.000Z","end":"2022-12-08T16:41:00.000Z"},"country":"Spain","OPM":2,"total_sale_volume":256.1999969482422,"rate_of_return":0.0}
{"window":{"start":"2022-12-08T11:59:00.000Z","end":"2022-12-08T12:00:00.000Z"},"country":"USA","OPM":1,"total_sale_volume":42.19999694824219,"rate_of_return":0.0}
{"window":{"start":"2022-12-09T08:10:00.000Z","end":"2022-12-09T08:11:00.000Z"},"country":"France","OPM":1,"total_sale_volume":51.47999954223633,"rate_of_return":0.0}
{"window":{"start":"2022-12-09T04:21:00.000Z","end":"2022-12-09T04:22:00.000Z"},"country":"Unspecified","OPM":1,"total_sale_volume":1.7000000476837158,"rate_of_return":0.0}
{"window":{"start":"2022-12-08T23:36:00.000Z","end":"2022-12-08T23:37:00.000Z"},"country":"United Kingdom","OPM":9,"total_sale_volume":344.8399991989136,"rate_of_return":0.1111111111111111}
{"window":{"start":"2022-12-08T10:11:00.000Z","end":"2022-12-08T10:12:00.000Z"},"country":"France","OPM":1,"total_sale_volume":12.460000038146973,"rate_of_return":0.0}
{"window":{"start":"2022-12-09T04:38:00.000Z","end":"2022-12-09T04:39:00.000Z"},"country":"United Kingdom","OPM":8,"total_sale_volume":468.9899937212467,"rate_of_return":0.0}
{"window":{"start":"2022-12-09T18:05:00.000Z","end":"2022-12-09T18:06:00.000Z"},"country":"Belgium","OPM":1,"total_sale_volume":105.18000030517578,"rate_of_return":0.0}
{"window":{"start":"2022-12-09T05:32:00.000Z","end":"2022-12-09T05:33:00.000Z"},"country":"United Kingdom","OPM":6,"total_sale_volume":1550.3100051879883,"rate_of_return":0.0}
{"window":{"start":"2022-12-09T06:02:00.000Z","end":"2022-12-09T06:03:00.000Z"},"country":"United Kingdom","OPM":10,"total_sale_volume":463.14999127388,"rate_of_return":0.0}
{"window":{"start":"2022-12-08T08:36:00.000Z","end":"2022-12-08T08:37:00.000Z"},"country":"United Kingdom","OPM":7,"total_sale_volume":400.1900029182434,"rate_of_return":0.0}
