{"window":{"start":"2022-12-08T19:48:00.000Z","end":"2022-12-08T19:49:00.000Z"},"country":"Italy","OPM":1,"total_sale_volume":51.37999725341797,"rate_of_return":0.0}
{"window":{"start":"2022-12-09T20:59:00.000Z","end":"2022-12-09T21:00:00.000Z"},"country":"Austria","OPM":1,"total_sale_volume":-3.759999990463257,"rate_of_return":1.0}
{"window":{"start":"2022-12-09T02:28:00.000Z","end":"2022-12-09T02:29:00.000Z"},"country":"United Kingdom","OPM":7,"total_sale_volume":205.9699993133545,"rate_of_return":0.14285714285714285}
{"window":{"start":"2022-12-09T07:12:00.000Z","end":"2022-12-09T07:13:00.000Z"},"country":"United Kingdom","OPM":4,"total_sale_volume":280.68000411987305,"rate_of_return":0.0}
{"window":{"start":"2022-12-09T00:28:00.000Z","end":"2022-12-09T00:29:00.000Z"},"country":"United Kingdom","OPM":9,"total_sale_volume":559.2899961471558,"rate_of_return":0.1111111111111111}
{"window":{"start":"2022-12-09T05:22:00.000Z","end":"2022-12-09T05:23:00.000Z"},"country":"France","OPM":2,"total_sale_volume":150.52999877929688,"rate_of_return":0.0}
{"window":{"start":"2022-12-09T23:46:00.000Z","end":"2022-12-09T23:47:00.000Z"},"country":"United Kingdom","OPM":13,"total_sale_volume":416.58000087738037,"rate_of_return":0.15384615384615385}
{"window":{"start":"2022-12-09T21:37:00.000Z","end":"2022-12-09T21:38:00.000Z"},"country":"Germany","OPM":1,"total_sale_volume":65.95999908447266,"rate_of_return":0.0}
{"window":{"start":"2022-12-09T14:47:00.000Z","end":"2022-12-09T14:48:00.000Z"},"country":"France","OPM":1,"total_sale_volume":13.380000114440918,"rate_of_return":0.0}
{"window":{"start":"2022-12-08T15:37:00.000Z","end":"2022-12-08T15:38:00.000Z"},"country":"Norway","OPM":1,"total_sale_volume":165.6599884033203,"rate_of_return":0.0}
{"window":{"start":"2022-12-08T14:07:00.000Z","end":"2022-12-08T14:08:00.000Z"},"country":"United Kingdom","OPM":5,"total_sale_volume":213.19999837875366,"rate_of_return":0.0}
{"window":{"start":"2022-12-08T20:38:00.000Z","end":"2022-12-08T20:39:00.000Z"},"country":"United Kingdom","OPM":16,"total_sale_volume":1218.0100021362305,"rate_of_return":0.0}
{"window":{"start":"2022-12-09T05:16:00.000Z","end":"2022-12-09T05:17:00.000Z"},"country":"United Kingdom","OPM":10,"total_sale_volume":348.08999490737915,"rate_of_return":0.1}
{"window":{"start":"2022-12-08T15:00:00.000Z","end":"2022-12-08T15:01:00.000Z"},"country":"United Kingdom","OPM":9,"total_sale_volume":-63.690006256103516,"rate_of_return":0.2222222222222222}
{"window":{"start":"2022-12-09T20:16:00.000Z","end":"2022-12-09T20:17:00.000Z"},"country":"Germany","OPM":1,"total_sale_volume":71.54999542236328,"rate_of_return":0.0}
{"window":{"start":"2022-12-09T10:41:00.000Z","end":"2022-12-09T10:42:00.000Z"},"country":"Italy","OPM":1,"total_sale_volume":9.960000038146973,"rate_of_return":0.0}
{"window":{"start":"2022-12-08T13:05:00.000Z","end":"2022-12-08T13:06:00.000Z"},"country":"Denmark","OPM":1,"total_sale_volume":30.049999237060547,"rate_of_return":0.0}
{"window":{"start":"2022-12-09T12:46:00.000Z","end":"2022-12-09T12:47:00.000Z"},"country":"Netherlands","OPM":1,"total_sale_volume":11.030000686645508,"rate_of_return":0.0}
{"window":{"start":"2022-12-09T16:15:00.000Z","end":"2022-12-09T16:16:00.000Z"},"country":"Norway","OPM":1,"total_sale_volume":3.75,"rate_of_return":0.0}
{"window":{"start":"2022-12-09T23:00:00.000Z","end":"2022-12-09T23:01:00.000Z"},"country":"United Kingdom","OPM":8,"total_sale_volume":719.1199998855591,"rate_of_return":0.0}
