{"window":{"start":"2022-12-08T20:29:00.000Z","end":"2022-12-08T20:30:00.000Z"},"country":"United Kingdom","OPM":2,"total_sale_volume":333.17999267578125,"rate_of_return":0.0}
{"window":{"start":"2022-12-08T14:40:00.000Z","end":"2022-12-08T14:41:00.000Z"},"country":"EIRE","OPM":2,"total_sale_volume":83.73999881744385,"rate_of_return":0.0}
{"window":{"start":"2022-12-09T14:39:00.000Z","end":"2022-12-09T14:40:00.000Z"},"country":"France","OPM":3,"total_sale_volume":291.43998259305954,"rate_of_return":0.0}
{"window":{"start":"2022-12-09T19:29:00.000Z","end":"2022-12-09T19:30:00.000Z"},"country":"United Kingdom","OPM":19,"total_sale_volume":465.40998935699463,"rate_of_return":0.05263157894736842}
{"window":{"start":"2022-12-09T19:11:00.000Z","end":"2022-12-09T19:12:00.000Z"},"country":"United Kingdom","OPM":7,"total_sale_volume":276.8499984741211,"rate_of_return":0.0}
{"window":{"start":"2022-12-08T08:26:00.000Z","end":"2022-12-08T08:27:00.000Z"},"country":"France","OPM":1,"total_sale_volume":35.34000015258789,"rate_of_return":0.0}
{"window":{"start":"2022-12-08T08:15:00.000Z","end":"2022-12-08T08:16:00.000Z"},"country":"Germany","OPM":1,"total_sale_volume":13.90999984741211,"rate_of_return":0.0}
{"window":{"start":"2022-12-09T12:24:00.000Z","end":"2022-12-09T12:25:00.000Z"},"country":"United Kingdom","OPM":11,"total_sale_volume":480.2199965119362,"rate_of_return":0.0}
{"window":{"start":"2022-12-09T18:15:00.000Z","end":"2022-12-09T18:16:00.000Z"},"country":"United Kingdom","OPM":13,"total_sale_volume":810.7099952697754,"rate_of_return":0.0}
{"window":{"start":"2022-12-09T13:47:00.000Z","end":"2022-12-09T13:48:00.000Z"},"country":"United Kingdom","OPM":6,"total_sale_volume":36.20000863075256,"rate_of_return":0.16666666666666666}
{"window":{"start":"2022-12-09T13:21:00.000Z","end":"2022-12-09T13:22:00.000Z"},"country":"France","OPM":1,"total_sale_volume":30.600000381469727,"rate_of_return":0.0}
{"window":{"start":"2022-12-09T17:21:00.000Z","end":"2022-12-09T17:22:00.000Z"},"country":"Portugal","OPM":1,"total_sale_volume":17.959999084472656,"rate_of_return":0.0}
{"window":{"start":"2022-12-09T09:08:00.000Z","end":"2022-12-09T09:09:00.000Z"},"country":"United Kingdom","OPM":12,"total_sale_volume":566.2500286102295,"rate_of_return":0.08333333333333333}
{"window":{"start":"2022-12-09T05:13:00.000Z","end":"2022-12-09T05:14:00.000Z"},"country":"United Kingdom","OPM":14,"total_sale_volume":1055.2100132107735,"rate_of_return":0.07142857142857142}
{"window":{"start":"2022-12-08T17:56:00.000Z","end":"2022-12-08T17:57:00.000Z"},"country":"Portugal","OPM":1,"total_sale_volume":637.0499877929688,"rate_of_return":0.0}
{"window":{"start":"2022-12-09T05:00:00.000Z","end":"2022-12-09T05:01:00.000Z"},"country":"United Kingdom","OPM":8,"total_sale_volume":656.3299884796143,"rate_of_return":0.0}
{"window":{"start":"2022-12-09T15:34:00.000Z","end":"2022-12-09T15:35:00.000Z"},"country":"United Kingdom","OPM":15,"total_sale_volume":2192.3499742746353,"rate_of_return":0.0}
{"window":{"start":"2022-12-09T11:39:00.000Z","end":"2022-12-09T11:40:00.000Z"},"country":"Netherlands","OPM":1,"total_sale_volume":22.829999923706055,"rate_of_return":0.0}
{"window":{"start":"2022-12-09T06:43:00.000Z","end":"2022-12-09T06:44:00.000Z"},"country":"Portugal","OPM":1,"total_sale_volume":15.0,"rate_of_return":0.0}
{"window":{"start":"2022-12-08T15:04:00.000Z","end":"2022-12-08T15:05:00.000Z"},"country":"United Kingdom","OPM":15,"total_sale_volume":1384.559986114502,"rate_of_return":0.06666666666666667}
{"window":{"start":"2022-12-09T20:28:00.000Z","end":"2022-12-09T20:29:00.000Z"},"country":"United Kingdom","OPM":3,"total_sale_volume":102.04000282287598,"rate_of_return":0.0}
