{"window":{"start":"2022-12-08T23:20:00.000Z","end":"2022-12-08T23:21:00.000Z"},"country":"Denmark","OPM":1,"total_sale_volume":44.63999938964844,"rate_of_return":0.0}
{"window":{"start":"2022-12-09T04:57:00.000Z","end":"2022-12-09T04:58:00.000Z"},"country":"Germany","OPM":1,"total_sale_volume":26.420000076293945,"rate_of_return":0.0}
{"window":{"start":"2022-12-08T14:43:00.000Z","end":"2022-12-08T14:44:00.000Z"},"country":"Netherlands","OPM":1,"total_sale_volume":13.350000381469727,"rate_of_return":0.0}
{"window":{"start":"2022-12-08T11:15:00.000Z","end":"2022-12-08T11:16:00.000Z"},"country":"Germany","OPM":1,"total_sale_volume":8.5,"rate_of_return":0.0}
{"window":{"start":"2022-12-09T19:25:00.000Z","end":"2022-12-09T19:26:00.000Z"},"country":"United Kingdom","OPM":9,"total_sale_volume":585.7899879217148,"rate_of_return":0.0}
{"window":{"start":"2022-12-09T16:12:00.000Z","end":"2022-12-09T16:13:00.000Z"},"country":"United Kingdom","OPM":10,"total_sale_volume":305.85999846458435,"rate_of_return":0.1}
{"window":{"start":"2022-12-08T09:54:00.000Z","end":"2022-12-08T09:55:00.000Z"},"country":"United Kingdom","OPM":4,"total_sale_volume":131.31000137329102,"rate_of_return":0.0}
{"window":{"start":"2022-12-09T20:42:00.000Z","end":"2022-12-09T20:43:00.000Z"},"country":"Switzerland","OPM":1,"total_sale_volume":53.29999923706055,"rate_of_return":0.0}
{"window":{"start":"2022-12-08T16:47:00.000Z","end":"2022-12-08T16:48:00.000Z"},"country":"France","OPM":1,"total_sale_volume":8.149999618530273,"rate_of_return":0.0}
{"window":{"start":"2022-12-08T11:50:00.000Z","end":"2022-12-08T11:51:00.000Z"},"country":"United Kingdom","OPM":11,"total_sale_volume":752.2899968624115,"rate_of_return":0.0}
{"window":{"start":"2022-12-09T14:10:00.000Z","end":"2022-12-09T14:11:00.000Z"},"country":"Spain","OPM":1,"total_sale_volume":24.75,"rate_of_return":0.0}
{"window":{"start":"2022-12-08T20:08:00.000Z","end":"2022-12-08T20:09:00.000Z"},"country":"United Kingdom","OPM":7,"total_sale_volume":331.7500017285347,"rate_of_return":0.0}
{"window":{"start":"2022-12-09T09:07:00.000Z","end":"2022-12-09T09:08:00.000Z"},"country":"Austria","OPM":1,"total_sale_volume":148.65000915527344,"rate_of_return":0.0}
{"window":{"start":"2022-12-08T20:02:00.000Z","end":"2022-12-08T20:03:00.000Z"},"country":"United Kingdom","OPM":15,"total_sale_volume":646.3199995756149,"rate_of_return":0.06666666666666667}
{"window":{"start":"2022-12-08T08:53:00.000Z","end":"2022-12-08T08:54:00.000Z"},"country":"Portugal","OPM":1,"total_sale_volume":7.5,"rate_of_return":0.0}
{"window":{"start":"2022-12-09T12:17:00.000Z","end":"2022-12-09T12:18:00.000Z"},"country":"Poland","OPM":1,"total_sale_volume":-103.0199966430664,"rate_of_return":1.0}
{"window":{"start":"2022-12-08T11:16:00.000Z","end":"2022-12-08T11:17:00.000Z"},"country":"Spain","OPM":1,"total_sale_volume":10.760000228881836,"rate_of_return":0.0}
{"window":{"start":"2022-12-08T22:07:00.000Z","end":"2022-12-08T22:08:00.000Z"},"country":"United Kingdom","OPM":13,"total_sale_volume":574.7499942779541,"rate_of_return":0.0}
{"window":{"start":"2022-12-09T22:02:00.000Z","end":"2022-12-09T22:03:00.000Z"},"country":"United Kingdom","OPM":9,"total_sale_volume":452.32999992370605,"rate_of_return":0.1111111111111111}
{"window":{"start":"2022-12-08T16:50:00.000Z","end":"2022-12-08T16:51:00.000Z"},"country":"France","OPM":1,"total_sale_volume":68.69000244140625,"rate_of_return":0.0}
{"window":{"start":"2022-12-09T23:34:00.000Z","end":"2022-12-09T23:35:00.000Z"},"country":"United Kingdom","OPM":10,"total_sale_volume":4076.1500940322876,"rate_of_return":0.0}
