{"window":{"start":"2022-12-09T08:47:00.000Z","end":"2022-12-09T08:48:00.000Z"},"country":"United Kingdom","OPM":12,"total_sale_volume":680.260022342205,"rate_of_return":0.08333333333333333}
{"window":{"start":"2022-12-09T10:06:00.000Z","end":"2022-12-09T10:07:00.000Z"},"country":"United Kingdom","OPM":7,"total_sale_volume":176.49000120162964,"rate_of_return":0.0}
{"window":{"start":"2022-12-08T14:56:00.000Z","end":"2022-12-08T14:57:00.000Z"},"country":"United Kingdom","OPM":12,"total_sale_volume":528.0799913406372,"rate_of_return":0.0}
{"window":{"start":"2022-12-09T01:53:00.000Z","end":"2022-12-09T01:54:00.000Z"},"country":"Spain","OPM":1,"total_sale_volume":0.550000011920929,"rate_of_return":0.0}
{"window":{"start":"2022-12-08T09:08:00.000Z","end":"2022-12-08T09:09:00.000Z"},"country":"United Kingdom","OPM":8,"total_sale_volume":427.8699849843979,"rate_of_return":0.0}
{"window":{"start":"2022-12-08T16:56:00.000Z","end":"2022-12-08T16:57:00.000Z"},"country":"United Kingdom","OPM":11,"total_sale_volume":728.2299857139587,"rate_of_return":0.09090909090909091}
{"window":{"start":"2022-12-09T17:58:00.000Z","end":"2022-12-09T17:59:00.000Z"},"country":"United Kingdom","OPM":11,"total_sale_volume":1561.0399551391602,"rate_of_return":0.0}
{"window":{"start":"2022-12-09T17:32:00.000Z","end":"2022-12-09T17:33:00.000Z"},"country":"United Kingdom","OPM":11,"total_sale_volume":204.48000144958496,"rate_of_return":0.09090909090909091}
{"window":{"start":"2022-12-09T00:29:00.000Z","end":"2022-12-09T00:30:00.000Z"},"country":"United Kingdom","OPM":13,"total_sale_volume":782.2699902057648,"rate_of_return":0.0}
{"window":{"start":"2022-12-08T12:27:00.000Z","end":"2022-12-08T12:28:00.000Z"},"country":"United Kingdom","OPM":11,"total_sale_volume":910.1900328397751,"rate_of_return":0.18181818181818182}
{"window":{"start":"2022-12-09T19:24:00.000Z","end":"2022-12-09T19:25:00.000Z"},"country":"United Kingdom","OPM":4,"total_sale_volume":635.9200210571289,"rate_of_return":0.0}
{"window":{"start":"2022-12-09T11:08:00.000Z","end":"2022-12-09T11:09:00.000Z"},"country":"Germany","OPM":1,"total_sale_volume":-9.960000038146973,"rate_of_return":1.0}
{"window":{"start":"2022-12-09T19:05:00.000Z","end":"2022-12-09T19:06:00.000Z"},"country":"United Kingdom","OPM":14,"total_sale_volume":916.6599810123444,"rate_of_return":0.0}
