{"window":{"start":"2022-12-09T04:45:00.000Z","end":"2022-12-09T04:46:00.000Z"},"country":"United Kingdom","OPM":9,"total_sale_volume":307.98998832702637,"rate_of_return":0.1111111111111111}
{"window":{"start":"2022-12-08T15:18:00.000Z","end":"2022-12-08T15:19:00.000Z"},"country":"United Kingdom","OPM":9,"total_sale_volume":379.09000396728516,"rate_of_return":0.0}
{"window":{"start":"2022-12-09T09:27:00.000Z","end":"2022-12-09T09:28:00.000Z"},"country":"United Kingdom","OPM":12,"total_sale_volume":342.0100111961365,"rate_of_return":0.16666666666666666}
{"window":{"start":"2022-12-08T21:20:00.000Z","end":"2022-12-08T21:21:00.000Z"},"country":"United Kingdom","OPM":12,"total_sale_volume":314.680002450943,"rate_of_return":0.08333333333333333}
{"window":{"start":"2022-12-08T22:25:00.000Z","end":"2022-12-08T22:26:00.000Z"},"country":"Portugal","OPM":1,"total_sale_volume":12.269999504089355,"rate_of_return":0.0}
{"window":{"start":"2022-12-09T13:44:00.000Z","end":"2022-12-09T13:45:00.000Z"},"country":"EIRE","OPM":1,"total_sale_volume":47.400001525878906,"rate_of_return":0.0}
{"window":{"start":"2022-12-09T07:22:00.000Z","end":"2022-12-09T07:23:00.000Z"},"country":"United Kingdom","OPM":10,"total_sale_volume":545.3799896240234,"rate_of_return":0.2}
{"window":{"start":"2022-12-09T03:51:00.000Z","end":"2022-12-09T03:52:00.000Z"},"country":"United Kingdom","OPM":9,"total_sale_volume":255.93000078201294,"rate_of_return":0.2222222222222222}
{"window":{"start":"2022-12-09T05:22:00.000Z","end":"2022-12-09T05:23:00.000Z"},"country":"Spain","OPM":1,"total_sale_volume":12.479999542236328,"rate_of_return":0.0}
{"window":{"start":"2022-12-09T17:41:00.000Z","end":"2022-12-09T17:42:00.000Z"},"country":"United Kingdom","OPM":5,"total_sale_volume":387.56001377105713,"rate_of_return":0.0}
{"window":{"start":"2022-12-09T04:27:00.000Z","end":"2022-12-09T04:28:00.000Z"},"country":"Hong Kong","OPM":1,"total_sale_volume":412.7200012207031,"rate_of_return":0.0}
{"window":{"start":"2022-12-09T01:11:00.000Z","end":"2022-12-09T01:12:00.000Z"},"country":"United Kingdom","OPM":14,"total_sale_volume":1191.800003528595,"rate_of_return":0.0}
{"window":{"start":"2022-12-09T21:05:00.000Z","end":"2022-12-09T21:06:00.000Z"},"country":"United Kingdom","OPM":14,"total_sale_volume":1060.8000116348267,"rate_of_return":0.0}
{"window":{"start":"2022-12-09T02:46:00.000Z","end":"2022-12-09T02:47:00.000Z"},"country":"United Kingdom","OPM":8,"total_sale_volume":696.7199957370758,"rate_of_return":0.0}
{"window":{"start":"2022-12-08T09:52:00.000Z","end":"2022-12-08T09:53:00.000Z"},"country":"France","OPM":1,"total_sale_volume":26.5,"rate_of_return":0.0}
{"window":{"start":"2022-12-09T19:04:00.000Z","end":"2022-12-09T19:05:00.000Z"},"country":"United Kingdom","OPM":11,"total_sale_volume":413.4099922180176,"rate_of_return":0.0}
{"window":{"start":"2022-12-08T14:42:00.000Z","end":"2022-12-08T14:43:00.000Z"},"country":"France","OPM":1,"total_sale_volume":2.0799999237060547,"rate_of_return":0.0}
{"window":{"start":"2022-12-08T15:13:00.000Z","end":"2022-12-08T15:14:00.000Z"},"country":"United Kingdom","OPM":7,"total_sale_volume":882.6299819946289,"rate_of_return":0.14285714285714285}
{"window":{"start":"2022-12-08T16:24:00.000Z","end":"2022-12-08T16:25:00.000Z"},"country":"United Kingdom","OPM":7,"total_sale_volume":390.51000118255615,"rate_of_return":0.0}
{"window":{"start":"2022-12-09T15:37:00.000Z","end":"2022-12-09T15:38:00.000Z"},"country":"Norway","OPM":1,"total_sale_volume":76.36000061035156,"rate_of_return":0.0}
