{"window":{"start":"2022-12-08T16:51:00.000Z","end":"2022-12-08T16:52:00.000Z"},"country":"Netherlands","OPM":1,"total_sale_volume":-23.649999618530273,"rate_of_return":1.0}
{"window":{"start":"2022-12-09T01:34:00.000Z","end":"2022-12-09T01:35:00.000Z"},"country":"EIRE","OPM":1,"total_sale_volume":14.949999809265137,"rate_of_return":0.0}
{"window":{"start":"2022-12-09T04:35:00.000Z","end":"2022-12-09T04:36:00.000Z"},"country":"Germany","OPM":1,"total_sale_volume":9.880000114440918,"rate_of_return":0.0}
{"window":{"start":"2022-12-09T15:26:00.000Z","end":"2022-12-09T15:27:00.000Z"},"country":"United Kingdom","OPM":8,"total_sale_volume":2134.6999340057373,"rate_of_return":0.0}
{"window":{"start":"2022-12-09T07:12:00.000Z","end":"2022-12-09T07:13:00.000Z"},"country":"Spain","OPM":1,"total_sale_volume":134.35000610351562,"rate_of_return":0.0}
{"window":{"start":"2022-12-09T15:38:00.000Z","end":"2022-12-09T15:39:00.000Z"},"country":"EIRE","OPM":1,"total_sale_volume":10.710000038146973,"rate_of_return":0.0}
{"window":{"start":"2022-12-09T08:37:00.000Z","end":"2022-12-09T08:38:00.000Z"},"country":"United Kingdom","OPM":7,"total_sale_volume":536.5999975204468,"rate_of_return":0.0}
{"window":{"start":"2022-12-09T03:43:00.000Z","end":"2022-12-09T03:44:00.000Z"},"country":"Italy","OPM":1,"total_sale_volume":79.6199951171875,"rate_of_return":0.0}
{"window":{"start":"2022-12-08T17:09:00.000Z","end":"2022-12-08T17:10:00.000Z"},"country":"Germany","OPM":1,"total_sale_volume":65.62000274658203,"rate_of_return":0.0}
{"window":{"start":"2022-12-09T15:19:00.000Z","end":"2022-12-09T15:20:00.000Z"},"country":"United Kingdom","OPM":10,"total_sale_volume":30.62999665737152,"rate_of_return":0.1}
{"window":{"start":"2022-12-08T15:14:00.000Z","end":"2022-12-08T15:15:00.000Z"},"country":"Spain","OPM":1,"total_sale_volume":61.21999740600586,"rate_of_return":0.0}
{"window":{"start":"2022-12-08T10:46:00.000Z","end":"2022-12-08T10:47:00.000Z"},"country":"United Kingdom","OPM":3,"total_sale_volume":-163.37999868392944,"rate_of_return":0.3333333333333333}
{"window":{"start":"2022-12-08T21:37:00.000Z","end":"2022-12-08T21:38:00.000Z"},"country":"France","OPM":1,"total_sale_volume":101.87000274658203,"rate_of_return":0.0}
{"window":{"start":"2022-12-08T20:39:00.000Z","end":"2022-12-08T20:40:00.000Z"},"country":"United Kingdom","OPM":8,"total_sale_volume":622.059986114502,"rate_of_return":0.0}
{"window":{"start":"2022-12-08T21:15:00.000Z","end":"2022-12-08T21:16:00.000Z"},"country":"United Kingdom","OPM":6,"total_sale_volume":508.02998542785645,"rate_of_return":0.0}
{"window":{"start":"2022-12-09T21:22:00.000Z","end":"2022-12-09T21:23:00.000Z"},"country":"United Kingdom","OPM":7,"total_sale_volume":121.78999781608582,"rate_of_return":0.0}
{"window":{"start":"2022-12-08T19:32:00.000Z","end":"2022-12-08T19:33:00.000Z"},"country":"Spain","OPM":1,"total_sale_volume":195.510009765625,"rate_of_return":0.0}
{"window":{"start":"2022-12-09T05:36:00.000Z","end":"2022-12-09T05:37:00.000Z"},"country":"United Kingdom","OPM":20,"total_sale_volume":1732.5599794387817,"rate_of_return":0.05}
{"window":{"start":"2022-12-09T05:34:00.000Z","end":"2022-12-09T05:35:00.000Z"},"country":"EIRE","OPM":2,"total_sale_volume":46.30000019073486,"rate_of_return":0.0}
{"window":{"start":"2022-12-08T09:33:00.000Z","end":"2022-12-08T09:34:00.000Z"},"country":"United Kingdom","OPM":10,"total_sale_volume":1353.1800413131714,"rate_of_return":0.1}
