{"window":{"start":"2022-12-08T09:57:00.000Z","end":"2022-12-08T09:58:00.000Z"},"country":"France","OPM":1,"total_sale_volume":73.55999755859375,"rate_of_return":0.0}
{"window":{"start":"2022-12-09T20:13:00.000Z","end":"2022-12-09T20:14:00.000Z"},"country":"United Kingdom","OPM":8,"total_sale_volume":33.70000171661377,"rate_of_return":0.125}
{"window":{"start":"2022-12-09T08:24:00.000Z","end":"2022-12-09T08:25:00.000Z"},"country":"United Kingdom","OPM":13,"total_sale_volume":862.3799840211868,"rate_of_return":0.07692307692307693}
{"window":{"start":"2022-12-09T18:33:00.000Z","end":"2022-12-09T18:34:00.000Z"},"country":"United Kingdom","OPM":12,"total_sale_volume":644.3399963378906,"rate_of_return":0.08333333333333333}
{"window":{"start":"2022-12-09T00:01:00.000Z","end":"2022-12-09T00:02:00.000Z"},"country":"United Kingdom","OPM":11,"total_sale_volume":611.0399951934814,"rate_of_return":0.0}
{"window":{"start":"2022-12-09T19:10:00.000Z","end":"2022-12-09T19:11:00.000Z"},"country":"United Kingdom","OPM":11,"total_sale_volume":523.0999908447266,"rate_of_return":0.0}
{"window":{"start":"2022-12-08T08:44:00.000Z","end":"2022-12-08T08:45:00.000Z"},"country":"United Kingdom","OPM":16,"total_sale_volume":916.389995098114,"rate_of_return":0.125}
{"window":{"start":"2022-12-08T08:47:00.000Z","end":"2022-12-08T08:48:00.000Z"},"country":"United Kingdom","OPM":5,"total_sale_volume":257.97000789642334,"rate_of_return":0.0}
{"window":{"start":"2022-12-08T10:15:00.000Z","end":"2022-12-08T10:16:00.000Z"},"country":"France","OPM":1,"total_sale_volume":37.380001068115234,"rate_of_return":0.0}
{"window":{"start":"2022-12-09T19:44:00.000Z","end":"2022-12-09T19:45:00.000Z"},"country":"Belgium","OPM":1,"total_sale_volume":143.62001037597656,"rate_of_return":0.0}
{"window":{"start":"2022-12-09T09:33:00.000Z","end":"2022-12-09T09:34:00.000Z"},"country":"Germany","OPM":1,"total_sale_volume":551.6300048828125,"rate_of_return":0.0}
{"window":{"start":"2022-12-09T11:42:00.000Z","end":"2022-12-09T11:43:00.000Z"},"country":"United Kingdom","OPM":7,"total_sale_volume":632.2300066947937,"rate_of_return":0.0}
