{"window":{"start":"2022-12-09T11:57:00.000Z","end":"2022-12-09T11:58:00.000Z"},"country":"United Kingdom","OPM":9,"total_sale_volume":-28.16001605987549,"rate_of_return":0.1111111111111111}
{"window":{"start":"2022-12-08T22:37:00.000Z","end":"2022-12-08T22:38:00.000Z"},"country":"Portugal","OPM":1,"total_sale_volume":8.319999694824219,"rate_of_return":0.0}
{"window":{"start":"2022-12-09T00:46:00.000Z","end":"2022-12-09T00:47:00.000Z"},"country":"United Kingdom","OPM":9,"total_sale_volume":1771.6399993896484,"rate_of_return":0.0}
{"window":{"start":"2022-12-09T20:00:00.000Z","end":"2022-12-09T20:01:00.000Z"},"country":"Germany","OPM":1,"total_sale_volume":80.97999572753906,"rate_of_return":0.0}
{"window":{"start":"2022-12-09T15:48:00.000Z","end":"2022-12-09T15:49:00.000Z"},"country":"Germany","OPM":1,"total_sale_volume":46.560001373291016,"rate_of_return":0.0}
{"window":{"start":"2022-12-09T09:05:00.000Z","end":"2022-12-09T09:06:00.000Z"},"country":"Channel Islands","OPM":1,"total_sale_volume":4.920000076293945,"rate_of_return":0.0}
{"window":{"start":"2022-12-09T02:11:00.000Z","end":"2022-12-09T02:12:00.000Z"},"country":"United Kingdom","OPM":7,"total_sale_volume":428.7399916648865,"rate_of_return":0.14285714285714285}
{"window":{"start":"2022-12-09T06:20:00.000Z","end":"2022-12-09T06:21:00.000Z"},"country":"United Kingdom","OPM":10,"total_sale_volume":318.71000957489014,"rate_of_return":0.0}
{"window":{"start":"2022-12-09T23:27:00.000Z","end":"2022-12-09T23:28:00.000Z"},"country":"France","OPM":2,"total_sale_volume":61.39999961853027,"rate_of_return":0.0}
{"window":{"start":"2022-12-08T12:28:00.000Z","end":"2022-12-08T12:29:00.000Z"},"country":"France","OPM":1,"total_sale_volume":36.25,"rate_of_return":0.0}
{"window":{"start":"2022-12-09T18:46:00.000Z","end":"2022-12-09T18:47:00.000Z"},"country":"United Kingdom","OPM":10,"total_sale_volume":268.8699986934662,"rate_of_return":0.0}
{"window":{"start":"2022-12-09T12:42:00.000Z","end":"2022-12-09T12:43:00.000Z"},"country":"Finland","OPM":1,"total_sale_volume":25.700000762939453,"rate_of_return":0.0}
{"window":{"start":"2022-12-09T11:46:00.000Z","end":"2022-12-09T11:47:00.000Z"},"country":"United Kingdom","OPM":4,"total_sale_volume":-55.84000027179718,"rate_of_return":0.25}
{"window":{"start":"2022-12-08T10:16:00.000Z","end":"2022-12-08T10:17:00.000Z"},"country":"United Kingdom","OPM":15,"total_sale_volume":434.2899880409241,"rate_of_return":0.06666666666666667}
{"window":{"start":"2022-12-09T01:20:00.000Z","end":"2022-12-09T01:21:00.000Z"},"country":"France","OPM":1,"total_sale_volume":195.84999084472656,"rate_of_return":0.0}
{"window":{"start":"2022-12-09T09:28:00.000Z","end":"2022-12-09T09:29:00.000Z"},"country":"Israel","OPM":1,"total_sale_volume":53.29999923706055,"rate_of_return":0.0}
{"window":{"start":"2022-12-09T15:40:00.000Z","end":"2022-12-09T15:41:00.000Z"},"country":"United Kingdom","OPM":8,"total_sale_volume":778.8000230789185,"rate_of_return":0.125}
{"window":{"start":"2022-12-08T23:52:00.000Z","end":"2022-12-08T23:53:00.000Z"},"country":"United Kingdom","OPM":13,"total_sale_volume":503.9599976539612,"rate_of_return":0.0}
{"window":{"start":"2022-12-08T13:57:00.000Z","end":"2022-12-08T13:58:00.000Z"},"country":"United Kingdom","OPM":8,"total_sale_volume":98.7999974489212,"rate_of_return":0.25}
{"window":{"start":"2022-12-08T16:00:00.000Z","end":"2022-12-08T16:01:00.000Z"},"country":"United Kingdom","OPM":14,"total_sale_volume":985.8800073862076,"rate_of_return":0.0}
{"window":{"start":"2022-12-09T00:11:00.000Z","end":"2022-12-09T00:12:00.000Z"},"country":"France","OPM":1,"total_sale_volume":14.760000228881836,"rate_of_return":0.0}
{"window":{"start":"2022-12-08T21:56:00.000Z","end":"2022-12-08T21:57:00.000Z"},"country":"Netherlands","OPM":1,"total_sale_volume":23.049999237060547,"rate_of_return":0.0}
{"window":{"start":"2022-12-09T12:59:00.000Z","end":"2022-12-09T13:00:00.000Z"},"country":"EIRE","OPM":1,"total_sale_volume":61.91999816894531,"rate_of_return":0.0}
{"window":{"start":"2022-12-08T10:25:00.000Z","end":"2022-12-08T10:26:00.000Z"},"country":"EIRE","OPM":1,"total_sale_volume":-16.5,"rate_of_return":1.0}
{"window":{"start":"2022-12-08T19:11:00.000Z","end":"2022-12-08T19:12:00.000Z"},"country":"Germany","OPM":1,"total_sale_volume":32.400001525878906,"rate_of_return":0.0}
{"window":{"start":"2022-12-09T12:14:00.000Z","end":"2022-12-09T12:15:00.000Z"},"country":"United Kingdom","OPM":8,"total_sale_volume":324.2899980545044,"rate_of_return":0.0}
{"window":{"start":"2022-12-08T12:51:00.000Z","end":"2022-12-08T12:52:00.000Z"},"country":"EIRE","OPM":1,"total_sale_volume":16.450000762939453,"rate_of_return":0.0}
