{"window":{"start":"2022-12-08T17:03:00.000Z","end":"2022-12-08T17:04:00.000Z"},"country":"United Kingdom","OPM":3,"total_sale_volume":141.43999528884888,"rate_of_return":0.0}
{"window":{"start":"2022-12-09T11:32:00.000Z","end":"2022-12-09T11:33:00.000Z"},"country":"France","OPM":1,"total_sale_volume":9.100000381469727,"rate_of_return":0.0}
{"window":{"start":"2022-12-08T13:04:00.000Z","end":"2022-12-08T13:05:00.000Z"},"country":"Japan","OPM":1,"total_sale_volume":126.51000213623047,"rate_of_return":0.0}
{"window":{"start":"2022-12-08T16:28:00.000Z","end":"2022-12-08T16:29:00.000Z"},"country":"Belgium","OPM":1,"total_sale_volume":207.9099884033203,"rate_of_return":0.0}
{"window":{"start":"2022-12-09T10:22:00.000Z","end":"2022-12-09T10:23:00.000Z"},"country":"EIRE","OPM":1,"total_sale_volume":27.799999237060547,"rate_of_return":0.0}
{"window":{"start":"2022-12-09T03:33:00.000Z","end":"2022-12-09T03:34:00.000Z"},"country":"United Kingdom","OPM":2,"total_sale_volume":42.10000038146973,"rate_of_return":0.0}
{"window":{"start":"2022-12-09T10:45:00.000Z","end":"2022-12-09T10:46:00.000Z"},"country":"United Kingdom","OPM":7,"total_sale_volume":1442.5800609588623,"rate_of_return":0.14285714285714285}
{"window":{"start":"2022-12-08T13:06:00.000Z","end":"2022-12-08T13:07:00.000Z"},"country":"United Kingdom","OPM":14,"total_sale_volume":576.1900009214878,"rate_of_return":0.0}
{"window":{"start":"2022-12-08T20:15:00.000Z","end":"2022-12-08T20:16:00.000Z"},"country":"United Kingdom","OPM":10,"total_sale_volume":695.5599894523621,"rate_of_return":0.0}
{"window":{"start":"2022-12-08T18:40:00.000Z","end":"2022-12-08T18:41:00.000Z"},"country":"Germany","OPM":1,"total_sale_volume":62.76000213623047,"rate_of_return":0.0}
{"window":{"start":"2022-12-09T09:17:00.000Z","end":"2022-12-09T09:18:00.000Z"},"country":"United Kingdom","OPM":4,"total_sale_volume":701.329984664917,"rate_of_return":0.0}
{"window":{"start":"2022-12-08T13:10:00.000Z","end":"2022-12-08T13:11:00.000Z"},"country":"Cyprus","OPM":1,"total_sale_volume":39.630001068115234,"rate_of_return":0.0}
{"window":{"start":"2022-12-09T16:49:00.000Z","end":"2022-12-09T16:50:00.000Z"},"country":"Germany","OPM":1,"total_sale_volume":6.680000305175781,"rate_of_return":0.0}
{"window":{"start":"2022-12-09T13:51:00.000Z","end":"2022-12-09T13:52:00.000Z"},"country":"Netherlands","OPM":1,"total_sale_volume":15.59999942779541,"rate_of_return":0.0}
{"window":{"start":"2022-12-09T09:39:00.000Z","end":"2022-12-09T09:40:00.000Z"},"country":"United Kingdom","OPM":8,"total_sale_volume":1190.9299716949463,"rate_of_return":0.125}
{"window":{"start":"2022-12-09T05:07:00.000Z","end":"2022-12-09T05:08:00.000Z"},"country":"Italy","OPM":1,"total_sale_volume":39.599998474121094,"rate_of_return":0.0}
{"window":{"start":"2022-12-09T10:27:00.000Z","end":"2022-12-09T10:28:00.000Z"},"country":"Germany","OPM":1,"total_sale_volume":324.17999267578125,"rate_of_return":0.0}
{"window":{"start":"2022-12-08T10:04:00.000Z","end":"2022-12-08T10:05:00.000Z"},"country":"Cyprus","OPM":1,"total_sale_volume":6.75,"rate_of_return":0.0}
{"window":{"start":"2022-12-08T12:06:00.000Z","end":"2022-12-08T12:07:00.000Z"},"country":"Switzerland","OPM":1,"total_sale_volume":94.69999694824219,"rate_of_return":0.0}
{"window":{"start":"2022-12-09T20:23:00.000Z","end":"2022-12-09T20:24:00.000Z"},"country":"United Kingdom","OPM":15,"total_sale_volume":863.9000045955181,"rate_of_return":0.13333333333333333}
{"window":{"start":"2022-12-09T03:50:00.000Z","end":"2022-12-09T03:51:00.000Z"},"country":"United Kingdom","OPM":6,"total_sale_volume":256.08999824523926,"rate_of_return":0.0}
{"window":{"start":"2022-12-08T16:32:00.000Z","end":"2022-12-08T16:33:00.000Z"},"country":"United Kingdom","OPM":12,"total_sale_volume":2377.4399223327637,"rate_of_return":0.08333333333333333}
