{"window":{"start":"2022-12-08T18:18:00.000Z","end":"2022-12-08T18:19:00.000Z"},"country":"United Kingdom","OPM":6,"total_sale_volume":181.61000311374664,"rate_of_return":0.0}
{"window":{"start":"2022-12-09T08:28:00.000Z","end":"2022-12-09T08:29:00.000Z"},"country":"United Kingdom","OPM":4,"total_sale_volume":301.93000411987305,"rate_of_return":0.0}
{"window":{"start":"2022-12-08T14:14:00.000Z","end":"2022-12-08T14:15:00.000Z"},"country":"United Kingdom","OPM":10,"total_sale_volume":607.1300029754639,"rate_of_return":0.0}
{"window":{"start":"2022-12-09T18:37:00.000Z","end":"2022-12-09T18:38:00.000Z"},"country":"United Kingdom","OPM":12,"total_sale_volume":1689.3199672698975,"rate_of_return":0.08333333333333333}
{"window":{"start":"2022-12-09T19:17:00.000Z","end":"2022-12-09T19:18:00.000Z"},"country":"United Kingdom","OPM":14,"total_sale_volume":1135.4200088977814,"rate_of_return":0.0}
{"window":{"start":"2022-12-09T00:50:00.000Z","end":"2022-12-09T00:51:00.000Z"},"country":"United Kingdom","OPM":11,"total_sale_volume":1003.9099807739258,"rate_of_return":0.0}
{"window":{"start":"2022-12-08T14:17:00.000Z","end":"2022-12-08T14:18:00.000Z"},"country":"United Kingdom","OPM":13,"total_sale_volume":1444.6899944543839,"rate_of_return":0.0}
{"window":{"start":"2022-12-08T17:26:00.000Z","end":"2022-12-08T17:27:00.000Z"},"country":"Spain","OPM":1,"total_sale_volume":9.84000015258789,"rate_of_return":0.0}
{"window":{"start":"2022-12-09T03:14:00.000Z","end":"2022-12-09T03:15:00.000Z"},"country":"France","OPM":1,"total_sale_volume":1.4500000476837158,"rate_of_return":0.0}
{"window":{"start":"2022-12-08T17:08:00.000Z","end":"2022-12-08T17:09:00.000Z"},"country":"EIRE","OPM":2,"total_sale_volume":67.88000059127808,"rate_of_return":0.0}
{"window":{"start":"2022-12-09T13:20:00.000Z","end":"2022-12-09T13:21:00.000Z"},"country":"United Kingdom","OPM":6,"total_sale_volume":35.469993233680725,"rate_of_return":0.16666666666666666}
{"window":{"start":"2022-12-08T08:14:00.000Z","end":"2022-12-08T08:15:00.000Z"},"country":"United Kingdom","OPM":12,"total_sale_volume":1192.7399765253067,"rate_of_return":0.0}
{"window":{"start":"2022-12-08T08:20:00.000Z","end":"2022-12-08T08:21:00.000Z"},"country":"United Kingdom","OPM":7,"total_sale_volume":450.7100009918213,"rate_of_return":0.0}
{"window":{"start":"2022-12-09T14:01:00.000Z","end":"2022-12-09T14:02:00.000Z"},"country":"United Kingdom","OPM":5,"total_sale_volume":582.3200092315674,"rate_of_return":0.0}
{"window":{"start":"2022-12-08T23:37:00.000Z","end":"2022-12-08T23:38:00.000Z"},"country":"United Kingdom","OPM":10,"total_sale_volume":486.48998260498047,"rate_of_return":0.1}
{"window":{"start":"2022-12-08T18:19:00.000Z","end":"2022-12-08T18:20:00.000Z"},"country":"EIRE","OPM":1,"total_sale_volume":-4.730000019073486,"rate_of_return":1.0}
{"window":{"start":"2022-12-08T18:47:00.000Z","end":"2022-12-08T18:48:00.000Z"},"country":"Finland","OPM":1,"total_sale_volume":25.5,"rate_of_return":0.0}
{"window":{"start":"2022-12-08T15:59:00.000Z","end":"2022-12-08T16:00:00.000Z"},"country":"United Kingdom","OPM":12,"total_sale_volume":432.01999855041504,"rate_of_return":0.08333333333333333}
{"window":{"start":"2022-12-09T03:17:00.000Z","end":"2022-12-09T03:18:00.000Z"},"country":"EIRE","OPM":1,"total_sale_volume":20.399999618530273,"rate_of_return":0.0}
{"window":{"start":"2022-12-09T00:22:00.000Z","end":"2022-12-09T00:23:00.000Z"},"country":"United Kingdom","OPM":15,"total_sale_volume":2168.970052778721,"rate_of_return":0.06666666666666667}
{"window":{"start":"2022-12-08T13:54:00.000Z","end":"2022-12-08T13:55:00.000Z"},"country":"United Kingdom","OPM":8,"total_sale_volume":358.56999683380127,"rate_of_return":0.0}
{"window":{"start":"2022-12-09T07:52:00.000Z","end":"2022-12-09T07:53:00.000Z"},"country":"United Kingdom","OPM":9,"total_sale_volume":1279.1500123739243,"rate_of_return":0.1111111111111111}
{"window":{"start":"2022-12-09T08:46:00.000Z","end":"2022-12-09T08:47:00.000Z"},"country":"United Kingdom","OPM":5,"total_sale_volume":78.85999870300293,"rate_of_return":0.0}
{"window":{"start":"2022-12-09T21:30:00.000Z","end":"2022-12-09T21:31:00.000Z"},"country":"United Kingdom","OPM":9,"total_sale_volume":509.21998929977417,"rate_of_return":0.0}
{"window":{"start":"2022-12-09T01:41:00.000Z","end":"2022-12-09T01:42:00.000Z"},"country":"United Kingdom","OPM":10,"total_sale_volume":404.34999108314514,"rate_of_return":0.0}
{"window":{"start":"2022-12-09T19:40:00.000Z","end":"2022-12-09T19:41:00.000Z"},"country":"United Kingdom","OPM":15,"total_sale_volume":1567.7499952316284,"rate_of_return":0.0}
