{"window":{"start":"2022-12-08T20:01:00.000Z","end":"2022-12-08T20:02:00.000Z"},"country":"United Kingdom","OPM":7,"total_sale_volume":-7.779993057250977,"rate_of_return":0.14285714285714285}
{"window":{"start":"2022-12-09T14:50:00.000Z","end":"2022-12-09T14:51:00.000Z"},"country":"Sweden","OPM":1,"total_sale_volume":25.600000381469727,"rate_of_return":0.0}
{"window":{"start":"2022-12-08T12:10:00.000Z","end":"2022-12-08T12:11:00.000Z"},"country":"United Kingdom","OPM":11,"total_sale_volume":865.3100061416626,"rate_of_return":0.0}
{"window":{"start":"2022-12-09T18:12:00.000Z","end":"2022-12-09T18:13:00.000Z"},"country":"United Kingdom","OPM":12,"total_sale_volume":400.8999915122986,"rate_of_return":0.0}
{"window":{"start":"2022-12-08T16:54:00.000Z","end":"2022-12-08T16:55:00.000Z"},"country":"EIRE","OPM":1,"total_sale_volume":17.760000228881836,"rate_of_return":0.0}
{"window":{"start":"2022-12-08T09:30:00.000Z","end":"2022-12-08T09:31:00.000Z"},"country":"Netherlands","OPM":1,"total_sale_volume":16.56999969482422,"rate_of_return":0.0}
{"window":{"start":"2022-12-08T17:51:00.000Z","end":"2022-12-08T17:52:00.000Z"},"country":"Germany","OPM":2,"total_sale_volume":12.800000429153442,"rate_of_return":0.5}
{"window":{"start":"2022-12-08T20:05:00.000Z","end":"2022-12-08T20:06:00.000Z"},"country":"United Kingdom","OPM":11,"total_sale_volume":173.41999876499176,"rate_of_return":0.09090909090909091}
{"window":{"start":"2022-12-09T23:04:00.000Z","end":"2022-12-09T23:05:00.000Z"},"country":"EIRE","OPM":1,"total_sale_volume":23.260000228881836,"rate_of_return":0.0}
{"window":{"start":"2022-12-09T09:59:00.000Z","end":"2022-12-09T10:00:00.000Z"},"country":"Germany","OPM":1,"total_sale_volume":23.3799991607666,"rate_of_return":0.0}
{"window":{"start":"2022-12-09T04:09:00.000Z","end":"2022-12-09T04:10:00.000Z"},"country":"France","OPM":1,"total_sale_volume":19.510000228881836,"rate_of_return":0.0}
{"window":{"start":"2022-12-09T02:58:00.000Z","end":"2022-12-09T02:59:00.000Z"},"country":"Switzerland","OPM":1,"total_sale_volume":83.30999755859375,"rate_of_return":0.0}
{"window":{"start":"2022-12-09T17:44:00.000Z","end":"2022-12-09T17:45:00.000Z"},"country":"United Kingdom","OPM":11,"total_sale_volume":570.9799981117249,"rate_of_return":0.0}
{"window":{"start":"2022-12-09T16:46:00.000Z","end":"2022-12-09T16:47:00.000Z"},"country":"Belgium","OPM":1,"total_sale_volume":8.289999961853027,"rate_of_return":0.0}
{"window":{"start":"2022-12-08T17:54:00.000Z","end":"2022-12-08T17:55:00.000Z"},"country":"Germany","OPM":1,"total_sale_volume":25.469999313354492,"rate_of_return":0.0}
{"window":{"start":"2022-12-09T00:32:00.000Z","end":"2022-12-09T00:33:00.000Z"},"country":"Germany","OPM":1,"total_sale_volume":35.400001525878906,"rate_of_return":0.0}
{"window":{"start":"2022-12-08T10:14:00.000Z","end":"2022-12-08T10:15:00.000Z"},"country":"United Kingdom","OPM":5,"total_sale_volume":373.3400001525879,"rate_of_return":0.0}
{"window":{"start":"2022-12-08T17:19:00.000Z","end":"2022-12-08T17:20:00.000Z"},"country":"United Kingdom","OPM":13,"total_sale_volume":303.3399933576584,"rate_of_return":0.15384615384615385}
{"window":{"start":"2022-12-09T05:40:00.000Z","end":"2022-12-09T05:41:00.000Z"},"country":"United Kingdom","OPM":15,"total_sale_volume":1048.8400020599365,"rate_of_return":0.0}
{"window":{"start":"2022-12-08T10:53:00.000Z","end":"2022-12-08T10:54:00.000Z"},"country":"United Kingdom","OPM":14,"total_sale_volume":555.1200006008148,"rate_of_return":0.0}
{"window":{"start":"2022-12-09T10:41:00.000Z","end":"2022-12-09T10:42:00.000Z"},"country":"United Kingdom","OPM":14,"total_sale_volume":694.2999978065491,"rate_of_return":0.07142857142857142}
