{"window":{"start":"2022-12-09T20:20:00.000Z","end":"2022-12-09T20:21:00.000Z"},"country":"United Kingdom","OPM":4,"total_sale_volume":201.19000148773193,"rate_of_return":0.0}
{"window":{"start":"2022-12-09T07:38:00.000Z","end":"2022-12-09T07:39:00.000Z"},"country":"United Kingdom","OPM":9,"total_sale_volume":195.5699999332428,"rate_of_return":0.2222222222222222}
{"window":{"start":"2022-12-09T19:56:00.000Z","end":"2022-12-09T19:57:00.000Z"},"country":"United Kingdom","OPM":7,"total_sale_volume":461.8799867630005,"rate_of_return":0.14285714285714285}
{"window":{"start":"2022-12-08T11:20:00.000Z","end":"2022-12-08T11:21:00.000Z"},"country":"United Kingdom","OPM":8,"total_sale_volume":189.73999857902527,"rate_of_return":0.0}
{"window":{"start":"2022-12-09T03:32:00.000Z","end":"2022-12-09T03:33:00.000Z"},"country":"United Kingdom","OPM":15,"total_sale_volume":799.8899993896484,"rate_of_return":0.06666666666666667}
{"window":{"start":"2022-12-09T05:10:00.000Z","end":"2022-12-09T05:11:00.000Z"},"country":"Austria","OPM":1,"total_sale_volume":7.5,"rate_of_return":0.0}
{"window":{"start":"2022-12-08T21:40:00.000Z","end":"2022-12-08T21:41:00.000Z"},"country":"United Kingdom","OPM":9,"total_sale_volume":1253.1799576878548,"rate_of_return":0.0}
{"window":{"start":"2022-12-08T16:10:00.000Z","end":"2022-12-08T16:11:00.000Z"},"country":"Denmark","OPM":1,"total_sale_volume":60.20000076293945,"rate_of_return":0.0}
{"window":{"start":"2022-12-08T10:01:00.000Z","end":"2022-12-08T10:02:00.000Z"},"country":"EIRE","OPM":1,"total_sale_volume":303.17999267578125,"rate_of_return":0.0}
{"window":{"start":"2022-12-09T17:29:00.000Z","end":"2022-12-09T17:30:00.000Z"},"country":"United Kingdom","OPM":6,"total_sale_volume":384.36999797821045,"rate_of_return":0.0}
{"window":{"start":"2022-12-08T10:44:00.000Z","end":"2022-12-08T10:45:00.000Z"},"country":"United Kingdom","OPM":6,"total_sale_volume":641.2099860906601,"rate_of_return":0.0}
{"window":{"start":"2022-12-08T15:46:00.000Z","end":"2022-12-08T15:47:00.000Z"},"country":"United Kingdom","OPM":9,"total_sale_volume":397.33000016212463,"rate_of_return":0.1111111111111111}
{"window":{"start":"2022-12-08T18:35:00.000Z","end":"2022-12-08T18:36:00.000Z"},"country":"France","OPM":1,"total_sale_volume":3.75,"rate_of_return":0.0}
{"window":{"start":"2022-12-09T08:32:00.000Z","end":"2022-12-09T08:33:00.000Z"},"country":"Spain","OPM":1,"total_sale_volume":-150.66000366210938,"rate_of_return":1.0}
{"window":{"start":"2022-12-09T20:40:00.000Z","end":"2022-12-09T20:41:00.000Z"},"country":"Germany","OPM":1,"total_sale_volume":167.22000122070312,"rate_of_return":0.0}
{"window":{"start":"2022-12-09T01:44:00.000Z","end":"2022-12-09T01:45:00.000Z"},"country":"Switzerland","OPM":1,"total_sale_volume":0.8100000023841858,"rate_of_return":0.0}
{"window":{"start":"2022-12-08T15:48:00.000Z","end":"2022-12-08T15:49:00.000Z"},"country":"United Kingdom","OPM":5,"total_sale_volume":116.60999917984009,"rate_of_return":0.0}
{"window":{"start":"2022-12-08T19:12:00.000Z","end":"2022-12-08T19:13:00.000Z"},"country":"United Kingdom","OPM":9,"total_sale_volume":1417.4799873828888,"rate_of_return":0.0}
{"window":{"start":"2022-12-09T23:08:00.000Z","end":"2022-12-09T23:09:00.000Z"},"country":"United Kingdom","OPM":11,"total_sale_volume":-746.2599756717682,"rate_of_return":0.2727272727272727}
{"window":{"start":"2022-12-09T14:53:00.000Z","end":"2022-12-09T14:54:00.000Z"},"country":"United Kingdom","OPM":15,"total_sale_volume":1128.0900101661682,"rate_of_return":0.0}
{"window":{"start":"2022-12-08T11:08:00.000Z","end":"2022-12-08T11:09:00.000Z"},"country":"United Kingdom","OPM":9,"total_sale_volume":430.33000659942627,"rate_of_return":0.1111111111111111}
{"window":{"start":"2022-12-09T20:05:00.000Z","end":"2022-12-09T20:06:00.000Z"},"country":"EIRE","OPM":1,"total_sale_volume":25.299999237060547,"rate_of_return":0.0}
{"window":{"start":"2022-12-08T11:44:00.000Z","end":"2022-12-08T11:45:00.000Z"},"country":"United Kingdom","OPM":11,"total_sale_volume":861.1600017547607,"rate_of_return":0.0}
{"window":{"start":"2022-12-09T08:36:00.000Z","end":"2022-12-09T08:37:00.000Z"},"country":"United Kingdom","OPM":9,"total_sale_volume":1905.349984407425,"rate_of_return":0.0}
{"window":{"start":"2022-12-09T23:40:00.000Z","end":"2022-12-09T23:41:00.000Z"},"country":"United Kingdom","OPM":13,"total_sale_volume":1603.0600280761719,"rate_of_return":0.0}
{"window":{"start":"2022-12-09T11:50:00.000Z","end":"2022-12-09T11:51:00.000Z"},"country":"France","OPM":1,"total_sale_volume":33.18000030517578,"rate_of_return":0.0}
{"window":{"start":"2022-12-08T14:33:00.000Z","end":"2022-12-08T14:34:00.000Z"},"country":"United Kingdom","OPM":8,"total_sale_volume":682.5299873352051,"rate_of_return":0.0}
