{"window":{"start":"2022-12-09T10:29:00.000Z","end":"2022-12-09T10:30:00.000Z"},"country":"Poland","OPM":1,"total_sale_volume":27.25,"rate_of_return":0.0}
{"window":{"start":"2022-12-09T14:09:00.000Z","end":"2022-12-09T14:10:00.000Z"},"country":"United Kingdom","OPM":11,"total_sale_volume":535.9100074768066,"rate_of_return":0.0}
{"window":{"start":"2022-12-08T16:16:00.000Z","end":"2022-12-08T16:17:00.000Z"},"country":"United Kingdom","OPM":13,"total_sale_volume":156.34999185800552,"rate_of_return":0.15384615384615385}
{"window":{"start":"2022-12-09T16:02:00.000Z","end":"2022-12-09T16:03:00.000Z"},"country":"Germany","OPM":1,"total_sale_volume":2.5,"rate_of_return":0.0}
{"window":{"start":"2022-12-09T23:42:00.000Z","end":"2022-12-09T23:43:00.000Z"},"country":"United Kingdom","OPM":11,"total_sale_volume":216.40999794006348,"rate_of_return":0.09090909090909091}
{"window":{"start":"2022-12-08T13:34:00.000Z","end":"2022-12-08T13:35:00.000Z"},"country":"United Kingdom","OPM":4,"total_sale_volume":-225.03000402450562,"rate_of_return":0.25}
{"window":{"start":"2022-12-09T14:37:00.000Z","end":"2022-12-09T14:38:00.000Z"},"country":"EIRE","OPM":1,"total_sale_volume":24.25,"rate_of_return":0.0}
{"window":{"start":"2022-12-09T22:25:00.000Z","end":"2022-12-09T22:26:00.000Z"},"country":"EIRE","OPM":1,"total_sale_volume":15.699999809265137,"rate_of_return":0.0}
{"window":{"start":"2022-12-09T19:32:00.000Z","end":"2022-12-09T19:33:00.000Z"},"country":"United Kingdom","OPM":12,"total_sale_volume":822.2299599647522,"rate_of_return":0.08333333333333333}
{"window":{"start":"2022-12-08T20:53:00.000Z","end":"2022-12-08T20:54:00.000Z"},"country":"United Kingdom","OPM":11,"total_sale_volume":1302.9399857521057,"rate_of_return":0.0}
{"window":{"start":"2022-12-08T15:49:00.000Z","end":"2022-12-08T15:50:00.000Z"},"country":"Belgium","OPM":1,"total_sale_volume":156.4499969482422,"rate_of_return":0.0}
{"window":{"start":"2022-12-08T21:14:00.000Z","end":"2022-12-08T21:15:00.000Z"},"country":"Germany","OPM":1,"total_sale_volume":90.41999816894531,"rate_of_return":0.0}
{"window":{"start":"2022-12-09T05:46:00.000Z","end":"2022-12-09T05:47:00.000Z"},"country":"Switzerland","OPM":1,"total_sale_volume":122.33000183105469,"rate_of_return":0.0}
{"window":{"start":"2022-12-09T05:08:00.000Z","end":"2022-12-09T05:09:00.000Z"},"country":"United Kingdom","OPM":14,"total_sale_volume":429.69000095129013,"rate_of_return":0.07142857142857142}
{"window":{"start":"2022-12-09T07:09:00.000Z","end":"2022-12-09T07:10:00.000Z"},"country":"United Kingdom","OPM":10,"total_sale_volume":537.1999940872192,"rate_of_return":0.0}
{"window":{"start":"2022-12-08T21:42:00.000Z","end":"2022-12-08T21:43:00.000Z"},"country":"United Kingdom","OPM":6,"total_sale_volume":-7.330003023147583,"rate_of_return":0.3333333333333333}
{"window":{"start":"2022-12-08T19:03:00.000Z","end":"2022-12-08T19:04:00.000Z"},"country":"United Kingdom","OPM":12,"total_sale_volume":531.4099950790405,"rate_of_return":0.08333333333333333}
{"window":{"start":"2022-12-08T20:09:00.000Z","end":"2022-12-08T20:10:00.000Z"},"country":"United Kingdom","OPM":10,"total_sale_volume":472.52000749111176,"rate_of_return":0.1}
{"window":{"start":"2022-12-08T14:55:00.000Z","end":"2022-12-08T14:56:00.000Z"},"country":"Norway","OPM":1,"total_sale_volume":69.5,"rate_of_return":0.0}
{"window":{"start":"2022-12-09T08:49:00.000Z","end":"2022-12-09T08:50:00.000Z"},"country":"United Kingdom","OPM":12,"total_sale_volume":887.6599802970886,"rate_of_return":0.0}
