{"window":{"start":"2022-12-09T10:55:00.000Z","end":"2022-12-09T10:56:00.000Z"},"country":"United Kingdom","OPM":11,"total_sale_volume":295.179984331131,"rate_of_return":0.09090909090909091}
{"window":{"start":"2022-12-09T19:50:00.000Z","end":"2022-12-09T19:51:00.000Z"},"country":"United Kingdom","OPM":3,"total_sale_volume":101.6200008392334,"rate_of_return":0.0}
{"window":{"start":"2022-12-09T04:47:00.000Z","end":"2022-12-09T04:48:00.000Z"},"country":"Germany","OPM":1,"total_sale_volume":35.0,"rate_of_return":0.0}
{"window":{"start":"2022-12-09T04:53:00.000Z","end":"2022-12-09T04:54:00.000Z"},"country":"France","OPM":1,"total_sale_volume":77.72000122070312,"rate_of_return":0.0}
{"window":{"start":"2022-12-09T01:35:00.000Z","end":"2022-12-09T01:36:00.000Z"},"country":"United Kingdom","OPM":9,"total_sale_volume":1956.4700412750244,"rate_of_return":0.1111111111111111}
{"window":{"start":"2022-12-08T12:03:00.000Z","end":"2022-12-08T12:04:00.000Z"},"country":"Cyprus","OPM":1,"total_sale_volume":2.0799999237060547,"rate_of_return":0.0}
{"window":{"start":"2022-12-09T16:02:00.000Z","end":"2022-12-09T16:03:00.000Z"},"country":"United Kingdom","OPM":4,"total_sale_volume":78.5300064086914,"rate_of_return":0.25}
{"window":{"start":"2022-12-09T09:32:00.000Z","end":"2022-12-09T09:33:00.000Z"},"country":"Norway","OPM":1,"total_sale_volume":63.20000076293945,"rate_of_return":0.0}
{"window":{"start":"2022-12-08T18:16:00.000Z","end":"2022-12-08T18:17:00.000Z"},"country":"United Kingdom","OPM":8,"total_sale_volume":420.80997958779335,"rate_of_return":0.0}
{"window":{"start":"2022-12-09T01:22:00.000Z","end":"2022-12-09T01:23:00.000Z"},"country":"EIRE","OPM":1,"total_sale_volume":130.25999450683594,"rate_of_return":0.0}
{"window":{"start":"2022-12-09T15:01:00.000Z","end":"2022-12-09T15:02:00.000Z"},"country":"United Kingdom","OPM":12,"total_sale_volume":648.3499794006348,"rate_of_return":0.08333333333333333}
{"window":{"start":"2022-12-09T16:58:00.000Z","end":"2022-12-09T16:59:00.000Z"},"country":"United Kingdom","OPM":9,"total_sale_volume":1000.4499883651733,"rate_of_return":0.0}
{"window":{"start":"2022-12-08T17:22:00.000Z","end":"2022-12-08T17:23:00.000Z"},"country":"France","OPM":2,"total_sale_volume":142.54999923706055,"rate_of_return":0.0}
{"window":{"start":"2022-12-09T22:03:00.000Z","end":"2022-12-09T22:04:00.000Z"},"country":"United Kingdom","OPM":13,"total_sale_volume":82.10000276565552,"rate_of_return":0.07692307692307693}
{"window":{"start":"2022-12-09T04:31:00.000Z","end":"2022-12-09T04:32:00.000Z"},"country":"United Kingdom","OPM":7,"total_sale_volume":46.529998779296875,"rate_of_return":0.2857142857142857}
{"window":{"start":"2022-12-08T14:09:00.000Z","end":"2022-12-08T14:10:00.000Z"},"country":"France","OPM":1,"total_sale_volume":17.670000076293945,"rate_of_return":0.0}
{"window":{"start":"2022-12-09T13:41:00.000Z","end":"2022-12-09T13:42:00.000Z"},"country":"United Kingdom","OPM":9,"total_sale_volume":331.7200005054474,"rate_of_return":0.1111111111111111}
{"window":{"start":"2022-12-09T03:06:00.000Z","end":"2022-12-09T03:07:00.000Z"},"country":"United Kingdom","OPM":4,"total_sale_volume":344.97000217437744,"rate_of_return":0.0}
{"window":{"start":"2022-12-09T16:44:00.000Z","end":"2022-12-09T16:45:00.000Z"},"country":"France","OPM":1,"total_sale_volume":46.80000305175781,"rate_of_return":0.0}
{"window":{"start":"2022-12-09T17:36:00.000Z","end":"2022-12-09T17:37:00.000Z"},"country":"United Kingdom","OPM":9,"total_sale_volume":332.60999739170074,"rate_of_return":0.1111111111111111}
{"window":{"start":"2022-12-09T22:36:00.000Z","end":"2022-12-09T22:37:00.000Z"},"country":"United Kingdom","OPM":17,"total_sale_volume":1282.7399883270264,"rate_of_return":0.0}
