{"window":{"start":"2022-12-08T21:00:00.000Z","end":"2022-12-08T21:01:00.000Z"},"country":"Sweden","OPM":1,"total_sale_volume":26.55000114440918,"rate_of_return":0.0}
{"window":{"start":"2022-12-09T07:06:00.000Z","end":"2022-12-09T07:07:00.000Z"},"country":"United Kingdom","OPM":6,"total_sale_volume":372.41998291015625,"rate_of_return":0.3333333333333333}
{"window":{"start":"2022-12-08T20:00:00.000Z","end":"2022-12-08T20:01:00.000Z"},"country":"United Kingdom","OPM":15,"total_sale_volume":694.3900016546249,"rate_of_return":0.06666666666666667}
{"window":{"start":"2022-12-09T12:34:00.000Z","end":"2022-12-09T12:35:00.000Z"},"country":"Netherlands","OPM":1,"total_sale_volume":14.050000190734863,"rate_of_return":0.0}
{"window":{"start":"2022-12-08T08:41:00.000Z","end":"2022-12-08T08:42:00.000Z"},"country":"United Kingdom","OPM":7,"total_sale_volume":533.709981918335,"rate_of_return":0.0}
{"window":{"start":"2022-12-09T18:04:00.000Z","end":"2022-12-09T18:05:00.000Z"},"country":"United Kingdom","OPM":13,"total_sale_volume":857.4999904632568,"rate_of_return":0.15384615384615385}
{"window":{"start":"2022-12-09T21:51:00.000Z","end":"2022-12-09T21:52:00.000Z"},"country":"United Kingdom","OPM":16,"total_sale_volume":1055.829999089241,"rate_of_return":0.0625}
{"window":{"start":"2022-12-09T10:10:00.000Z","end":"2022-12-09T10:11:00.000Z"},"country":"United Kingdom","OPM":10,"total_sale_volume":772.2500152587891,"rate_of_return":0.0}
{"window":{"start":"2022-12-09T04:27:00.000Z","end":"2022-12-09T04:28:00.000Z"},"country":"United Kingdom","OPM":5,"total_sale_volume":68.419997215271,"rate_of_return":0.0}
{"window":{"start":"2022-12-08T20:26:00.000Z","end":"2022-12-08T20:27:00.000Z"},"country":"United Kingdom","OPM":8,"total_sale_volume":-40.67999744415283,"rate_of_return":0.125}
{"window":{"start":"2022-12-08T19:04:00.000Z","end":"2022-12-08T19:05:00.000Z"},"country":"Cyprus","OPM":1,"total_sale_volume":-24.0,"rate_of_return":1.0}
{"window":{"start":"2022-12-08T15:01:00.000Z","end":"2022-12-08T15:02:00.000Z"},"country":"United Kingdom","OPM":5,"total_sale_volume":285.30999755859375,"rate_of_return":0.0}
{"window":{"start":"2022-12-08T21:57:00.000Z","end":"2022-12-08T21:58:00.000Z"},"country":"Germany","OPM":1,"total_sale_volume":1.6799999475479126,"rate_of_return":0.0}
{"window":{"start":"2022-12-09T16:11:00.000Z","end":"2022-12-09T16:12:00.000Z"},"country":"United Kingdom","OPM":11,"total_sale_volume":900.7899653911591,"rate_of_return":0.0}
{"window":{"start":"2022-12-08T15:58:00.000Z","end":"2022-12-08T15:59:00.000Z"},"country":"Australia","OPM":1,"total_sale_volume":30.0,"rate_of_return":0.0}
{"window":{"start":"2022-12-09T23:04:00.000Z","end":"2022-12-09T23:05:00.000Z"},"country":"France","OPM":1,"total_sale_volume":-25.049999237060547,"rate_of_return":1.0}
{"window":{"start":"2022-12-09T03:14:00.000Z","end":"2022-12-09T03:15:00.000Z"},"country":"Channel Islands","OPM":1,"total_sale_volume":27.860000610351562,"rate_of_return":0.0}
{"window":{"start":"2022-12-08T19:33:00.000Z","end":"2022-12-08T19:34:00.000Z"},"country":"United Kingdom","OPM":3,"total_sale_volume":127.01999473571777,"rate_of_return":0.0}
{"window":{"start":"2022-12-08T22:25:00.000Z","end":"2022-12-08T22:26:00.000Z"},"country":"Canada","OPM":1,"total_sale_volume":133.3800048828125,"rate_of_return":0.0}
{"window":{"start":"2022-12-09T20:02:00.000Z","end":"2022-12-09T20:03:00.000Z"},"country":"Channel Islands","OPM":1,"total_sale_volume":138.2899932861328,"rate_of_return":0.0}
{"window":{"start":"2022-12-08T18:57:00.000Z","end":"2022-12-08T18:58:00.000Z"},"country":"Channel Islands","OPM":1,"total_sale_volume":14.469999313354492,"rate_of_return":0.0}
{"window":{"start":"2022-12-08T19:35:00.000Z","end":"2022-12-08T19:36:00.000Z"},"country":"EIRE","OPM":2,"total_sale_volume":23.13999843597412,"rate_of_return":0.0}
{"window":{"start":"2022-12-08T20:58:00.000Z","end":"2022-12-08T20:59:00.000Z"},"country":"United Kingdom","OPM":7,"total_sale_volume":673.4399795532227,"rate_of_return":0.0}
{"window":{"start":"2022-12-09T03:39:00.000Z","end":"2022-12-09T03:40:00.000Z"},"country":"France","OPM":1,"total_sale_volume":103.02999877929688,"rate_of_return":0.0}
