{"window":{"start":"2022-12-08T18:17:00.000Z","end":"2022-12-08T18:18:00.000Z"},"country":"United Kingdom","OPM":5,"total_sale_volume":132.26000118255615,"rate_of_return":0.0}
{"window":{"start":"2022-12-09T08:39:00.000Z","end":"2022-12-09T08:40:00.000Z"},"country":"United Kingdom","OPM":12,"total_sale_volume":484.81999665498734,"rate_of_return":0.0}
{"window":{"start":"2022-12-08T08:33:00.000Z","end":"2022-12-08T08:34:00.000Z"},"country":"Portugal","OPM":1,"total_sale_volume":3.75,"rate_of_return":0.0}
{"window":{"start":"2022-12-08T13:04:00.000Z","end":"2022-12-08T13:05:00.000Z"},"country":"Australia","OPM":1,"total_sale_volume":74.55999755859375,"rate_of_return":0.0}
{"window":{"start":"2022-12-09T18:22:00.000Z","end":"2022-12-09T18:23:00.000Z"},"country":"United Kingdom","OPM":8,"total_sale_volume":465.0700035095215,"rate_of_return":0.0}
{"window":{"start":"2022-12-09T10:04:00.000Z","end":"2022-12-09T10:05:00.000Z"},"country":"United Kingdom","OPM":5,"total_sale_volume":171.89000177383423,"rate_of_return":0.0}
{"window":{"start":"2022-12-09T08:25:00.000Z","end":"2022-12-09T08:26:00.000Z"},"country":"Spain","OPM":1,"total_sale_volume":65.23999786376953,"rate_of_return":0.0}
{"window":{"start":"2022-12-09T01:03:00.000Z","end":"2022-12-09T01:04:00.000Z"},"country":"Israel","OPM":1,"total_sale_volume":61.119998931884766,"rate_of_return":0.0}
{"window":{"start":"2022-12-08T21:06:00.000Z","end":"2022-12-08T21:07:00.000Z"},"country":"France","OPM":1,"total_sale_volume":1.25,"rate_of_return":0.0}
{"window":{"start":"2022-12-09T00:40:00.000Z","end":"2022-12-09T00:41:00.000Z"},"country":"United Kingdom","OPM":12,"total_sale_volume":1611.7499952316284,"rate_of_return":0.16666666666666666}
{"window":{"start":"2022-12-08T08:59:00.000Z","end":"2022-12-08T09:00:00.000Z"},"country":"United Kingdom","OPM":6,"total_sale_volume":447.9699897766113,"rate_of_return":0.0}
{"window":{"start":"2022-12-09T09:28:00.000Z","end":"2022-12-09T09:29:00.000Z"},"country":"United Kingdom","OPM":7,"total_sale_volume":329.87999725341797,"rate_of_return":0.0}
{"window":{"start":"2022-12-09T04:45:00.000Z","end":"2022-12-09T04:46:00.000Z"},"country":"Germany","OPM":1,"total_sale_volume":11.199999809265137,"rate_of_return":0.0}
{"window":{"start":"2022-12-09T07:29:00.000Z","end":"2022-12-09T07:30:00.000Z"},"country":"United Kingdom","OPM":7,"total_sale_volume":1006.4199914932251,"rate_of_return":0.0}
{"window":{"start":"2022-12-08T21:56:00.000Z","end":"2022-12-08T21:57:00.000Z"},"country":"United Kingdom","OPM":9,"total_sale_volume":677.499997138977,"rate_of_return":0.1111111111111111}
{"window":{"start":"2022-12-08T18:23:00.000Z","end":"2022-12-08T18:24:00.000Z"},"country":"United Kingdom","OPM":8,"total_sale_volume":1711.7800312042236,"rate_of_return":0.0}
{"window":{"start":"2022-12-08T23:05:00.000Z","end":"2022-12-08T23:06:00.000Z"},"country":"France","OPM":1,"total_sale_volume":8.289999961853027,"rate_of_return":0.0}
{"window":{"start":"2022-12-08T12:55:00.000Z","end":"2022-12-08T12:56:00.000Z"},"country":"Poland","OPM":1,"total_sale_volume":0.8500000238418579,"rate_of_return":0.0}
{"window":{"start":"2022-12-08T19:43:00.000Z","end":"2022-12-08T19:44:00.000Z"},"country":"France","OPM":1,"total_sale_volume":94.87999725341797,"rate_of_return":0.0}
