{"window":{"start":"2022-12-08T23:11:00.000Z","end":"2022-12-08T23:12:00.000Z"},"country":"Denmark","OPM":1,"total_sale_volume":103.13999938964844,"rate_of_return":0.0}
{"window":{"start":"2022-12-08T16:02:00.000Z","end":"2022-12-08T16:03:00.000Z"},"country":"United Kingdom","OPM":11,"total_sale_volume":836.7100048065186,"rate_of_return":0.18181818181818182}
{"window":{"start":"2022-12-08T12:07:00.000Z","end":"2022-12-08T12:08:00.000Z"},"country":"United Kingdom","OPM":8,"total_sale_volume":151.0099984407425,"rate_of_return":0.125}
{"window":{"start":"2022-12-09T20:34:00.000Z","end":"2022-12-09T20:35:00.000Z"},"country":"United Kingdom","OPM":10,"total_sale_volume":2249.5600484609604,"rate_of_return":0.0}
{"window":{"start":"2022-12-08T10:30:00.000Z","end":"2022-12-08T10:31:00.000Z"},"country":"Spain","OPM":1,"total_sale_volume":103.47000122070312,"rate_of_return":0.0}
{"window":{"start":"2022-12-09T07:15:00.000Z","end":"2022-12-09T07:16:00.000Z"},"country":"United Kingdom","OPM":7,"total_sale_volume":235.92999649047852,"rate_of_return":0.14285714285714285}
{"window":{"start":"2022-12-09T14:07:00.000Z","end":"2022-12-09T14:08:00.000Z"},"country":"United Kingdom","OPM":9,"total_sale_volume":229.64000153541565,"rate_of_return":0.2222222222222222}
{"window":{"start":"2022-12-08T16:45:00.000Z","end":"2022-12-08T16:46:00.000Z"},"country":"United Kingdom","OPM":4,"total_sale_volume":392.47999572753906,"rate_of_return":0.0}
{"window":{"start":"2022-12-09T02:34:00.000Z","end":"2022-12-09T02:35:00.000Z"},"country":"United Kingdom","OPM":4,"total_sale_volume":36.489999771118164,"rate_of_return":0.25}
{"window":{"start":"2022-12-09T07:21:00.000Z","end":"2022-12-09T07:22:00.000Z"},"country":"United Kingdom","OPM":12,"total_sale_volume":2880.4700174331665,"rate_of_return":0.08333333333333333}
{"window":{"start":"2022-12-09T01:50:00.000Z","end":"2022-12-09T01:51:00.000Z"},"country":"United Kingdom","OPM":6,"total_sale_volume":134.6699981689453,"rate_of_return":0.0}
{"window":{"start":"2022-12-09T22:35:00.000Z","end":"2022-12-09T22:36:00.000Z"},"country":"Germany","OPM":1,"total_sale_volume":30.0,"rate_of_return":0.0}
{"window":{"start":"2022-12-09T11:35:00.000Z","end":"2022-12-09T11:36:00.000Z"},"country":"EIRE","OPM":1,"total_sale_volume":58.17000198364258,"rate_of_return":0.0}
{"window":{"start":"2022-12-09T06:12:00.000Z","end":"2022-12-09T06:13:00.000Z"},"country":"United Kingdom","OPM":5,"total_sale_volume":81.71000123023987,"rate_of_return":0.2}
{"window":{"start":"2022-12-08T08:32:00.000Z","end":"2022-12-08T08:33:00.000Z"},"country":"Italy","OPM":1,"total_sale_volume":34.5,"rate_of_return":0.0}
{"window":{"start":"2022-12-08T17:12:00.000Z","end":"2022-12-08T17:13:00.000Z"},"country":"United Kingdom","OPM":8,"total_sale_volume":477.78000059723854,"rate_of_return":0.125}
