{"window":{"start":"2022-12-09T10:43:00.000Z","end":"2022-12-09T10:44:00.000Z"},"country":"United Kingdom","OPM":7,"total_sale_volume":324.3999967575073,"rate_of_return":0.14285714285714285}
{"window":{"start":"2022-12-09T21:53:00.000Z","end":"2022-12-09T21:54:00.000Z"},"country":"Germany","OPM":1,"total_sale_volume":48.779998779296875,"rate_of_return":0.0}
{"window":{"start":"2022-12-08T19:23:00.000Z","end":"2022-12-08T19:24:00.000Z"},"country":"United Kingdom","OPM":6,"total_sale_volume":370.5100030899048,"rate_of_return":0.0}
{"window":{"start":"2022-12-09T09:30:00.000Z","end":"2022-12-09T09:31:00.000Z"},"country":"Hong Kong","OPM":1,"total_sale_volume":331.7099914550781,"rate_of_return":0.0}
{"window":{"start":"2022-12-08T22:33:00.000Z","end":"2022-12-08T22:34:00.000Z"},"country":"Czech Republic","OPM":1,"total_sale_volume":42.790000915527344,"rate_of_return":0.0}
{"window":{"start":"2022-12-08T09:23:00.000Z","end":"2022-12-08T09:24:00.000Z"},"country":"United Kingdom","OPM":9,"total_sale_volume":1711.0200080871582,"rate_of_return":0.0}
{"window":{"start":"2022-12-09T17:12:00.000Z","end":"2022-12-09T17:13:00.000Z"},"country":"United Kingdom","OPM":15,"total_sale_volume":1044.83997631073,"rate_of_return":0.13333333333333333}
{"window":{"start":"2022-12-08T11:29:00.000Z","end":"2022-12-08T11:30:00.000Z"},"country":"France","OPM":1,"total_sale_volume":117.55999755859375,"rate_of_return":0.0}
{"window":{"start":"2022-12-08T11:36:00.000Z","end":"2022-12-08T11:37:00.000Z"},"country":"United Kingdom","OPM":10,"total_sale_volume":749.2399950027466,"rate_of_return":0.1}
{"window":{"start":"2022-12-08T21:35:00.000Z","end":"2022-12-08T21:36:00.000Z"},"country":"United Kingdom","OPM":5,"total_sale_volume":594.2100219726562,"rate_of_return":0.2}
{"window":{"start":"2022-12-09T14:28:00.000Z","end":"2022-12-09T14:29:00.000Z"},"country":"United Kingdom","OPM":10,"total_sale_volume":900.2799754142761,"rate_of_return":0.0}
{"window":{"start":"2022-12-09T00:49:00.000Z","end":"2022-12-09T00:50:00.000Z"},"country":"Germany","OPM":1,"total_sale_volume":0.8500000238418579,"rate_of_return":0.0}
{"window":{"start":"2022-12-08T20:37:00.000Z","end":"2022-12-08T20:38:00.000Z"},"country":"Germany","OPM":1,"total_sale_volume":37.709999084472656,"rate_of_return":0.0}
{"window":{"start":"2022-12-09T08:16:00.000Z","end":"2022-12-09T08:17:00.000Z"},"country":"Germany","OPM":1,"total_sale_volume":16.5,"rate_of_return":0.0}
{"window":{"start":"2022-12-09T21:40:00.000Z","end":"2022-12-09T21:41:00.000Z"},"country":"Germany","OPM":1,"total_sale_volume":-3.0399999618530273,"rate_of_return":1.0}
{"window":{"start":"2022-12-09T13:04:00.000Z","end":"2022-12-09T13:05:00.000Z"},"country":"Japan","OPM":1,"total_sale_volume":143.52000427246094,"rate_of_return":0.0}
{"window":{"start":"2022-12-08T18:57:00.000Z","end":"2022-12-08T18:58:00.000Z"},"country":"United Kingdom","OPM":13,"total_sale_volume":762.6699934005737,"rate_of_return":0.07692307692307693}
{"window":{"start":"2022-12-09T03:47:00.000Z","end":"2022-12-09T03:48:00.000Z"},"country":"United Kingdom","OPM":9,"total_sale_volume":572.4600044488907,"rate_of_return":0.0}
{"window":{"start":"2022-12-08T09:21:00.000Z","end":"2022-12-08T09:22:00.000Z"},"country":"United Kingdom","OPM":7,"total_sale_volume":575.1400032043457,"rate_of_return":0.0}
{"window":{"start":"2022-12-09T14:09:00.000Z","end":"2022-12-09T14:10:00.000Z"},"country":"France","OPM":1,"total_sale_volume":36.62999725341797,"rate_of_return":0.0}
{"window":{"start":"2022-12-08T22:36:00.000Z","end":"2022-12-08T22:37:00.000Z"},"country":"United Kingdom","OPM":10,"total_sale_volume":680.1099901199341,"rate_of_return":0.2}
{"window":{"start":"2022-12-08T21:25:00.000Z","end":"2022-12-08T21:26:00.000Z"},"country":"United Kingdom","OPM":10,"total_sale_volume":568.3199882507324,"rate_of_return":0.0}
{"window":{"start":"2022-12-08T20:39:00.000Z","end":"2022-12-08T20:40:00.000Z"},"country":"Germany","OPM":1,"total_sale_volume":20.549999237060547,"rate_of_return":0.0}
{"window":{"start":"2022-12-09T03:00:00.000Z","end":"2022-12-09T03:01:00.000Z"},"country":"United Kingdom","OPM":5,"total_sale_volume":190.50999641418457,"rate_of_return":0.2}
{"window":{"start":"2022-12-08T22:40:00.000Z","end":"2022-12-08T22:41:00.000Z"},"country":"United Kingdom","OPM":11,"total_sale_volume":616.4599914550781,"rate_of_return":0.0}
{"window":{"start":"2022-12-08T11:34:00.000Z","end":"2022-12-08T11:35:00.000Z"},"country":"United Kingdom","OPM":11,"total_sale_volume":709.360020160675,"rate_of_return":0.09090909090909091}
