{"window":{"start":"2022-12-09T10:20:00.000Z","end":"2022-12-09T10:21:00.000Z"},"country":"United Kingdom","OPM":12,"total_sale_volume":2515.9999074935913,"rate_of_return":0.08333333333333333}
{"window":{"start":"2022-12-08T22:31:00.000Z","end":"2022-12-08T22:32:00.000Z"},"country":"United Kingdom","OPM":10,"total_sale_volume":687.2799723148346,"rate_of_return":0.0}
{"window":{"start":"2022-12-09T19:35:00.000Z","end":"2022-12-09T19:36:00.000Z"},"country":"United Kingdom","OPM":5,"total_sale_volume":127.48000049591064,"rate_of_return":0.0}
{"window":{"start":"2022-12-08T13:17:00.000Z","end":"2022-12-08T13:18:00.000Z"},"country":"Netherlands","OPM":1,"total_sale_volume":71.58000183105469,"rate_of_return":0.0}
{"window":{"start":"2022-12-09T00:54:00.000Z","end":"2022-12-09T00:55:00.000Z"},"country":"United Kingdom","OPM":14,"total_sale_volume":828.5899972915649,"rate_of_return":0.07142857142857142}
{"window":{"start":"2022-12-08T08:34:00.000Z","end":"2022-12-08T08:35:00.000Z"},"country":"United Kingdom","OPM":10,"total_sale_volume":592.2900037765503,"rate_of_return":0.0}
{"window":{"start":"2022-12-09T03:37:00.000Z","end":"2022-12-09T03:38:00.000Z"},"country":"United Kingdom","OPM":12,"total_sale_volume":503.34000873565674,"rate_of_return":0.08333333333333333}
{"window":{"start":"2022-12-09T06:06:00.000Z","end":"2022-12-09T06:07:00.000Z"},"country":"United Kingdom","OPM":11,"total_sale_volume":648.1800005435944,"rate_of_return":0.0}
{"window":{"start":"2022-12-09T10:59:00.000Z","end":"2022-12-09T11:00:00.000Z"},"country":"United Kingdom","OPM":5,"total_sale_volume":358.5700043439865,"rate_of_return":0.0}
{"window":{"start":"2022-12-09T19:14:00.000Z","end":"2022-12-09T19:15:00.000Z"},"country":"United Kingdom","OPM":4,"total_sale_volume":342.12000274658203,"rate_of_return":0.0}
{"window":{"start":"2022-12-08T19:09:00.000Z","end":"2022-12-08T19:10:00.000Z"},"country":"United Kingdom","OPM":9,"total_sale_volume":350.05000483989716,"rate_of_return":0.0}
{"window":{"start":"2022-12-09T04:49:00.000Z","end":"2022-12-09T04:50:00.000Z"},"country":"United Kingdom","OPM":10,"total_sale_volume":173.63000297546387,"rate_of_return":0.2}
{"window":{"start":"2022-12-09T07:59:00.000Z","end":"2022-12-09T08:00:00.000Z"},"country":"France","OPM":1,"total_sale_volume":56.26000213623047,"rate_of_return":0.0}
{"window":{"start":"2022-12-09T21:43:00.000Z","end":"2022-12-09T21:44:00.000Z"},"country":"United Kingdom","OPM":5,"total_sale_volume":102.84999695420265,"rate_of_return":0.0}
{"window":{"start":"2022-12-08T14:44:00.000Z","end":"2022-12-08T14:45:00.000Z"},"country":"Netherlands","OPM":1,"total_sale_volume":23.81999969482422,"rate_of_return":0.0}
{"window":{"start":"2022-12-09T06:44:00.000Z","end":"2022-12-09T06:45:00.000Z"},"country":"Germany","OPM":1,"total_sale_volume":2.5500001907348633,"rate_of_return":0.0}
{"window":{"start":"2022-12-09T22:23:00.000Z","end":"2022-12-09T22:24:00.000Z"},"country":"United Kingdom","OPM":14,"total_sale_volume":582.3699917793274,"rate_of_return":0.0}
{"window":{"start":"2022-12-08T14:19:00.000Z","end":"2022-12-08T14:20:00.000Z"},"country":"Portugal","OPM":1,"total_sale_volume":24.950000762939453,"rate_of_return":0.0}
{"window":{"start":"2022-12-08T16:41:00.000Z","end":"2022-12-08T16:42:00.000Z"},"country":"United Kingdom","OPM":9,"total_sale_volume":1023.9899802207947,"rate_of_return":0.0}
{"window":{"start":"2022-12-09T18:30:00.000Z","end":"2022-12-09T18:31:00.000Z"},"country":"France","OPM":1,"total_sale_volume":100.30999755859375,"rate_of_return":0.0}
