{"window":{"start":"2022-12-08T16:12:00.000Z","end":"2022-12-08T16:13:00.000Z"},"country":"United Kingdom","OPM":5,"total_sale_volume":201.46000289916992,"rate_of_return":0.0}
{"window":{"start":"2022-12-09T23:17:00.000Z","end":"2022-12-09T23:18:00.000Z"},"country":"United Kingdom","OPM":11,"total_sale_volume":1133.4400186538696,"rate_of_return":0.0}
{"window":{"start":"2022-12-09T01:13:00.000Z","end":"2022-12-09T01:14:00.000Z"},"country":"United Kingdom","OPM":6,"total_sale_volume":290.9200105667114,"rate_of_return":0.0}
{"window":{"start":"2022-12-09T09:37:00.000Z","end":"2022-12-09T09:38:00.000Z"},"country":"United Kingdom","OPM":14,"total_sale_volume":1911.390006661415,"rate_of_return":0.0}
{"window":{"start":"2022-12-08T23:14:00.000Z","end":"2022-12-08T23:15:00.000Z"},"country":"Germany","OPM":1,"total_sale_volume":15.210000038146973,"rate_of_return":0.0}
{"window":{"start":"2022-12-08T20:24:00.000Z","end":"2022-12-08T20:25:00.000Z"},"country":"Spain","OPM":1,"total_sale_volume":96.31999969482422,"rate_of_return":0.0}
{"window":{"start":"2022-12-09T18:06:00.000Z","end":"2022-12-09T18:07:00.000Z"},"country":"France","OPM":1,"total_sale_volume":6.630000114440918,"rate_of_return":0.0}
{"window":{"start":"2022-12-08T14:07:00.000Z","end":"2022-12-08T14:08:00.000Z"},"country":"Netherlands","OPM":1,"total_sale_volume":-2.549999952316284,"rate_of_return":1.0}
{"window":{"start":"2022-12-08T14:31:00.000Z","end":"2022-12-08T14:32:00.000Z"},"country":"Germany","OPM":1,"total_sale_volume":1.659999966621399,"rate_of_return":0.0}
{"window":{"start":"2022-12-08T15:04:00.000Z","end":"2022-12-08T15:05:00.000Z"},"country":"Portugal","OPM":1,"total_sale_volume":2.7899999618530273,"rate_of_return":0.0}
{"window":{"start":"2022-12-09T17:36:00.000Z","end":"2022-12-09T17:37:00.000Z"},"country":"Unspecified","OPM":1,"total_sale_volume":29.17999839782715,"rate_of_return":0.0}
{"window":{"start":"2022-12-08T20:35:00.000Z","end":"2022-12-08T20:36:00.000Z"},"country":"United Kingdom","OPM":10,"total_sale_volume":930.1399836540222,"rate_of_return":0.0}
{"window":{"start":"2022-12-09T03:54:00.000Z","end":"2022-12-09T03:55:00.000Z"},"country":"United Kingdom","OPM":7,"total_sale_volume":193.66000127792358,"rate_of_return":0.14285714285714285}
{"window":{"start":"2022-12-09T07:04:00.000Z","end":"2022-12-09T07:05:00.000Z"},"country":"Israel","OPM":1,"total_sale_volume":287.4700012207031,"rate_of_return":0.0}
{"window":{"start":"2022-12-09T02:06:00.000Z","end":"2022-12-09T02:07:00.000Z"},"country":"United Kingdom","OPM":10,"total_sale_volume":612.669997215271,"rate_of_return":0.0}
{"window":{"start":"2022-12-09T04:43:00.000Z","end":"2022-12-09T04:44:00.000Z"},"country":"Germany","OPM":1,"total_sale_volume":45.90999984741211,"rate_of_return":0.0}
{"window":{"start":"2022-12-09T08:36:00.000Z","end":"2022-12-09T08:37:00.000Z"},"country":"Australia","OPM":1,"total_sale_volume":5.949999809265137,"rate_of_return":0.0}
{"window":{"start":"2022-12-08T17:53:00.000Z","end":"2022-12-08T17:54:00.000Z"},"country":"Finland","OPM":1,"total_sale_volume":433.6999816894531,"rate_of_return":0.0}
{"window":{"start":"2022-12-08T18:03:00.000Z","end":"2022-12-08T18:04:00.000Z"},"country":"Cyprus","OPM":1,"total_sale_volume":193.97000122070312,"rate_of_return":0.0}
{"window":{"start":"2022-12-08T21:40:00.000Z","end":"2022-12-08T21:41:00.000Z"},"country":"Belgium","OPM":1,"total_sale_volume":2.0999999046325684,"rate_of_return":0.0}
