{"window":{"start":"2022-12-09T21:20:00.000Z","end":"2022-12-09T21:21:00.000Z"},"country":"United Kingdom","OPM":13,"total_sale_volume":842.3299899101257,"rate_of_return":0.0}
{"window":{"start":"2022-12-09T15:06:00.000Z","end":"2022-12-09T15:07:00.000Z"},"country":"United Kingdom","OPM":8,"total_sale_volume":384.9900007247925,"rate_of_return":0.125}
{"window":{"start":"2022-12-09T05:56:00.000Z","end":"2022-12-09T05:57:00.000Z"},"country":"United Kingdom","OPM":8,"total_sale_volume":942.2299795150757,"rate_of_return":0.0}
{"window":{"start":"2022-12-09T02:02:00.000Z","end":"2022-12-09T02:03:00.000Z"},"country":"Germany","OPM":1,"total_sale_volume":25.260000228881836,"rate_of_return":0.0}
{"window":{"start":"2022-12-08T09:11:00.000Z","end":"2022-12-08T09:12:00.000Z"},"country":"Cyprus","OPM":1,"total_sale_volume":151.27999877929688,"rate_of_return":0.0}
{"window":{"start":"2022-12-08T17:13:00.000Z","end":"2022-12-08T17:14:00.000Z"},"country":"United Kingdom","OPM":8,"total_sale_volume":434.3400008678436,"rate_of_return":0.125}
{"window":{"start":"2022-12-09T18:01:00.000Z","end":"2022-12-09T18:02:00.000Z"},"country":"EIRE","OPM":1,"total_sale_volume":105.54999542236328,"rate_of_return":0.0}
{"window":{"start":"2022-12-09T22:55:00.000Z","end":"2022-12-09T22:56:00.000Z"},"country":"United Kingdom","OPM":11,"total_sale_volume":2923.0100107192993,"rate_of_return":0.0}
{"window":{"start":"2022-12-09T09:12:00.000Z","end":"2022-12-09T09:13:00.000Z"},"country":"Germany","OPM":1,"total_sale_volume":19.799999237060547,"rate_of_return":0.0}
{"window":{"start":"2022-12-08T17:26:00.000Z","end":"2022-12-08T17:27:00.000Z"},"country":"Germany","OPM":1,"total_sale_volume":65.62000274658203,"rate_of_return":0.0}
{"window":{"start":"2022-12-08T11:22:00.000Z","end":"2022-12-08T11:23:00.000Z"},"country":"Switzerland","OPM":1,"total_sale_volume":115.29999542236328,"rate_of_return":0.0}
{"window":{"start":"2022-12-09T12:52:00.000Z","end":"2022-12-09T12:53:00.000Z"},"country":"United Kingdom","OPM":8,"total_sale_volume":328.7699890136719,"rate_of_return":0.0}
{"window":{"start":"2022-12-08T22:59:00.000Z","end":"2022-12-08T23:00:00.000Z"},"country":"Germany","OPM":1,"total_sale_volume":21.299999237060547,"rate_of_return":0.0}
{"window":{"start":"2022-12-09T21:17:00.000Z","end":"2022-12-09T21:18:00.000Z"},"country":"United Kingdom","OPM":10,"total_sale_volume":225.6600040793419,"rate_of_return":0.0}
{"window":{"start":"2022-12-09T18:03:00.000Z","end":"2022-12-09T18:04:00.000Z"},"country":"EIRE","OPM":1,"total_sale_volume":35.07999801635742,"rate_of_return":0.0}
{"window":{"start":"2022-12-09T12:01:00.000Z","end":"2022-12-09T12:02:00.000Z"},"country":"United Kingdom","OPM":10,"total_sale_volume":660.9999814033508,"rate_of_return":0.0}
{"window":{"start":"2022-12-09T06:45:00.000Z","end":"2022-12-09T06:46:00.000Z"},"country":"United Kingdom","OPM":15,"total_sale_volume":2250.480016708374,"rate_of_return":0.0}
{"window":{"start":"2022-12-08T18:49:00.000Z","end":"2022-12-08T18:50:00.000Z"},"country":"United Kingdom","OPM":5,"total_sale_volume":297.67000380158424,"rate_of_return":0.0}
{"window":{"start":"2022-12-08T14:48:00.000Z","end":"2022-12-08T14:49:00.000Z"},"country":"United Kingdom","OPM":7,"total_sale_volume":379.55999088287354,"rate_of_return":0.0}
{"window":{"start":"2022-12-09T07:53:00.000Z","end":"2022-12-09T07:54:00.000Z"},"country":"United Kingdom","OPM":13,"total_sale_volume":864.5699787139893,"rate_of_return":0.0}
{"window":{"start":"2022-12-08T19:14:00.000Z","end":"2022-12-08T19:15:00.000Z"},"country":"Germany","OPM":1,"total_sale_volume":-74.0,"rate_of_return":1.0}
{"window":{"start":"2022-12-09T18:41:00.000Z","end":"2022-12-09T18:42:00.000Z"},"country":"United Kingdom","OPM":7,"total_sale_volume":504.2199983596802,"rate_of_return":0.0}
