{"window":{"start":"2022-12-08T13:30:00.000Z","end":"2022-12-08T13:31:00.000Z"},"country":"United Kingdom","OPM":7,"total_sale_volume":201.6500120162964,"rate_of_return":0.2857142857142857}
{"window":{"start":"2022-12-09T16:31:00.000Z","end":"2022-12-09T16:32:00.000Z"},"country":"United Kingdom","OPM":8,"total_sale_volume":403.42999935150146,"rate_of_return":0.125}
{"window":{"start":"2022-12-09T02:07:00.000Z","end":"2022-12-09T02:08:00.000Z"},"country":"France","OPM":1,"total_sale_volume":38.25,"rate_of_return":0.0}
{"window":{"start":"2022-12-09T00:05:00.000Z","end":"2022-12-09T00:06:00.000Z"},"country":"United Kingdom","OPM":4,"total_sale_volume":164.47999787330627,"rate_of_return":0.0}
{"window":{"start":"2022-12-09T20:52:00.000Z","end":"2022-12-09T20:53:00.000Z"},"country":"France","OPM":1,"total_sale_volume":23.149999618530273,"rate_of_return":0.0}
{"window":{"start":"2022-12-08T21:19:00.000Z","end":"2022-12-08T21:20:00.000Z"},"country":"United Kingdom","OPM":8,"total_sale_volume":216.03999614715576,"rate_of_return":0.0}
{"window":{"start":"2022-12-09T11:55:00.000Z","end":"2022-12-09T11:56:00.000Z"},"country":"United Kingdom","OPM":7,"total_sale_volume":206.5999994277954,"rate_of_return":0.14285714285714285}
{"window":{"start":"2022-12-09T17:19:00.000Z","end":"2022-12-09T17:20:00.000Z"},"country":"France","OPM":1,"total_sale_volume":34.349998474121094,"rate_of_return":0.0}
{"window":{"start":"2022-12-08T10:06:00.000Z","end":"2022-12-08T10:07:00.000Z"},"country":"United Kingdom","OPM":8,"total_sale_volume":846.7699680328369,"rate_of_return":0.0}
{"window":{"start":"2022-12-08T15:34:00.000Z","end":"2022-12-08T15:35:00.000Z"},"country":"Spain","OPM":1,"total_sale_volume":15.299999237060547,"rate_of_return":0.0}
{"window":{"start":"2022-12-08T10:21:00.000Z","end":"2022-12-08T10:22:00.000Z"},"country":"United Kingdom","OPM":10,"total_sale_volume":559.6100021600723,"rate_of_return":0.2}
{"window":{"start":"2022-12-09T05:37:00.000Z","end":"2022-12-09T05:38:00.000Z"},"country":"Netherlands","OPM":1,"total_sale_volume":41.029998779296875,"rate_of_return":0.0}
{"window":{"start":"2022-12-08T11:28:00.000Z","end":"2022-12-08T11:29:00.000Z"},"country":"EIRE","OPM":1,"total_sale_volume":2.950000047683716,"rate_of_return":0.0}
{"window":{"start":"2022-12-09T10:14:00.000Z","end":"2022-12-09T10:15:00.000Z"},"country":"United Kingdom","OPM":8,"total_sale_volume":142.05999553203583,"rate_of_return":0.125}
{"window":{"start":"2022-12-08T13:19:00.000Z","end":"2022-12-08T13:20:00.000Z"},"country":"United Kingdom","OPM":7,"total_sale_volume":270.15999698638916,"rate_of_return":0.0}
{"window":{"start":"2022-12-09T13:21:00.000Z","end":"2022-12-09T13:22:00.000Z"},"country":"Sweden","OPM":1,"total_sale_volume":62.18000030517578,"rate_of_return":0.0}
{"window":{"start":"2022-12-09T16:57:00.000Z","end":"2022-12-09T16:58:00.000Z"},"country":"Hong Kong","OPM":1,"total_sale_volume":123.70999908447266,"rate_of_return":0.0}
{"window":{"start":"2022-12-09T11:53:00.000Z","end":"2022-12-09T11:54:00.000Z"},"country":"United Kingdom","OPM":10,"total_sale_volume":-134.84999811649323,"rate_of_return":0.1}
{"window":{"start":"2022-12-09T11:39:00.000Z","end":"2022-12-09T11:40:00.000Z"},"country":"Germany","OPM":1,"total_sale_volume":8.920000076293945,"rate_of_return":0.0}
{"window":{"start":"2022-12-08T16:49:00.000Z","end":"2022-12-08T16:50:00.000Z"},"country":"United Kingdom","OPM":4,"total_sale_volume":332.1999969482422,"rate_of_return":0.0}
{"window":{"start":"2022-12-09T12:57:00.000Z","end":"2022-12-09T12:58:00.000Z"},"country":"United Kingdom","OPM":9,"total_sale_volume":497.2400059700012,"rate_of_return":0.0}
{"window":{"start":"2022-12-08T23:17:00.000Z","end":"2022-12-08T23:18:00.000Z"},"country":"United Kingdom","OPM":12,"total_sale_volume":520.0399907827377,"rate_of_return":0.0}
{"window":{"start":"2022-12-08T12:22:00.000Z","end":"2022-12-08T12:23:00.000Z"},"country":"United Kingdom","OPM":14,"total_sale_volume":-76.51997947692871,"rate_of_return":0.14285714285714285}
{"window":{"start":"2022-12-09T16:03:00.000Z","end":"2022-12-09T16:04:00.000Z"},"country":"United Kingdom","OPM":6,"total_sale_volume":222.47999954223633,"rate_of_return":0.0}
