{"window":{"start":"2022-12-09T04:50:00.000Z","end":"2022-12-09T04:51:00.000Z"},"country":"Netherlands","OPM":1,"total_sale_volume":2.5,"rate_of_return":0.0}
{"window":{"start":"2022-12-09T23:03:00.000Z","end":"2022-12-09T23:04:00.000Z"},"country":"United Kingdom","OPM":14,"total_sale_volume":509.8799922466278,"rate_of_return":0.0}
{"window":{"start":"2022-12-09T23:43:00.000Z","end":"2022-12-09T23:44:00.000Z"},"country":"United Kingdom","OPM":8,"total_sale_volume":345.23998761177063,"rate_of_return":0.0}
{"window":{"start":"2022-12-08T11:30:00.000Z","end":"2022-12-08T11:31:00.000Z"},"country":"United Kingdom","OPM":11,"total_sale_volume":1702.6799548268318,"rate_of_return":0.09090909090909091}
{"window":{"start":"2022-12-09T05:23:00.000Z","end":"2022-12-09T05:24:00.000Z"},"country":"United Kingdom","OPM":15,"total_sale_volume":2211.309952378273,"rate_of_return":0.0}
{"window":{"start":"2022-12-08T12:50:00.000Z","end":"2022-12-08T12:51:00.000Z"},"country":"Unspecified","OPM":1,"total_sale_volume":22.25,"rate_of_return":0.0}
{"window":{"start":"2022-12-09T03:59:00.000Z","end":"2022-12-09T04:00:00.000Z"},"country":"EIRE","OPM":1,"total_sale_volume":286.79998779296875,"rate_of_return":0.0}
{"window":{"start":"2022-12-09T05:54:00.000Z","end":"2022-12-09T05:55:00.000Z"},"country":"United Kingdom","OPM":6,"total_sale_volume":618.140016078949,"rate_of_return":0.16666666666666666}
{"window":{"start":"2022-12-08T16:01:00.000Z","end":"2022-12-08T16:02:00.000Z"},"country":"Norway","OPM":1,"total_sale_volume":89.0999984741211,"rate_of_return":0.0}
{"window":{"start":"2022-12-09T02:39:00.000Z","end":"2022-12-09T02:40:00.000Z"},"country":"EIRE","OPM":1,"total_sale_volume":169.8199920654297,"rate_of_return":0.0}
{"window":{"start":"2022-12-09T04:35:00.000Z","end":"2022-12-09T04:36:00.000Z"},"country":"EIRE","OPM":1,"total_sale_volume":47.25,"rate_of_return":0.0}
{"window":{"start":"2022-12-09T09:12:00.000Z","end":"2022-12-09T09:13:00.000Z"},"country":"Israel","OPM":1,"total_sale_volume":250.2899932861328,"rate_of_return":0.0}
{"window":{"start":"2022-12-08T18:20:00.000Z","end":"2022-12-08T18:21:00.000Z"},"country":"United Kingdom","OPM":11,"total_sale_volume":4307.860102891922,"rate_of_return":0.09090909090909091}
{"window":{"start":"2022-12-08T19:24:00.000Z","end":"2022-12-08T19:25:00.000Z"},"country":"United Kingdom","OPM":6,"total_sale_volume":453.21999168395996,"rate_of_return":0.0}
{"window":{"start":"2022-12-08T12:58:00.000Z","end":"2022-12-08T12:59:00.000Z"},"country":"United Kingdom","OPM":9,"total_sale_volume":742.6500082015991,"rate_of_return":0.0}
{"window":{"start":"2022-12-09T00:20:00.000Z","end":"2022-12-09T00:21:00.000Z"},"country":"United Kingdom","OPM":8,"total_sale_volume":172.2799994945526,"rate_of_return":0.125}
{"window":{"start":"2022-12-09T21:44:00.000Z","end":"2022-12-09T21:45:00.000Z"},"country":"United Kingdom","OPM":4,"total_sale_volume":220.06999588012695,"rate_of_return":0.0}
