{"window":{"start":"2022-12-09T13:41:00.000Z","end":"2022-12-09T13:42:00.000Z"},"country":"France","OPM":1,"total_sale_volume":270.1300048828125,"rate_of_return":0.0}
{"window":{"start":"2022-12-08T19:30:00.000Z","end":"2022-12-08T19:31:00.000Z"},"country":"Norway","OPM":1,"total_sale_volume":234.27999877929688,"rate_of_return":0.0}
{"window":{"start":"2022-12-09T21:15:00.000Z","end":"2022-12-09T21:16:00.000Z"},"country":"Australia","OPM":1,"total_sale_volume":44.540000915527344,"rate_of_return":0.0}
{"window":{"start":"2022-12-08T18:07:00.000Z","end":"2022-12-08T18:08:00.000Z"},"country":"Israel","OPM":1,"total_sale_volume":45.36000061035156,"rate_of_return":0.0}
{"window":{"start":"2022-12-09T08:40:00.000Z","end":"2022-12-09T08:41:00.000Z"},"country":"United Kingdom","OPM":12,"total_sale_volume":526.0300035476685,"rate_of_return":0.0}
{"window":{"start":"2022-12-08T19:41:00.000Z","end":"2022-12-08T19:42:00.000Z"},"country":"United Kingdom","OPM":12,"total_sale_volume":897.5499925613403,"rate_of_return":0.0}
{"window":{"start":"2022-12-08T11:53:00.000Z","end":"2022-12-08T11:54:00.000Z"},"country":"United Kingdom","OPM":10,"total_sale_volume":270.46000027656555,"rate_of_return":0.0}
{"window":{"start":"2022-12-09T00:32:00.000Z","end":"2022-12-09T00:33:00.000Z"},"country":"United Kingdom","OPM":11,"total_sale_volume":309.21000277996063,"rate_of_return":0.0}
{"window":{"start":"2022-12-08T16:37:00.000Z","end":"2022-12-08T16:38:00.000Z"},"country":"United Kingdom","OPM":8,"total_sale_volume":461.9799990952015,"rate_of_return":0.0}
{"window":{"start":"2022-12-09T15:21:00.000Z","end":"2022-12-09T15:22:00.000Z"},"country":"United Kingdom","OPM":13,"total_sale_volume":611.4599964618683,"rate_of_return":0.0}
{"window":{"start":"2022-12-08T21:04:00.000Z","end":"2022-12-08T21:05:00.000Z"},"country":"United Kingdom","OPM":10,"total_sale_volume":614.5999975204468,"rate_of_return":0.1}
{"window":{"start":"2022-12-09T05:35:00.000Z","end":"2022-12-09T05:36:00.000Z"},"country":"United Kingdom","OPM":8,"total_sale_volume":511.6399954557419,"rate_of_return":0.0}
{"window":{"start":"2022-12-09T17:07:00.000Z","end":"2022-12-09T17:08:00.000Z"},"country":"France","OPM":1,"total_sale_volume":19.3799991607666,"rate_of_return":0.0}
{"window":{"start":"2022-12-08T17:24:00.000Z","end":"2022-12-08T17:25:00.000Z"},"country":"Greece","OPM":1,"total_sale_volume":136.4199981689453,"rate_of_return":0.0}
{"window":{"start":"2022-12-09T00:36:00.000Z","end":"2022-12-09T00:37:00.000Z"},"country":"United Kingdom","OPM":10,"total_sale_volume":611.4400129318237,"rate_of_return":0.0}
{"window":{"start":"2022-12-08T12:49:00.000Z","end":"2022-12-08T12:50:00.000Z"},"country":"United Kingdom","OPM":8,"total_sale_volume":582.2399818897247,"rate_of_return":0.0}
{"window":{"start":"2022-12-09T21:07:00.000Z","end":"2022-12-09T21:08:00.000Z"},"country":"United Kingdom","OPM":12,"total_sale_volume":497.2500014305115,"rate_of_return":0.08333333333333333}
{"window":{"start":"2022-12-09T01:08:00.000Z","end":"2022-12-09T01:09:00.000Z"},"country":"Germany","OPM":1,"total_sale_volume":183.27000427246094,"rate_of_return":0.0}
{"window":{"start":"2022-12-09T04:50:00.000Z","end":"2022-12-09T04:51:00.000Z"},"country":"United Kingdom","OPM":15,"total_sale_volume":829.0600093603134,"rate_of_return":0.0}
{"window":{"start":"2022-12-09T02:30:00.000Z","end":"2022-12-09T02:31:00.000Z"},"country":"France","OPM":1,"total_sale_volume":80.61000061035156,"rate_of_return":0.0}
{"window":{"start":"2022-12-09T23:18:00.000Z","end":"2022-12-09T23:19:00.000Z"},"country":"Germany","OPM":1,"total_sale_volume":43.68000030517578,"rate_of_return":0.0}
{"window":{"start":"2022-12-09T22:52:00.000Z","end":"2022-12-09T22:53:00.000Z"},"country":"United Kingdom","OPM":6,"total_sale_volume":172.12000370025635,"rate_of_return":0.0}
{"window":{"start":"2022-12-08T17:42:00.000Z","end":"2022-12-08T17:43:00.000Z"},"country":"United Kingdom","OPM":7,"total_sale_volume":590.3700065612793,"rate_of_return":0.0}
{"window":{"start":"2022-12-08T10:56:00.000Z","end":"2022-12-08T10:57:00.000Z"},"country":"Netherlands","OPM":2,"total_sale_volume":91.29000091552734,"rate_of_return":0.0}
{"window":{"start":"2022-12-09T00:04:00.000Z","end":"2022-12-09T00:05:00.000Z"},"country":"United Kingdom","OPM":14,"total_sale_volume":303.1800022125244,"rate_of_return":0.07142857142857142}
{"window":{"start":"2022-12-09T22:51:00.000Z","end":"2022-12-09T22:52:00.000Z"},"country":"United Kingdom","OPM":10,"total_sale_volume":723.4400081634521,"rate_of_return":0.0}
{"window":{"start":"2022-12-09T05:09:00.000Z","end":"2022-12-09T05:10:00.000Z"},"country":"United Kingdom","OPM":11,"total_sale_volume":793.929986000061,"rate_of_return":0.0}
{"window":{"start":"2022-12-09T03:50:00.000Z","end":"2022-12-09T03:51:00.000Z"},"country":"Belgium","OPM":1,"total_sale_volume":2.0799999237060547,"rate_of_return":0.0}
{"window":{"start":"2022-12-08T11:39:00.000Z","end":"2022-12-08T11:40:00.000Z"},"country":"Portugal","OPM":1,"total_sale_volume":34.5,"rate_of_return":0.0}
{"window":{"start":"2022-12-08T19:01:00.000Z","end":"2022-12-08T19:02:00.000Z"},"country":"United Kingdom","OPM":12,"total_sale_volume":1125.1200153827667,"rate_of_return":0.0}
{"window":{"start":"2022-12-09T20:10:00.000Z","end":"2022-12-09T20:11:00.000Z"},"country":"Spain","OPM":1,"total_sale_volume":9.950000762939453,"rate_of_return":0.0}
