{"window":{"start":"2022-12-09T06:57:00.000Z","end":"2022-12-09T06:58:00.000Z"},"country":"France","OPM":1,"total_sale_volume":97.19000244140625,"rate_of_return":0.0}
{"window":{"start":"2022-12-08T16:28:00.000Z","end":"2022-12-08T16:29:00.000Z"},"country":"United Kingdom","OPM":10,"total_sale_volume":383.22000074386597,"rate_of_return":0.1}
{"window":{"start":"2022-12-09T17:02:00.000Z","end":"2022-12-09T17:03:00.000Z"},"country":"Germany","OPM":1,"total_sale_volume":27.479999542236328,"rate_of_return":0.0}
{"window":{"start":"2022-12-08T19:40:00.000Z","end":"2022-12-08T19:41:00.000Z"},"country":"France","OPM":1,"total_sale_volume":39.150001525878906,"rate_of_return":0.0}
{"window":{"start":"2022-12-09T02:16:00.000Z","end":"2022-12-09T02:17:00.000Z"},"country":"United Kingdom","OPM":11,"total_sale_volume":865.9200372695923,"rate_of_return":0.0}
{"window":{"start":"2022-12-09T04:58:00.000Z","end":"2022-12-09T04:59:00.000Z"},"country":"United Kingdom","OPM":2,"total_sale_volume":74.64999866485596,"rate_of_return":0.0}
{"window":{"start":"2022-12-09T22:13:00.000Z","end":"2022-12-09T22:14:00.000Z"},"country":"EIRE","OPM":1,"total_sale_volume":13.6899995803833,"rate_of_return":0.0}
{"window":{"start":"2022-12-09T14:41:00.000Z","end":"2022-12-09T14:42:00.000Z"},"country":"United Kingdom","OPM":13,"total_sale_volume":1520.6500461101532,"rate_of_return":0.0}
{"window":{"start":"2022-12-09T22:22:00.000Z","end":"2022-12-09T22:23:00.000Z"},"country":"United Kingdom","OPM":5,"total_sale_volume":234.91000080108643,"rate_of_return":0.0}
{"window":{"start":"2022-12-08T13:28:00.000Z","end":"2022-12-08T13:29:00.000Z"},"country":"United Kingdom","OPM":11,"total_sale_volume":693.8399925231934,"rate_of_return":0.0}
{"window":{"start":"2022-12-09T20:49:00.000Z","end":"2022-12-09T20:50:00.000Z"},"country":"EIRE","OPM":1,"total_sale_volume":37.5,"rate_of_return":0.0}
{"window":{"start":"2022-12-09T18:21:00.000Z","end":"2022-12-09T18:22:00.000Z"},"country":"United Kingdom","OPM":11,"total_sale_volume":515.2999906539917,"rate_of_return":0.0}
{"window":{"start":"2022-12-09T00:13:00.000Z","end":"2022-12-09T00:14:00.000Z"},"country":"United Kingdom","OPM":4,"total_sale_volume":705.6000118255615,"rate_of_return":0.0}
{"window":{"start":"2022-12-08T16:09:00.000Z","end":"2022-12-08T16:10:00.000Z"},"country":"United Kingdom","OPM":9,"total_sale_volume":445.71000814437866,"rate_of_return":0.1111111111111111}
{"window":{"start":"2022-12-09T20:50:00.000Z","end":"2022-12-09T20:51:00.000Z"},"country":"United Kingdom","OPM":13,"total_sale_volume":675.3999943733215,"rate_of_return":0.0}
{"window":{"start":"2022-12-09T03:45:00.000Z","end":"2022-12-09T03:46:00.000Z"},"country":"United Kingdom","OPM":10,"total_sale_volume":685.8599994182587,"rate_of_return":0.0}
{"window":{"start":"2022-12-09T11:00:00.000Z","end":"2022-12-09T11:01:00.000Z"},"country":"United Kingdom","OPM":6,"total_sale_volume":337.82000827789307,"rate_of_return":0.0}
{"window":{"start":"2022-12-08T15:35:00.000Z","end":"2022-12-08T15:36:00.000Z"},"country":"United Kingdom","OPM":8,"total_sale_volume":290.96999514102936,"rate_of_return":0.125}
{"window":{"start":"2022-12-09T14:18:00.000Z","end":"2022-12-09T14:19:00.000Z"},"country":"United Kingdom","OPM":6,"total_sale_volume":533.0200037956238,"rate_of_return":0.0}
{"window":{"start":"2022-12-08T18:47:00.000Z","end":"2022-12-08T18:48:00.000Z"},"country":"United Kingdom","OPM":13,"total_sale_volume":1177.6599941253662,"rate_of_return":0.0}
{"window":{"start":"2022-12-09T13:35:00.000Z","end":"2022-12-09T13:36:00.000Z"},"country":"United Kingdom","OPM":13,"total_sale_volume":677.2200040817261,"rate_of_return":0.0}
{"window":{"start":"2022-12-08T08:51:00.000Z","end":"2022-12-08T08:52:00.000Z"},"country":"United Kingdom","OPM":7,"total_sale_volume":2043.1899452209473,"rate_of_return":0.0}
{"window":{"start":"2022-12-09T20:08:00.000Z","end":"2022-12-09T20:09:00.000Z"},"country":"United Kingdom","OPM":8,"total_sale_volume":1188.0799942016602,"rate_of_return":0.0}
{"window":{"start":"2022-12-09T08:12:00.000Z","end":"2022-12-09T08:13:00.000Z"},"country":"United Kingdom","OPM":8,"total_sale_volume":364.81000232696533,"rate_of_return":0.125}
{"window":{"start":"2022-12-09T08:15:00.000Z","end":"2022-12-09T08:16:00.000Z"},"country":"United Kingdom","OPM":6,"total_sale_volume":339.939998626709,"rate_of_return":0.0}
