{"window":{"start":"2022-12-09T12:31:00.000Z","end":"2022-12-09T12:32:00.000Z"},"country":"United Kingdom","OPM":16,"total_sale_volume":1209.830007314682,"rate_of_return":0.125}
{"window":{"start":"2022-12-09T19:10:00.000Z","end":"2022-12-09T19:11:00.000Z"},"country":"Germany","OPM":1,"total_sale_volume":35.790000915527344,"rate_of_return":0.0}
{"window":{"start":"2022-12-09T22:01:00.000Z","end":"2022-12-09T22:02:00.000Z"},"country":"Italy","OPM":1,"total_sale_volume":198.5800018310547,"rate_of_return":0.0}
{"window":{"start":"2022-12-09T07:45:00.000Z","end":"2022-12-09T07:46:00.000Z"},"country":"Germany","OPM":1,"total_sale_volume":12.079999923706055,"rate_of_return":0.0}
{"window":{"start":"2022-12-08T12:52:00.000Z","end":"2022-12-08T12:53:00.000Z"},"country":"United Kingdom","OPM":7,"total_sale_volume":222.42999744415283,"rate_of_return":0.0}
{"window":{"start":"2022-12-09T06:42:00.000Z","end":"2022-12-09T06:43:00.000Z"},"country":"United Kingdom","OPM":11,"total_sale_volume":393.47999143600464,"rate_of_return":0.18181818181818182}
{"window":{"start":"2022-12-08T22:16:00.000Z","end":"2022-12-08T22:17:00.000Z"},"country":"Israel","OPM":1,"total_sale_volume":-65.61000061035156,"rate_of_return":1.0}
{"window":{"start":"2022-12-09T09:48:00.000Z","end":"2022-12-09T09:49:00.000Z"},"country":"United Kingdom","OPM":9,"total_sale_volume":924.7100048065186,"rate_of_return":0.0}
{"window":{"start":"2022-12-09T19:02:00.000Z","end":"2022-12-09T19:03:00.000Z"},"country":"United Kingdom","OPM":13,"total_sale_volume":638.0699808597565,"rate_of_return":0.07692307692307693}
{"window":{"start":"2022-12-08T15:49:00.000Z","end":"2022-12-08T15:50:00.000Z"},"country":"United Kingdom","OPM":4,"total_sale_volume":128.52000045776367,"rate_of_return":0.0}
{"window":{"start":"2022-12-09T23:16:00.000Z","end":"2022-12-09T23:17:00.000Z"},"country":"Portugal","OPM":1,"total_sale_volume":27.040000915527344,"rate_of_return":0.0}
{"window":{"start":"2022-12-08T23:44:00.000Z","end":"2022-12-08T23:45:00.000Z"},"country":"Hong Kong","OPM":1,"total_sale_volume":12.699999809265137,"rate_of_return":0.0}
{"window":{"start":"2022-12-09T14:05:00.000Z","end":"2022-12-09T14:06:00.000Z"},"country":"United Kingdom","OPM":4,"total_sale_volume":173.3299998342991,"rate_of_return":0.0}
{"window":{"start":"2022-12-09T08:21:00.000Z","end":"2022-12-09T08:22:00.000Z"},"country":"United Kingdom","OPM":7,"total_sale_volume":500.09000647068024,"rate_of_return":0.0}
{"window":{"start":"2022-12-09T08:42:00.000Z","end":"2022-12-09T08:43:00.000Z"},"country":"Unspecified","OPM":1,"total_sale_volume":11.149999618530273,"rate_of_return":0.0}
{"window":{"start":"2022-12-08T17:48:00.000Z","end":"2022-12-08T17:49:00.000Z"},"country":"Germany","OPM":1,"total_sale_volume":190.0,"rate_of_return":0.0}
{"window":{"start":"2022-12-09T01:50:00.000Z","end":"2022-12-09T01:51:00.000Z"},"country":"Portugal","OPM":1,"total_sale_volume":65.20999908447266,"rate_of_return":0.0}
{"window":{"start":"2022-12-09T02:10:00.000Z","end":"2022-12-09T02:11:00.000Z"},"country":"United Kingdom","OPM":5,"total_sale_volume":263.5200023651123,"rate_of_return":0.0}
{"window":{"start":"2022-12-09T01:49:00.000Z","end":"2022-12-09T01:50:00.000Z"},"country":"United Kingdom","OPM":13,"total_sale_volume":1250.4899940490723,"rate_of_return":0.0}
{"window":{"start":"2022-12-09T17:22:00.000Z","end":"2022-12-09T17:23:00.000Z"},"country":"France","OPM":1,"total_sale_volume":102.4000015258789,"rate_of_return":0.0}
{"window":{"start":"2022-12-08T09:41:00.000Z","end":"2022-12-08T09:42:00.000Z"},"country":"United Kingdom","OPM":11,"total_sale_volume":390.82000637054443,"rate_of_return":0.09090909090909091}
{"window":{"start":"2022-12-08T21:43:00.000Z","end":"2022-12-08T21:44:00.000Z"},"country":"United Kingdom","OPM":6,"total_sale_volume":235.26000261306763,"rate_of_return":0.16666666666666666}
{"window":{"start":"2022-12-09T21:52:00.000Z","end":"2022-12-09T21:53:00.000Z"},"country":"Hong Kong","OPM":1,"total_sale_volume":210.10000610351562,"rate_of_return":0.0}
{"window":{"start":"2022-12-08T14:04:00.000Z","end":"2022-12-08T14:05:00.000Z"},"country":"United Kingdom","OPM":5,"total_sale_volume":391.6499996185303,"rate_of_return":0.0}
{"window":{"start":"2022-12-08T15:57:00.000Z","end":"2022-12-08T15:58:00.000Z"},"country":"France","OPM":1,"total_sale_volume":47.82999801635742,"rate_of_return":0.0}
