{"window":{"start":"2022-12-09T07:12:00.000Z","end":"2022-12-09T07:13:00.000Z"},"country":"France","OPM":1,"total_sale_volume":50.39999771118164,"rate_of_return":0.0}
{"window":{"start":"2022-12-09T11:11:00.000Z","end":"2022-12-09T11:12:00.000Z"},"country":"United Kingdom","OPM":7,"total_sale_volume":419.2800045013428,"rate_of_return":0.0}
{"window":{"start":"2022-12-09T03:48:00.000Z","end":"2022-12-09T03:49:00.000Z"},"country":"Belgium","OPM":1,"total_sale_volume":13.649999618530273,"rate_of_return":0.0}
{"window":{"start":"2022-12-08T18:35:00.000Z","end":"2022-12-08T18:36:00.000Z"},"country":"Netherlands","OPM":1,"total_sale_volume":380.6499938964844,"rate_of_return":0.0}
{"window":{"start":"2022-12-09T15:44:00.000Z","end":"2022-12-09T15:45:00.000Z"},"country":"United Kingdom","OPM":7,"total_sale_volume":904.5399804115295,"rate_of_return":0.14285714285714285}
{"window":{"start":"2022-12-09T08:17:00.000Z","end":"2022-12-09T08:18:00.000Z"},"country":"United Kingdom","OPM":7,"total_sale_volume":501.01000213623047,"rate_of_return":0.0}
{"window":{"start":"2022-12-09T11:20:00.000Z","end":"2022-12-09T11:21:00.000Z"},"country":"United Kingdom","OPM":4,"total_sale_volume":289.84000396728516,"rate_of_return":0.0}
{"window":{"start":"2022-12-08T15:24:00.000Z","end":"2022-12-08T15:25:00.000Z"},"country":"United Kingdom","OPM":12,"total_sale_volume":717.8099973201752,"rate_of_return":0.0}
{"window":{"start":"2022-12-09T15:04:00.000Z","end":"2022-12-09T15:05:00.000Z"},"country":"United Kingdom","OPM":7,"total_sale_volume":507.20000076293945,"rate_of_return":0.0}
{"window":{"start":"2022-12-09T00:03:00.000Z","end":"2022-12-09T00:04:00.000Z"},"country":"United Kingdom","OPM":3,"total_sale_volume":110.48999977111816,"rate_of_return":0.0}
{"window":{"start":"2022-12-09T14:07:00.000Z","end":"2022-12-09T14:08:00.000Z"},"country":"Cyprus","OPM":1,"total_sale_volume":14.5,"rate_of_return":0.0}
{"window":{"start":"2022-12-08T21:47:00.000Z","end":"2022-12-08T21:48:00.000Z"},"country":"United Kingdom","OPM":10,"total_sale_volume":270.7000024318695,"rate_of_return":0.1}
{"window":{"start":"2022-12-09T17:05:00.000Z","end":"2022-12-09T17:06:00.000Z"},"country":"United Kingdom","OPM":15,"total_sale_volume":976.1300210952759,"rate_of_return":0.06666666666666667}
{"window":{"start":"2022-12-08T14:42:00.000Z","end":"2022-12-08T14:43:00.000Z"},"country":"EIRE","OPM":1,"total_sale_volume":10.979999542236328,"rate_of_return":0.0}
{"window":{"start":"2022-12-08T21:48:00.000Z","end":"2022-12-08T21:49:00.000Z"},"country":"Portugal","OPM":2,"total_sale_volume":138.44999313354492,"rate_of_return":0.0}
{"window":{"start":"2022-12-09T18:32:00.000Z","end":"2022-12-09T18:33:00.000Z"},"country":"EIRE","OPM":1,"total_sale_volume":101.69000244140625,"rate_of_return":0.0}
{"window":{"start":"2022-12-09T01:45:00.000Z","end":"2022-12-09T01:46:00.000Z"},"country":"EIRE","OPM":1,"total_sale_volume":41.30999755859375,"rate_of_return":0.0}
{"window":{"start":"2022-12-08T15:32:00.000Z","end":"2022-12-08T15:33:00.000Z"},"country":"Japan","OPM":1,"total_sale_volume":65.69999694824219,"rate_of_return":0.0}
{"window":{"start":"2022-12-08T11:17:00.000Z","end":"2022-12-08T11:18:00.000Z"},"country":"United Kingdom","OPM":7,"total_sale_volume":208.97999954223633,"rate_of_return":0.0}
{"window":{"start":"2022-12-09T19:14:00.000Z","end":"2022-12-09T19:15:00.000Z"},"country":"Switzerland","OPM":1,"total_sale_volume":-152.8800048828125,"rate_of_return":1.0}
{"window":{"start":"2022-12-09T20:01:00.000Z","end":"2022-12-09T20:02:00.000Z"},"country":"United Kingdom","OPM":14,"total_sale_volume":639.6299982070923,"rate_of_return":0.07142857142857142}
{"window":{"start":"2022-12-09T21:46:00.000Z","end":"2022-12-09T21:47:00.000Z"},"country":"France","OPM":1,"total_sale_volume":8.5,"rate_of_return":0.0}
{"window":{"start":"2022-12-09T01:18:00.000Z","end":"2022-12-09T01:19:00.000Z"},"country":"United Kingdom","OPM":11,"total_sale_volume":1248.1899995803833,"rate_of_return":0.0}
{"window":{"start":"2022-12-09T04:01:00.000Z","end":"2022-12-09T04:02:00.000Z"},"country":"Netherlands","OPM":1,"total_sale_volume":72.47000122070312,"rate_of_return":0.0}
{"window":{"start":"2022-12-08T14:52:00.000Z","end":"2022-12-08T14:53:00.000Z"},"country":"United Kingdom","OPM":9,"total_sale_volume":1264.6599836349487,"rate_of_return":0.0}
{"window":{"start":"2022-12-09T19:11:00.000Z","end":"2022-12-09T19:12:00.000Z"},"country":"Belgium","OPM":1,"total_sale_volume":13.329999923706055,"rate_of_return":0.0}
{"window":{"start":"2022-12-09T06:52:00.000Z","end":"2022-12-09T06:53:00.000Z"},"country":"United Kingdom","OPM":11,"total_sale_volume":771.1800003051758,"rate_of_return":0.09090909090909091}
{"window":{"start":"2022-12-08T20:21:00.000Z","end":"2022-12-08T20:22:00.000Z"},"country":"United Kingdom","OPM":8,"total_sale_volume":918.749994635582,"rate_of_return":0.0}
