{"window":{"start":"2022-12-08T08:45:00.000Z","end":"2022-12-08T08:46:00.000Z"},"country":"France","OPM":1,"total_sale_volume":6.489999771118164,"rate_of_return":0.0}
{"window":{"start":"2022-12-09T20:54:00.000Z","end":"2022-12-09T20:55:00.000Z"},"country":"Switzerland","OPM":1,"total_sale_volume":0.38999998569488525,"rate_of_return":0.0}
{"window":{"start":"2022-12-09T10:12:00.000Z","end":"2022-12-09T10:13:00.000Z"},"country":"United Kingdom","OPM":6,"total_sale_volume":323.0500068664551,"rate_of_return":0.0}
{"window":{"start":"2022-12-08T10:54:00.000Z","end":"2022-12-08T10:55:00.000Z"},"country":"United Kingdom","OPM":10,"total_sale_volume":488.79999685287476,"rate_of_return":0.0}
{"window":{"start":"2022-12-09T06:55:00.000Z","end":"2022-12-09T06:56:00.000Z"},"country":"EIRE","OPM":1,"total_sale_volume":4.130000114440918,"rate_of_return":0.0}
{"window":{"start":"2022-12-09T01:09:00.000Z","end":"2022-12-09T01:10:00.000Z"},"country":"United Kingdom","OPM":5,"total_sale_volume":536.5299882888794,"rate_of_return":0.0}
{"window":{"start":"2022-12-08T12:48:00.000Z","end":"2022-12-08T12:49:00.000Z"},"country":"United Kingdom","OPM":5,"total_sale_volume":106.77999830245972,"rate_of_return":0.0}
{"window":{"start":"2022-12-08T08:11:00.000Z","end":"2022-12-08T08:12:00.000Z"},"country":"Cyprus","OPM":1,"total_sale_volume":95.0999984741211,"rate_of_return":0.0}
{"window":{"start":"2022-12-08T12:24:00.000Z","end":"2022-12-08T12:25:00.000Z"},"country":"United Kingdom","OPM":19,"total_sale_volume":1117.3799896240234,"rate_of_return":0.10526315789473684}
{"window":{"start":"2022-12-09T13:23:00.000Z","end":"2022-12-09T13:24:00.000Z"},"country":"United Kingdom","OPM":13,"total_sale_volume":914.2500042915344,"rate_of_return":0.07692307692307693}
{"window":{"start":"2022-12-09T18:16:00.000Z","end":"2022-12-09T18:17:00.000Z"},"country":"Switzerland","OPM":1,"total_sale_volume":157.27999877929688,"rate_of_return":0.0}
{"window":{"start":"2022-12-08T13:52:00.000Z","end":"2022-12-08T13:53:00.000Z"},"country":"Netherlands","OPM":1,"total_sale_volume":1.6500000953674316,"rate_of_return":0.0}
{"window":{"start":"2022-12-09T02:07:00.000Z","end":"2022-12-09T02:08:00.000Z"},"country":"EIRE","OPM":2,"total_sale_volume":95.11999893188477,"rate_of_return":0.0}
{"window":{"start":"2022-12-09T00:41:00.000Z","end":"2022-12-09T00:42:00.000Z"},"country":"United Kingdom","OPM":8,"total_sale_volume":506.529993057251,"rate_of_return":0.0}
{"window":{"start":"2022-12-08T16:07:00.000Z","end":"2022-12-08T16:08:00.000Z"},"country":"United Kingdom","OPM":15,"total_sale_volume":423.6299934387207,"rate_of_return":0.06666666666666667}
{"window":{"start":"2022-12-09T16:30:00.000Z","end":"2022-12-09T16:31:00.000Z"},"country":"United Kingdom","OPM":8,"total_sale_volume":268.60000467300415,"rate_of_return":0.125}
{"window":{"start":"2022-12-09T08:51:00.000Z","end":"2022-12-09T08:52:00.000Z"},"country":"United Kingdom","OPM":4,"total_sale_volume":24.430000066757202,"rate_of_return":0.5}
{"window":{"start":"2022-12-08T13:40:00.000Z","end":"2022-12-08T13:41:00.000Z"},"country":"Germany","OPM":1,"total_sale_volume":155.30999755859375,"rate_of_return":0.0}
