{"window":{"start":"2022-12-09T21:33:00.000Z","end":"2022-12-09T21:34:00.000Z"},"country":"France","OPM":1,"total_sale_volume":5.949999809265137,"rate_of_return":0.0}
{"window":{"start":"2022-12-09T15:55:00.000Z","end":"2022-12-09T15:56:00.000Z"},"country":"Germany","OPM":1,"total_sale_volume":2.5500001907348633,"rate_of_return":0.0}
{"window":{"start":"2022-12-08T22:41:00.000Z","end":"2022-12-08T22:42:00.000Z"},"country":"United Kingdom","OPM":8,"total_sale_volume":363.09000396728516,"rate_of_return":0.0}
{"window":{"start":"2022-12-09T18:03:00.000Z","end":"2022-12-09T18:04:00.000Z"},"country":"United Kingdom","OPM":9,"total_sale_volume":316.1100034713745,"rate_of_return":0.0}
{"window":{"start":"2022-12-08T08:35:00.000Z","end":"2022-12-08T08:36:00.000Z"},"country":"Germany","OPM":1,"total_sale_volume":39.599998474121094,"rate_of_return":0.0}
{"window":{"start":"2022-12-09T07:20:00.000Z","end":"2022-12-09T07:21:00.000Z"},"country":"Poland","OPM":1,"total_sale_volume":6.75,"rate_of_return":0.0}
{"window":{"start":"2022-12-09T23:05:00.000Z","end":"2022-12-09T23:06:00.000Z"},"country":"Germany","OPM":1,"total_sale_volume":47.72999954223633,"rate_of_return":0.0}
{"window":{"start":"2022-12-09T19:22:00.000Z","end":"2022-12-09T19:23:00.000Z"},"country":"Spain","OPM":1,"total_sale_volume":-4.949999809265137,"rate_of_return":1.0}
{"window":{"start":"2022-12-08T22:37:00.000Z","end":"2022-12-08T22:38:00.000Z"},"country":"United Kingdom","OPM":14,"total_sale_volume":628.8199965953827,"rate_of_return":0.0}
{"window":{"start":"2022-12-08T16:35:00.000Z","end":"2022-12-08T16:36:00.000Z"},"country":"United Kingdom","OPM":6,"total_sale_volume":151.24000364542007,"rate_of_return":0.0}
{"window":{"start":"2022-12-09T04:33:00.000Z","end":"2022-12-09T04:34:00.000Z"},"country":"United Kingdom","OPM":11,"total_sale_volume":671.1799945831299,"rate_of_return":0.09090909090909091}
{"window":{"start":"2022-12-09T23:13:00.000Z","end":"2022-12-09T23:14:00.000Z"},"country":"United Kingdom","OPM":5,"total_sale_volume":392.5799903869629,"rate_of_return":0.0}
{"window":{"start":"2022-12-08T11:03:00.000Z","end":"2022-12-08T11:04:00.000Z"},"country":"Switzerland","OPM":1,"total_sale_volume":36.11000061035156,"rate_of_return":0.0}
{"window":{"start":"2022-12-08T10:15:00.000Z","end":"2022-12-08T10:16:00.000Z"},"country":"United Kingdom","OPM":12,"total_sale_volume":372.0399954319,"rate_of_return":0.0}
{"window":{"start":"2022-12-08T13:32:00.000Z","end":"2022-12-08T13:33:00.000Z"},"country":"Switzerland","OPM":1,"total_sale_volume":-72.66000366210938,"rate_of_return":1.0}
{"window":{"start":"2022-12-08T13:01:00.000Z","end":"2022-12-08T13:02:00.000Z"},"country":"United Kingdom","OPM":10,"total_sale_volume":6553.9000425338745,"rate_of_return":0.0}
{"window":{"start":"2022-12-09T17:10:00.000Z","end":"2022-12-09T17:11:00.000Z"},"country":"Unspecified","OPM":1,"total_sale_volume":2.549999952316284,"rate_of_return":0.0}
{"window":{"start":"2022-12-08T12:50:00.000Z","end":"2022-12-08T12:51:00.000Z"},"country":"EIRE","OPM":1,"total_sale_volume":30.40999984741211,"rate_of_return":0.0}
{"window":{"start":"2022-12-08T17:02:00.000Z","end":"2022-12-08T17:03:00.000Z"},"country":"Germany","OPM":1,"total_sale_volume":87.44999694824219,"rate_of_return":0.0}
{"window":{"start":"2022-12-08T16:53:00.000Z","end":"2022-12-08T16:54:00.000Z"},"country":"United Kingdom","OPM":6,"total_sale_volume":412.14000606536865,"rate_of_return":0.0}
{"window":{"start":"2022-12-09T05:48:00.000Z","end":"2022-12-09T05:49:00.000Z"},"country":"Australia","OPM":1,"total_sale_volume":8.260000228881836,"rate_of_return":0.0}
{"window":{"start":"2022-12-09T02:19:00.000Z","end":"2022-12-09T02:20:00.000Z"},"country":"United Kingdom","OPM":12,"total_sale_volume":477.7400016784668,"rate_of_return":0.08333333333333333}
{"window":{"start":"2022-12-09T07:04:00.000Z","end":"2022-12-09T07:05:00.000Z"},"country":"EIRE","OPM":1,"total_sale_volume":45.060001373291016,"rate_of_return":0.0}
