{"window":{"start":"2022-12-08T22:02:00.000Z","end":"2022-12-08T22:03:00.000Z"},"country":"United Kingdom","OPM":6,"total_sale_volume":322.5800018310547,"rate_of_return":0.0}
{"window":{"start":"2022-12-09T03:06:00.000Z","end":"2022-12-09T03:07:00.000Z"},"country":"Germany","OPM":1,"total_sale_volume":38.54999923706055,"rate_of_return":0.0}
{"window":{"start":"2022-12-09T10:40:00.000Z","end":"2022-12-09T10:41:00.000Z"},"country":"France","OPM":1,"total_sale_volume":15.0,"rate_of_return":0.0}
{"window":{"start":"2022-12-09T09:22:00.000Z","end":"2022-12-09T09:23:00.000Z"},"country":"United Kingdom","OPM":13,"total_sale_volume":666.4500006437302,"rate_of_return":0.0}
{"window":{"start":"2022-12-09T17:42:00.000Z","end":"2022-12-09T17:43:00.000Z"},"country":"United Kingdom","OPM":7,"total_sale_volume":525.6800060272217,"rate_of_return":0.14285714285714285}
{"window":{"start":"2022-12-09T18:59:00.000Z","end":"2022-12-09T19:00:00.000Z"},"country":"Israel","OPM":1,"total_sale_volume":33.29999923706055,"rate_of_return":0.0}
{"window":{"start":"2022-12-09T07:20:00.000Z","end":"2022-12-09T07:21:00.000Z"},"country":"United Kingdom","OPM":7,"total_sale_volume":417.3200011253357,"rate_of_return":0.14285714285714285}
{"window":{"start":"2022-12-08T18:40:00.000Z","end":"2022-12-08T18:41:00.000Z"},"country":"France","OPM":1,"total_sale_volume":26.719999313354492,"rate_of_return":0.0}
{"window":{"start":"2022-12-09T06:08:00.000Z","end":"2022-12-09T06:09:00.000Z"},"country":"Belgium","OPM":1,"total_sale_volume":34.20000076293945,"rate_of_return":0.0}
{"window":{"start":"2022-12-08T16:55:00.000Z","end":"2022-12-08T16:56:00.000Z"},"country":"EIRE","OPM":1,"total_sale_volume":7.5,"rate_of_return":0.0}
{"window":{"start":"2022-12-08T11:23:00.000Z","end":"2022-12-08T11:24:00.000Z"},"country":"United Kingdom","OPM":10,"total_sale_volume":336.20000648498535,"rate_of_return":0.0}
{"window":{"start":"2022-12-08T10:08:00.000Z","end":"2022-12-08T10:09:00.000Z"},"country":"United Kingdom","OPM":9,"total_sale_volume":334.1999988555908,"rate_of_return":0.1111111111111111}
{"window":{"start":"2022-12-09T05:15:00.000Z","end":"2022-12-09T05:16:00.000Z"},"country":"United Kingdom","OPM":6,"total_sale_volume":671.6000061035156,"rate_of_return":0.0}
{"window":{"start":"2022-12-09T13:55:00.000Z","end":"2022-12-09T13:56:00.000Z"},"country":"United Kingdom","OPM":9,"total_sale_volume":406.6599988937378,"rate_of_return":0.1111111111111111}
{"window":{"start":"2022-12-09T15:42:00.000Z","end":"2022-12-09T15:43:00.000Z"},"country":"United Kingdom","OPM":12,"total_sale_volume":628.2399965524673,"rate_of_return":0.08333333333333333}
{"window":{"start":"2022-12-08T11:55:00.000Z","end":"2022-12-08T11:56:00.000Z"},"country":"United Kingdom","OPM":15,"total_sale_volume":1579.5799524784088,"rate_of_return":0.0}
{"window":{"start":"2022-12-09T02:44:00.000Z","end":"2022-12-09T02:45:00.000Z"},"country":"United Kingdom","OPM":12,"total_sale_volume":657.1299934387207,"rate_of_return":0.08333333333333333}
{"window":{"start":"2022-12-08T19:04:00.000Z","end":"2022-12-08T19:05:00.000Z"},"country":"United Kingdom","OPM":7,"total_sale_volume":125.05999755859375,"rate_of_return":0.14285714285714285}
{"window":{"start":"2022-12-09T10:27:00.000Z","end":"2022-12-09T10:28:00.000Z"},"country":"Belgium","OPM":1,"total_sale_volume":158.6999969482422,"rate_of_return":0.0}
{"window":{"start":"2022-12-09T12:34:00.000Z","end":"2022-12-09T12:35:00.000Z"},"country":"United Kingdom","OPM":8,"total_sale_volume":298.7699909210205,"rate_of_return":0.0}
{"window":{"start":"2022-12-09T22:56:00.000Z","end":"2022-12-09T22:57:00.000Z"},"country":"United Kingdom","OPM":6,"total_sale_volume":1054.7599868774414,"rate_of_return":0.0}
{"window":{"start":"2022-12-09T10:44:00.000Z","end":"2022-12-09T10:45:00.000Z"},"country":"United Kingdom","OPM":13,"total_sale_volume":440.25000274181366,"rate_of_return":0.07692307692307693}
{"window":{"start":"2022-12-08T14:11:00.000Z","end":"2022-12-08T14:12:00.000Z"},"country":"United Kingdom","OPM":11,"total_sale_volume":937.8600044250488,"rate_of_return":0.09090909090909091}
{"window":{"start":"2022-12-09T01:23:00.000Z","end":"2022-12-09T01:24:00.000Z"},"country":"United Kingdom","OPM":6,"total_sale_volume":249.92999505996704,"rate_of_return":0.0}
{"window":{"start":"2022-12-08T08:27:00.000Z","end":"2022-12-08T08:28:00.000Z"},"country":"United Kingdom","OPM":13,"total_sale_volume":42.98001194000244,"rate_of_return":0.15384615384615385}
{"window":{"start":"2022-12-09T16:56:00.000Z","end":"2022-12-09T16:57:00.000Z"},"country":"United Kingdom","OPM":10,"total_sale_volume":577.8399868011475,"rate_of_return":0.1}
