{"window":{"start":"2022-12-09T04:11:00.000Z","end":"2022-12-09T04:12:00.000Z"},"country":"United Kingdom","OPM":14,"total_sale_volume":1388.7199983596802,"rate_of_return":0.07142857142857142}
{"window":{"start":"2022-12-09T13:13:00.000Z","end":"2022-12-09T13:14:00.000Z"},"country":"United Kingdom","OPM":10,"total_sale_volume":2895.9900802373886,"rate_of_return":0.2}
{"window":{"start":"2022-12-08T21:54:00.000Z","end":"2022-12-08T21:55:00.000Z"},"country":"United Kingdom","OPM":10,"total_sale_volume":369.370005607605,"rate_of_return":0.0}
{"window":{"start":"2022-12-09T08:34:00.000Z","end":"2022-12-09T08:35:00.000Z"},"country":"United Kingdom","OPM":8,"total_sale_volume":525.8299951553345,"rate_of_return":0.0}
{"window":{"start":"2022-12-09T15:39:00.000Z","end":"2022-12-09T15:40:00.000Z"},"country":"United Kingdom","OPM":12,"total_sale_volume":1018.1799840927124,"rate_of_return":0.08333333333333333}
{"window":{"start":"2022-12-09T22:26:00.000Z","end":"2022-12-09T22:27:00.000Z"},"country":"France","OPM":1,"total_sale_volume":89.75,"rate_of_return":0.0}
{"window":{"start":"2022-12-08T14:52:00.000Z","end":"2022-12-08T14:53:00.000Z"},"country":"EIRE","OPM":1,"total_sale_volume":30.470001220703125,"rate_of_return":0.0}
{"window":{"start":"2022-12-08T14:31:00.000Z","end":"2022-12-08T14:32:00.000Z"},"country":"France","OPM":1,"total_sale_volume":12.869999885559082,"rate_of_return":0.0}
{"window":{"start":"2022-12-08T17:24:00.000Z","end":"2022-12-08T17:25:00.000Z"},"country":"United Kingdom","OPM":9,"total_sale_volume":291.81999683380127,"rate_of_return":0.1111111111111111}
{"window":{"start":"2022-12-09T23:18:00.000Z","end":"2022-12-09T23:19:00.000Z"},"country":"Spain","OPM":1,"total_sale_volume":48.619998931884766,"rate_of_return":0.0}
{"window":{"start":"2022-12-09T13:02:00.000Z","end":"2022-12-09T13:03:00.000Z"},"country":"Australia","OPM":1,"total_sale_volume":35.10000228881836,"rate_of_return":0.0}
{"window":{"start":"2022-12-08T11:09:00.000Z","end":"2022-12-08T11:10:00.000Z"},"country":"United Kingdom","OPM":4,"total_sale_volume":25.21000027656555,"rate_of_return":0.0}
{"window":{"start":"2022-12-08T19:28:00.000Z","end":"2022-12-08T19:29:00.000Z"},"country":"United Kingdom","OPM":13,"total_sale_volume":720.2799983024597,"rate_of_return":0.07692307692307693}
{"window":{"start":"2022-12-09T01:15:00.000Z","end":"2022-12-09T01:16:00.000Z"},"country":"France","OPM":1,"total_sale_volume":52.349998474121094,"rate_of_return":0.0}
{"window":{"start":"2022-12-09T03:16:00.000Z","end":"2022-12-09T03:17:00.000Z"},"country":"United Kingdom","OPM":6,"total_sale_volume":429.9199905395508,"rate_of_return":0.0}
{"window":{"start":"2022-12-09T08:57:00.000Z","end":"2022-12-09T08:58:00.000Z"},"country":"United Kingdom","OPM":10,"total_sale_volume":915.89000415802,"rate_of_return":0.0}
{"window":{"start":"2022-12-09T22:10:00.000Z","end":"2022-12-09T22:11:00.000Z"},"country":"Austria","OPM":1,"total_sale_volume":36.29999923706055,"rate_of_return":0.0}
{"window":{"start":"2022-12-09T03:09:00.000Z","end":"2022-12-09T03:10:00.000Z"},"country":"France","OPM":1,"total_sale_volume":-30.009998321533203,"rate_of_return":1.0}
{"window":{"start":"2022-12-09T19:17:00.000Z","end":"2022-12-09T19:18:00.000Z"},"country":"EIRE","OPM":1,"total_sale_volume":-187.3300018310547,"rate_of_return":1.0}
{"window":{"start":"2022-12-09T14:55:00.000Z","end":"2022-12-09T14:56:00.000Z"},"country":"Australia","OPM":1,"total_sale_volume":16.549999237060547,"rate_of_return":0.0}
{"window":{"start":"2022-12-08T18:07:00.000Z","end":"2022-12-08T18:08:00.000Z"},"country":"United Kingdom","OPM":8,"total_sale_volume":211.5600004196167,"rate_of_return":0.0}
{"window":{"start":"2022-12-09T04:05:00.000Z","end":"2022-12-09T04:06:00.000Z"},"country":"Norway","OPM":1,"total_sale_volume":180.0,"rate_of_return":0.0}
{"window":{"start":"2022-12-09T14:32:00.000Z","end":"2022-12-09T14:33:00.000Z"},"country":"United Kingdom","OPM":13,"total_sale_volume":1033.5700066685677,"rate_of_return":0.0}
{"window":{"start":"2022-12-08T09:34:00.000Z","end":"2022-12-08T09:35:00.000Z"},"country":"United Kingdom","OPM":8,"total_sale_volume":343.8699986934662,"rate_of_return":0.125}
{"window":{"start":"2022-12-09T01:33:00.000Z","end":"2022-12-09T01:34:00.000Z"},"country":"United Kingdom","OPM":6,"total_sale_volume":394.66998958587646,"rate_of_return":0.0}
{"window":{"start":"2022-12-09T02:18:00.000Z","end":"2022-12-09T02:19:00.000Z"},"country":"United Kingdom","OPM":16,"total_sale_volume":1152.6799685955048,"rate_of_return":0.0}
{"window":{"start":"2022-12-09T03:58:00.000Z","end":"2022-12-09T03:59:00.000Z"},"country":"EIRE","OPM":1,"total_sale_volume":19.81999969482422,"rate_of_return":0.0}
{"window":{"start":"2022-12-08T19:52:00.000Z","end":"2022-12-08T19:53:00.000Z"},"country":"United Kingdom","OPM":13,"total_sale_volume":627.8299952745438,"rate_of_return":0.0}
{"window":{"start":"2022-12-09T03:56:00.000Z","end":"2022-12-09T03:57:00.000Z"},"country":"United Kingdom","OPM":10,"total_sale_volume":592.3399965167046,"rate_of_return":0.0}
{"window":{"start":"2022-12-08T10:50:00.000Z","end":"2022-12-08T10:51:00.000Z"},"country":"United Kingdom","OPM":11,"total_sale_volume":356.0299861431122,"rate_of_return":0.09090909090909091}
{"window":{"start":"2022-12-08T22:46:00.000Z","end":"2022-12-08T22:47:00.000Z"},"country":"United Kingdom","OPM":13,"total_sale_volume":1192.9100005626678,"rate_of_return":0.0}
{"window":{"start":"2022-12-09T14:34:00.000Z","end":"2022-12-09T14:35:00.000Z"},"country":"France","OPM":1,"total_sale_volume":57.81999969482422,"rate_of_return":0.0}
{"window":{"start":"2022-12-08T08:45:00.000Z","end":"2022-12-08T08:46:00.000Z"},"country":"United Kingdom","OPM":4,"total_sale_volume":738.5200424194336,"rate_of_return":0.0}
{"window":{"start":"2022-12-09T03:57:00.000Z","end":"2022-12-09T03:58:00.000Z"},"country":"Germany","OPM":1,"total_sale_volume":83.1500015258789,"rate_of_return":0.0}
