{"window":{"start":"2022-12-09T20:03:00.000Z","end":"2022-12-09T20:04:00.000Z"},"country":"United Kingdom","OPM":6,"total_sale_volume":700.3499946594238,"rate_of_return":0.0}
{"window":{"start":"2022-12-09T21:42:00.000Z","end":"2022-12-09T21:43:00.000Z"},"country":"United Kingdom","OPM":7,"total_sale_volume":650.5399956703186,"rate_of_return":0.0}
{"window":{"start":"2022-12-08T16:42:00.000Z","end":"2022-12-08T16:43:00.000Z"},"country":"Germany","OPM":1,"total_sale_volume":45.55000305175781,"rate_of_return":0.0}
{"window":{"start":"2022-12-08T17:00:00.000Z","end":"2022-12-08T17:01:00.000Z"},"country":"United Kingdom","OPM":10,"total_sale_volume":476.74000096321106,"rate_of_return":0.1}
{"window":{"start":"2022-12-08T23:30:00.000Z","end":"2022-12-08T23:31:00.000Z"},"country":"United Kingdom","OPM":7,"total_sale_volume":224.85999727249146,"rate_of_return":0.0}
{"window":{"start":"2022-12-08T15:11:00.000Z","end":"2022-12-08T15:12:00.000Z"},"country":"Italy","OPM":1,"total_sale_volume":72.70000457763672,"rate_of_return":0.0}
{"window":{"start":"2022-12-08T22:57:00.000Z","end":"2022-12-08T22:58:00.000Z"},"country":"United Kingdom","OPM":5,"total_sale_volume":163.92000436782837,"rate_of_return":0.0}
{"window":{"start":"2022-12-08T20:40:00.000Z","end":"2022-12-08T20:41:00.000Z"},"country":"Netherlands","OPM":1,"total_sale_volume":154.72999572753906,"rate_of_return":0.0}
{"window":{"start":"2022-12-09T15:10:00.000Z","end":"2022-12-09T15:11:00.000Z"},"country":"France","OPM":1,"total_sale_volume":12.950000762939453,"rate_of_return":0.0}
{"window":{"start":"2022-12-08T18:19:00.000Z","end":"2022-12-08T18:20:00.000Z"},"country":"United Kingdom","OPM":7,"total_sale_volume":228.1999969482422,"rate_of_return":0.0}
{"window":{"start":"2022-12-08T10:50:00.000Z","end":"2022-12-08T10:51:00.000Z"},"country":"France","OPM":1,"total_sale_volume":233.39999389648438,"rate_of_return":0.0}
{"window":{"start":"2022-12-08T18:38:00.000Z","end":"2022-12-08T18:39:00.000Z"},"country":"United Kingdom","OPM":9,"total_sale_volume":515.920000076294,"rate_of_return":0.1111111111111111}
{"window":{"start":"2022-12-08T12:07:00.000Z","end":"2022-12-08T12:08:00.000Z"},"country":"Germany","OPM":1,"total_sale_volume":4.949999809265137,"rate_of_return":0.0}
{"window":{"start":"2022-12-09T09:53:00.000Z","end":"2022-12-09T09:54:00.000Z"},"country":"United Kingdom","OPM":5,"total_sale_volume":-11.460004806518555,"rate_of_return":0.2}
{"window":{"start":"2022-12-08T09:22:00.000Z","end":"2022-12-08T09:23:00.000Z"},"country":"EIRE","OPM":1,"total_sale_volume":1.25,"rate_of_return":0.0}
{"window":{"start":"2022-12-09T16:47:00.000Z","end":"2022-12-09T16:48:00.000Z"},"country":"United Kingdom","OPM":5,"total_sale_volume":288.04000759124756,"rate_of_return":0.0}
{"window":{"start":"2022-12-08T19:29:00.000Z","end":"2022-12-08T19:30:00.000Z"},"country":"United Kingdom","OPM":16,"total_sale_volume":1038.5599875450134,"rate_of_return":0.0625}
{"window":{"start":"2022-12-09T00:24:00.000Z","end":"2022-12-09T00:25:00.000Z"},"country":"United Kingdom","OPM":4,"total_sale_volume":324.3999900817871,"rate_of_return":0.0}
{"window":{"start":"2022-12-08T13:13:00.000Z","end":"2022-12-08T13:14:00.000Z"},"country":"Germany","OPM":1,"total_sale_volume":24.099998474121094,"rate_of_return":0.0}
{"window":{"start":"2022-12-08T20:37:00.000Z","end":"2022-12-08T20:38:00.000Z"},"country":"France","OPM":1,"total_sale_volume":125.4000015258789,"rate_of_return":0.0}
{"window":{"start":"2022-12-09T21:37:00.000Z","end":"2022-12-09T21:38:00.000Z"},"country":"EIRE","OPM":1,"total_sale_volume":23.670000076293945,"rate_of_return":0.0}
{"window":{"start":"2022-12-08T23:03:00.000Z","end":"2022-12-08T23:04:00.000Z"},"country":"Germany","OPM":1,"total_sale_volume":34.47999954223633,"rate_of_return":0.0}
{"window":{"start":"2022-12-08T17:29:00.000Z","end":"2022-12-08T17:30:00.000Z"},"country":"United Kingdom","OPM":5,"total_sale_volume":120.19999837875366,"rate_of_return":0.0}
{"window":{"start":"2022-12-09T19:57:00.000Z","end":"2022-12-09T19:58:00.000Z"},"country":"United Kingdom","OPM":12,"total_sale_volume":975.5599784851074,"rate_of_return":0.0}
