{"window":{"start":"2022-12-09T16:45:00.000Z","end":"2022-12-09T16:46:00.000Z"},"country":"United Kingdom","OPM":14,"total_sale_volume":1006.6099915504456,"rate_of_return":0.0}
{"window":{"start":"2022-12-09T15:16:00.000Z","end":"2022-12-09T15:17:00.000Z"},"country":"United Kingdom","OPM":14,"total_sale_volume":870.5299890041351,"rate_of_return":0.07142857142857142}
{"window":{"start":"2022-12-09T20:16:00.000Z","end":"2022-12-09T20:17:00.000Z"},"country":"United Kingdom","OPM":14,"total_sale_volume":344.5400040149689,"rate_of_return":0.0}
{"window":{"start":"2022-12-08T23:34:00.000Z","end":"2022-12-08T23:35:00.000Z"},"country":"Italy","OPM":1,"total_sale_volume":-11.149999618530273,"rate_of_return":1.0}
{"window":{"start":"2022-12-08T21:32:00.000Z","end":"2022-12-08T21:33:00.000Z"},"country":"United Kingdom","OPM":14,"total_sale_volume":695.7600195407867,"rate_of_return":0.14285714285714285}
{"window":{"start":"2022-12-09T00:55:00.000Z","end":"2022-12-09T00:56:00.000Z"},"country":"Australia","OPM":1,"total_sale_volume":29.520000457763672,"rate_of_return":0.0}
{"window":{"start":"2022-12-08T20:56:00.000Z","end":"2022-12-08T20:57:00.000Z"},"country":"Norway","OPM":2,"total_sale_volume":132.44000244140625,"rate_of_return":0.0}
{"window":{"start":"2022-12-08T13:26:00.000Z","end":"2022-12-08T13:27:00.000Z"},"country":"Poland","OPM":1,"total_sale_volume":225.91000366210938,"rate_of_return":0.0}
{"window":{"start":"2022-12-08T11:22:00.000Z","end":"2022-12-08T11:23:00.000Z"},"country":"Spain","OPM":1,"total_sale_volume":8.289999961853027,"rate_of_return":0.0}
{"window":{"start":"2022-12-09T21:46:00.000Z","end":"2022-12-09T21:47:00.000Z"},"country":"EIRE","OPM":1,"total_sale_volume":252.92999267578125,"rate_of_return":0.0}
{"window":{"start":"2022-12-08T08:10:00.000Z","end":"2022-12-08T08:11:00.000Z"},"country":"United Kingdom","OPM":12,"total_sale_volume":1108.500015169382,"rate_of_return":0.08333333333333333}
{"window":{"start":"2022-12-08T13:15:00.000Z","end":"2022-12-08T13:16:00.000Z"},"country":"Germany","OPM":1,"total_sale_volume":12.390000343322754,"rate_of_return":0.0}
{"window":{"start":"2022-12-09T23:41:00.000Z","end":"2022-12-09T23:42:00.000Z"},"country":"United Kingdom","OPM":12,"total_sale_volume":-36.54999589920044,"rate_of_return":0.25}
{"window":{"start":"2022-12-09T14:17:00.000Z","end":"2022-12-09T14:18:00.000Z"},"country":"Israel","OPM":1,"total_sale_volume":10.200000762939453,"rate_of_return":0.0}
{"window":{"start":"2022-12-09T19:03:00.000Z","end":"2022-12-09T19:04:00.000Z"},"country":"United Kingdom","OPM":6,"total_sale_volume":84.81999999284744,"rate_of_return":0.0}
{"window":{"start":"2022-12-09T12:45:00.000Z","end":"2022-12-09T12:46:00.000Z"},"country":"United Kingdom","OPM":8,"total_sale_volume":713.8900042176247,"rate_of_return":0.0}
{"window":{"start":"2022-12-09T16:50:00.000Z","end":"2022-12-09T16:51:00.000Z"},"country":"United Kingdom","OPM":5,"total_sale_volume":312.8899917602539,"rate_of_return":0.0}
{"window":{"start":"2022-12-09T03:30:00.000Z","end":"2022-12-09T03:31:00.000Z"},"country":"United Kingdom","OPM":14,"total_sale_volume":40.830004811286926,"rate_of_return":0.21428571428571427}
{"window":{"start":"2022-12-09T08:19:00.000Z","end":"2022-12-09T08:20:00.000Z"},"country":"Sweden","OPM":1,"total_sale_volume":35.52000045776367,"rate_of_return":0.0}
{"window":{"start":"2022-12-08T11:22:00.000Z","end":"2022-12-08T11:23:00.000Z"},"country":"United Kingdom","OPM":17,"total_sale_volume":1134.0700106620789,"rate_of_return":0.058823529411764705}
{"window":{"start":"2022-12-08T18:39:00.000Z","end":"2022-12-08T18:40:00.000Z"},"country":"United Kingdom","OPM":9,"total_sale_volume":603.9900145530701,"rate_of_return":0.0}
{"window":{"start":"2022-12-09T14:49:00.000Z","end":"2022-12-09T14:50:00.000Z"},"country":"EIRE","OPM":1,"total_sale_volume":201.59999084472656,"rate_of_return":0.0}
{"window":{"start":"2022-12-08T10:01:00.000Z","end":"2022-12-08T10:02:00.000Z"},"country":"United Kingdom","OPM":6,"total_sale_volume":802.3300087451935,"rate_of_return":0.0}
{"window":{"start":"2022-12-08T13:53:00.000Z","end":"2022-12-08T13:54:00.000Z"},"country":"Switzerland","OPM":1,"total_sale_volume":1.649999976158142,"rate_of_return":0.0}
