{"window":{"start":"2022-12-08T20:10:00.000Z","end":"2022-12-08T20:11:00.000Z"},"country":"France","OPM":1,"total_sale_volume":3.319999933242798,"rate_of_return":0.0}
{"window":{"start":"2022-12-09T07:17:00.000Z","end":"2022-12-09T07:18:00.000Z"},"country":"Austria","OPM":1,"total_sale_volume":87.87000274658203,"rate_of_return":0.0}
{"window":{"start":"2022-12-09T21:59:00.000Z","end":"2022-12-09T22:00:00.000Z"},"country":"United Kingdom","OPM":13,"total_sale_volume":735.2799911499023,"rate_of_return":0.0}
{"window":{"start":"2022-12-09T11:35:00.000Z","end":"2022-12-09T11:36:00.000Z"},"country":"Germany","OPM":1,"total_sale_volume":-16.799999237060547,"rate_of_return":1.0}
{"window":{"start":"2022-12-09T03:22:00.000Z","end":"2022-12-09T03:23:00.000Z"},"country":"Netherlands","OPM":1,"total_sale_volume":158.50999450683594,"rate_of_return":0.0}
{"window":{"start":"2022-12-08T08:30:00.000Z","end":"2022-12-08T08:31:00.000Z"},"country":"Switzerland","OPM":1,"total_sale_volume":485.0899963378906,"rate_of_return":0.0}
{"window":{"start":"2022-12-09T11:34:00.000Z","end":"2022-12-09T11:35:00.000Z"},"country":"Netherlands","OPM":1,"total_sale_volume":9.319999694824219,"rate_of_return":0.0}
{"window":{"start":"2022-12-09T08:54:00.000Z","end":"2022-12-09T08:55:00.000Z"},"country":"United Kingdom","OPM":6,"total_sale_volume":146.79000854492188,"rate_of_return":0.16666666666666666}
{"window":{"start":"2022-12-08T14:12:00.000Z","end":"2022-12-08T14:13:00.000Z"},"country":"France","OPM":1,"total_sale_volume":25.0,"rate_of_return":0.0}
{"window":{"start":"2022-12-09T13:20:00.000Z","end":"2022-12-09T13:21:00.000Z"},"country":"Portugal","OPM":1,"total_sale_volume":46.220001220703125,"rate_of_return":0.0}
{"window":{"start":"2022-12-09T21:06:00.000Z","end":"2022-12-09T21:07:00.000Z"},"country":"France","OPM":1,"total_sale_volume":406.3699951171875,"rate_of_return":0.0}
{"window":{"start":"2022-12-09T02:19:00.000Z","end":"2022-12-09T02:20:00.000Z"},"country":"Italy","OPM":1,"total_sale_volume":-224.3000030517578,"rate_of_return":1.0}
{"window":{"start":"2022-12-09T15:52:00.000Z","end":"2022-12-09T15:53:00.000Z"},"country":"United Kingdom","OPM":6,"total_sale_volume":641.0199785232544,"rate_of_return":0.16666666666666666}
{"window":{"start":"2022-12-09T17:23:00.000Z","end":"2022-12-09T17:24:00.000Z"},"country":"United Kingdom","OPM":10,"total_sale_volume":1317.839967250824,"rate_of_return":0.0}
{"window":{"start":"2022-12-09T18:20:00.000Z","end":"2022-12-09T18:21:00.000Z"},"country":"United Kingdom","OPM":4,"total_sale_volume":93.19999897480011,"rate_of_return":0.25}
{"window":{"start":"2022-12-09T06:07:00.000Z","end":"2022-12-09T06:08:00.000Z"},"country":"Iceland","OPM":1,"total_sale_volume":5539.490234375,"rate_of_return":0.0}
{"window":{"start":"2022-12-09T20:58:00.000Z","end":"2022-12-09T20:59:00.000Z"},"country":"Portugal","OPM":1,"total_sale_volume":39.349998474121094,"rate_of_return":0.0}
{"window":{"start":"2022-12-09T19:41:00.000Z","end":"2022-12-09T19:42:00.000Z"},"country":"United Kingdom","OPM":5,"total_sale_volume":302.850004196167,"rate_of_return":0.0}
{"window":{"start":"2022-12-08T19:50:00.000Z","end":"2022-12-08T19:51:00.000Z"},"country":"United Kingdom","OPM":3,"total_sale_volume":196.22000122070312,"rate_of_return":0.0}
{"window":{"start":"2022-12-08T15:31:00.000Z","end":"2022-12-08T15:32:00.000Z"},"country":"United Kingdom","OPM":13,"total_sale_volume":479.19999158382416,"rate_of_return":0.0}
{"window":{"start":"2022-12-09T05:30:00.000Z","end":"2022-12-09T05:31:00.000Z"},"country":"United Kingdom","OPM":9,"total_sale_volume":501.5000002384186,"rate_of_return":0.0}
{"window":{"start":"2022-12-09T09:21:00.000Z","end":"2022-12-09T09:22:00.000Z"},"country":"United Kingdom","OPM":7,"total_sale_volume":524.8200063705444,"rate_of_return":0.14285714285714285}
{"window":{"start":"2022-12-09T10:32:00.000Z","end":"2022-12-09T10:33:00.000Z"},"country":"EIRE","OPM":1,"total_sale_volume":18.690000534057617,"rate_of_return":0.0}
{"window":{"start":"2022-12-09T07:03:00.000Z","end":"2022-12-09T07:04:00.000Z"},"country":"United Kingdom","OPM":8,"total_sale_volume":477.91999912261963,"rate_of_return":0.125}
{"window":{"start":"2022-12-08T18:50:00.000Z","end":"2022-12-08T18:51:00.000Z"},"country":"United Kingdom","OPM":9,"total_sale_volume":728.3599987030029,"rate_of_return":0.2222222222222222}
{"window":{"start":"2022-12-09T14:35:00.000Z","end":"2022-12-09T14:36:00.000Z"},"country":"Portugal","OPM":1,"total_sale_volume":9.9399995803833,"rate_of_return":0.0}
{"window":{"start":"2022-12-09T13:29:00.000Z","end":"2022-12-09T13:30:00.000Z"},"country":"United Kingdom","OPM":5,"total_sale_volume":437.22000312805176,"rate_of_return":0.0}
