{"window":{"start":"2022-12-09T08:55:00.000Z","end":"2022-12-09T08:56:00.000Z"},"country":"United Kingdom","OPM":10,"total_sale_volume":832.1699905395508,"rate_of_return":0.1}
{"window":{"start":"2022-12-08T19:59:00.000Z","end":"2022-12-08T20:00:00.000Z"},"country":"United Kingdom","OPM":7,"total_sale_volume":223.0400047302246,"rate_of_return":0.0}
{"window":{"start":"2022-12-09T14:50:00.000Z","end":"2022-12-09T14:51:00.000Z"},"country":"Germany","OPM":1,"total_sale_volume":537.4199829101562,"rate_of_return":0.0}
{"window":{"start":"2022-12-08T21:44:00.000Z","end":"2022-12-08T21:45:00.000Z"},"country":"Netherlands","OPM":1,"total_sale_volume":267.95001220703125,"rate_of_return":0.0}
{"window":{"start":"2022-12-08T17:09:00.000Z","end":"2022-12-08T17:10:00.000Z"},"country":"Italy","OPM":1,"total_sale_volume":-13.649999618530273,"rate_of_return":1.0}
{"window":{"start":"2022-12-08T08:46:00.000Z","end":"2022-12-08T08:47:00.000Z"},"country":"United Kingdom","OPM":14,"total_sale_volume":-518.9600210189819,"rate_of_return":0.07142857142857142}
{"window":{"start":"2022-12-09T16:47:00.000Z","end":"2022-12-09T16:48:00.000Z"},"country":"France","OPM":1,"total_sale_volume":6.599999904632568,"rate_of_return":0.0}
{"window":{"start":"2022-12-09T03:05:00.000Z","end":"2022-12-09T03:06:00.000Z"},"country":"Norway","OPM":1,"total_sale_volume":812.1900024414062,"rate_of_return":0.0}
{"window":{"start":"2022-12-09T21:38:00.000Z","end":"2022-12-09T21:39:00.000Z"},"country":"United Kingdom","OPM":17,"total_sale_volume":1306.3399864435196,"rate_of_return":0.0}
{"window":{"start":"2022-12-09T21:08:00.000Z","end":"2022-12-09T21:09:00.000Z"},"country":"United Kingdom","OPM":9,"total_sale_volume":599.8499794006348,"rate_of_return":0.1111111111111111}
{"window":{"start":"2022-12-09T20:29:00.000Z","end":"2022-12-09T20:30:00.000Z"},"country":"Germany","OPM":1,"total_sale_volume":36.959999084472656,"rate_of_return":0.0}
{"window":{"start":"2022-12-09T16:26:00.000Z","end":"2022-12-09T16:27:00.000Z"},"country":"France","OPM":1,"total_sale_volume":17.849998474121094,"rate_of_return":0.0}
