{"window":{"start":"2022-12-09T17:24:00.000Z","end":"2022-12-09T17:25:00.000Z"},"country":"United Kingdom","OPM":6,"total_sale_volume":600.2699773311615,"rate_of_return":0.0}
{"window":{"start":"2022-12-08T23:42:00.000Z","end":"2022-12-08T23:43:00.000Z"},"country":"United Kingdom","OPM":9,"total_sale_volume":1583.259967803955,"rate_of_return":0.1111111111111111}
{"window":{"start":"2022-12-08T22:50:00.000Z","end":"2022-12-08T22:51:00.000Z"},"country":"Portugal","OPM":1,"total_sale_volume":52.43000030517578,"rate_of_return":0.0}
{"window":{"start":"2022-12-08T11:38:00.000Z","end":"2022-12-08T11:39:00.000Z"},"country":"United Kingdom","OPM":14,"total_sale_volume":1649.0300011634827,"rate_of_return":0.0}
{"window":{"start":"2022-12-09T10:17:00.000Z","end":"2022-12-09T10:18:00.000Z"},"country":"United Kingdom","OPM":10,"total_sale_volume":804.2599992752075,"rate_of_return":0.0}
{"window":{"start":"2022-12-08T15:09:00.000Z","end":"2022-12-08T15:10:00.000Z"},"country":"United Kingdom","OPM":12,"total_sale_volume":785.3600019216537,"rate_of_return":0.0}
{"window":{"start":"2022-12-09T13:18:00.000Z","end":"2022-12-09T13:19:00.000Z"},"country":"United Kingdom","OPM":4,"total_sale_volume":192.57999515533447,"rate_of_return":0.0}
{"window":{"start":"2022-12-09T06:46:00.000Z","end":"2022-12-09T06:47:00.000Z"},"country":"United Kingdom","OPM":10,"total_sale_volume":574.7000027894974,"rate_of_return":0.1}
{"window":{"start":"2022-12-09T20:54:00.000Z","end":"2022-12-09T20:55:00.000Z"},"country":"Cyprus","OPM":1,"total_sale_volume":7.710000038146973,"rate_of_return":0.0}
{"window":{"start":"2022-12-09T06:05:00.000Z","end":"2022-12-09T06:06:00.000Z"},"country":"Germany","OPM":1,"total_sale_volume":12.5,"rate_of_return":0.0}
{"window":{"start":"2022-12-09T15:01:00.000Z","end":"2022-12-09T15:02:00.000Z"},"country":"Germany","OPM":1,"total_sale_volume":126.58000183105469,"rate_of_return":0.0}
{"window":{"start":"2022-12-09T09:25:00.000Z","end":"2022-12-09T09:26:00.000Z"},"country":"United Kingdom","OPM":6,"total_sale_volume":1402.0300090909004,"rate_of_return":0.0}
{"window":{"start":"2022-12-08T20:14:00.000Z","end":"2022-12-08T20:15:00.000Z"},"country":"EIRE","OPM":1,"total_sale_volume":79.43000030517578,"rate_of_return":0.0}
{"window":{"start":"2022-12-09T07:08:00.000Z","end":"2022-12-09T07:09:00.000Z"},"country":"Switzerland","OPM":1,"total_sale_volume":8.5,"rate_of_return":0.0}
{"window":{"start":"2022-12-09T07:19:00.000Z","end":"2022-12-09T07:20:00.000Z"},"country":"United Kingdom","OPM":3,"total_sale_volume":765.0900268554688,"rate_of_return":0.0}
{"window":{"start":"2022-12-08T16:32:00.000Z","end":"2022-12-08T16:33:00.000Z"},"country":"Australia","OPM":1,"total_sale_volume":11.899999618530273,"rate_of_return":0.0}
{"window":{"start":"2022-12-09T21:36:00.000Z","end":"2022-12-09T21:37:00.000Z"},"country":"United Kingdom","OPM":7,"total_sale_volume":447.3599925041199,"rate_of_return":0.0}
{"window":{"start":"2022-12-09T16:41:00.000Z","end":"2022-12-09T16:42:00.000Z"},"country":"United Kingdom","OPM":6,"total_sale_volume":368.3300094604492,"rate_of_return":0.0}
