{"window":{"start":"2022-12-09T09:39:00.000Z","end":"2022-12-09T09:40:00.000Z"},"country":"Switzerland","OPM":1,"total_sale_volume":18.93000030517578,"rate_of_return":0.0}
{"window":{"start":"2022-12-09T12:16:00.000Z","end":"2022-12-09T12:17:00.000Z"},"country":"United Kingdom","OPM":9,"total_sale_volume":867.1499519348145,"rate_of_return":0.0}
{"window":{"start":"2022-12-08T13:47:00.000Z","end":"2022-12-08T13:48:00.000Z"},"country":"United Kingdom","OPM":16,"total_sale_volume":879.2099933624268,"rate_of_return":0.0}
{"window":{"start":"2022-12-09T09:44:00.000Z","end":"2022-12-09T09:45:00.000Z"},"country":"United Kingdom","OPM":8,"total_sale_volume":307.810001373291,"rate_of_return":0.0}
{"window":{"start":"2022-12-08T21:22:00.000Z","end":"2022-12-08T21:23:00.000Z"},"country":"United Kingdom","OPM":13,"total_sale_volume":311.86998677253723,"rate_of_return":0.15384615384615385}
{"window":{"start":"2022-12-08T23:16:00.000Z","end":"2022-12-08T23:17:00.000Z"},"country":"United Kingdom","OPM":7,"total_sale_volume":360.04000559449196,"rate_of_return":0.0}
{"window":{"start":"2022-12-09T21:12:00.000Z","end":"2022-12-09T21:13:00.000Z"},"country":"Germany","OPM":1,"total_sale_volume":-29.369998931884766,"rate_of_return":1.0}
{"window":{"start":"2022-12-08T13:11:00.000Z","end":"2022-12-08T13:12:00.000Z"},"country":"Portugal","OPM":1,"total_sale_volume":874.010009765625,"rate_of_return":0.0}
{"window":{"start":"2022-12-08T19:06:00.000Z","end":"2022-12-08T19:07:00.000Z"},"country":"United Kingdom","OPM":6,"total_sale_volume":679.3200035095215,"rate_of_return":0.0}
{"window":{"start":"2022-12-09T11:33:00.000Z","end":"2022-12-09T11:34:00.000Z"},"country":"United Kingdom","OPM":13,"total_sale_volume":599.4399909973145,"rate_of_return":0.07692307692307693}
{"window":{"start":"2022-12-08T11:30:00.000Z","end":"2022-12-08T11:31:00.000Z"},"country":"France","OPM":1,"total_sale_volume":26.700000762939453,"rate_of_return":0.0}
{"window":{"start":"2022-12-09T14:57:00.000Z","end":"2022-12-09T14:58:00.000Z"},"country":"Norway","OPM":1,"total_sale_volume":107.66999816894531,"rate_of_return":0.0}
{"window":{"start":"2022-12-08T12:47:00.000Z","end":"2022-12-08T12:48:00.000Z"},"country":"Germany","OPM":1,"total_sale_volume":58.72999954223633,"rate_of_return":0.0}
{"window":{"start":"2022-12-09T14:22:00.000Z","end":"2022-12-09T14:23:00.000Z"},"country":"United Kingdom","OPM":10,"total_sale_volume":678.359993994236,"rate_of_return":0.1}
{"window":{"start":"2022-12-08T22:03:00.000Z","end":"2022-12-08T22:04:00.000Z"},"country":"Germany","OPM":1,"total_sale_volume":12.039999961853027,"rate_of_return":0.0}
{"window":{"start":"2022-12-09T04:22:00.000Z","end":"2022-12-09T04:23:00.000Z"},"country":"United Kingdom","OPM":10,"total_sale_volume":1681.870007276535,"rate_of_return":0.1}
{"window":{"start":"2022-12-09T19:19:00.000Z","end":"2022-12-09T19:20:00.000Z"},"country":"United Kingdom","OPM":10,"total_sale_volume":147.95000076293945,"rate_of_return":0.3}
