{"window":{"start":"2022-12-08T22:01:00.000Z","end":"2022-12-08T22:02:00.000Z"},"country":"United Kingdom","OPM":10,"total_sale_volume":503.2400040626526,"rate_of_return":0.0}
{"window":{"start":"2022-12-09T21:18:00.000Z","end":"2022-12-09T21:19:00.000Z"},"country":"United Kingdom","OPM":9,"total_sale_volume":975.3100090026855,"rate_of_return":0.0}
{"window":{"start":"2022-12-09T03:12:00.000Z","end":"2022-12-09T03:13:00.000Z"},"country":"United Kingdom","OPM":14,"total_sale_volume":1905.139973640442,"rate_of_return":0.07142857142857142}
{"window":{"start":"2022-12-09T12:03:00.000Z","end":"2022-12-09T12:04:00.000Z"},"country":"United Kingdom","OPM":5,"total_sale_volume":216.6700046658516,"rate_of_return":0.0}
{"window":{"start":"2022-12-09T15:25:00.000Z","end":"2022-12-09T15:26:00.000Z"},"country":"United Kingdom","OPM":12,"total_sale_volume":462.22998905181885,"rate_of_return":0.08333333333333333}
{"window":{"start":"2022-12-09T04:45:00.000Z","end":"2022-12-09T04:46:00.000Z"},"country":"Cyprus","OPM":1,"total_sale_volume":2.4600000381469727,"rate_of_return":0.0}
{"window":{"start":"2022-12-09T12:33:00.000Z","end":"2022-12-09T12:34:00.000Z"},"country":"France","OPM":1,"total_sale_volume":22.549999237060547,"rate_of_return":0.0}
{"window":{"start":"2022-12-08T22:13:00.000Z","end":"2022-12-08T22:14:00.000Z"},"country":"United Kingdom","OPM":12,"total_sale_volume":1494.7999813556671,"rate_of_return":0.0}
{"window":{"start":"2022-12-08T18:22:00.000Z","end":"2022-12-08T18:23:00.000Z"},"country":"United Kingdom","OPM":9,"total_sale_volume":616.060004234314,"rate_of_return":0.1111111111111111}
{"window":{"start":"2022-12-09T09:58:00.000Z","end":"2022-12-09T09:59:00.000Z"},"country":"United Kingdom","OPM":6,"total_sale_volume":252.41999918222427,"rate_of_return":0.0}
{"window":{"start":"2022-12-09T17:03:00.000Z","end":"2022-12-09T17:04:00.000Z"},"country":"United Kingdom","OPM":13,"total_sale_volume":960.5799918174744,"rate_of_return":0.0}
{"window":{"start":"2022-12-09T14:27:00.000Z","end":"2022-12-09T14:28:00.000Z"},"country":"United Kingdom","OPM":17,"total_sale_volume":930.7199974060059,"rate_of_return":0.058823529411764705}
{"window":{"start":"2022-12-08T15:11:00.000Z","end":"2022-12-08T15:12:00.000Z"},"country":"United Kingdom","OPM":9,"total_sale_volume":1293.4599956274033,"rate_of_return":0.0}
{"window":{"start":"2022-12-09T15:03:00.000Z","end":"2022-12-09T15:04:00.000Z"},"country":"France","OPM":1,"total_sale_volume":18.600000381469727,"rate_of_return":0.0}
{"window":{"start":"2022-12-09T04:44:00.000Z","end":"2022-12-09T04:45:00.000Z"},"country":"United Kingdom","OPM":10,"total_sale_volume":819.3499879837036,"rate_of_return":0.1}
{"window":{"start":"2022-12-09T08:41:00.000Z","end":"2022-12-09T08:42:00.000Z"},"country":"Lithuania","OPM":1,"total_sale_volume":22.09000015258789,"rate_of_return":0.0}
{"window":{"start":"2022-12-09T16:52:00.000Z","end":"2022-12-09T16:53:00.000Z"},"country":"United Kingdom","OPM":8,"total_sale_volume":690.6799883842468,"rate_of_return":0.125}
{"window":{"start":"2022-12-08T18:56:00.000Z","end":"2022-12-08T18:57:00.000Z"},"country":"United Kingdom","OPM":4,"total_sale_volume":175.94999885559082,"rate_of_return":0.0}
{"window":{"start":"2022-12-09T20:38:00.000Z","end":"2022-12-09T20:39:00.000Z"},"country":"France","OPM":2,"total_sale_volume":17.40999937057495,"rate_of_return":0.0}
{"window":{"start":"2022-12-08T21:11:00.000Z","end":"2022-12-08T21:12:00.000Z"},"country":"France","OPM":1,"total_sale_volume":97.5,"rate_of_return":0.0}
