{"window":{"start":"2022-12-09T19:53:00.000Z","end":"2022-12-09T19:54:00.000Z"},"country":"United Kingdom","OPM":12,"total_sale_volume":806.2499885559082,"rate_of_return":0.08333333333333333}
{"window":{"start":"2022-12-09T07:42:00.000Z","end":"2022-12-09T07:43:00.000Z"},"country":"United Kingdom","OPM":8,"total_sale_volume":279.44999742507935,"rate_of_return":0.0}
{"window":{"start":"2022-12-09T08:27:00.000Z","end":"2022-12-09T08:28:00.000Z"},"country":"United Kingdom","OPM":8,"total_sale_volume":829.7199940681458,"rate_of_return":0.125}
{"window":{"start":"2022-12-09T00:09:00.000Z","end":"2022-12-09T00:10:00.000Z"},"country":"United Kingdom","OPM":7,"total_sale_volume":651.4000239372253,"rate_of_return":0.14285714285714285}
{"window":{"start":"2022-12-09T21:45:00.000Z","end":"2022-12-09T21:46:00.000Z"},"country":"United Kingdom","OPM":6,"total_sale_volume":385.6600103378296,"rate_of_return":0.0}
{"window":{"start":"2022-12-08T12:14:00.000Z","end":"2022-12-08T12:15:00.000Z"},"country":"United Kingdom","OPM":6,"total_sale_volume":336.34999799728394,"rate_of_return":0.0}
{"window":{"start":"2022-12-08T13:23:00.000Z","end":"2022-12-08T13:24:00.000Z"},"country":"France","OPM":1,"total_sale_volume":22.350000381469727,"rate_of_return":0.0}
{"window":{"start":"2022-12-08T23:24:00.000Z","end":"2022-12-08T23:25:00.000Z"},"country":"Germany","OPM":1,"total_sale_volume":73.47000122070312,"rate_of_return":0.0}
{"window":{"start":"2022-12-09T08:03:00.000Z","end":"2022-12-09T08:04:00.000Z"},"country":"EIRE","OPM":1,"total_sale_volume":-14.84999942779541,"rate_of_return":1.0}
{"window":{"start":"2022-12-09T10:26:00.000Z","end":"2022-12-09T10:27:00.000Z"},"country":"Germany","OPM":1,"total_sale_volume":313.95001220703125,"rate_of_return":0.0}
{"window":{"start":"2022-12-09T23:38:00.000Z","end":"2022-12-09T23:39:00.000Z"},"country":"United Kingdom","OPM":11,"total_sale_volume":256.03000116348267,"rate_of_return":0.18181818181818182}
{"window":{"start":"2022-12-08T17:08:00.000Z","end":"2022-12-08T17:09:00.000Z"},"country":"United Kingdom","OPM":11,"total_sale_volume":522.3399872779846,"rate_of_return":0.09090909090909091}
{"window":{"start":"2022-12-08T09:30:00.000Z","end":"2022-12-08T09:31:00.000Z"},"country":"United Kingdom","OPM":7,"total_sale_volume":182.34999656677246,"rate_of_return":0.14285714285714285}
