{"window":{"start":"2022-12-08T21:11:00.000Z","end":"2022-12-08T21:12:00.000Z"},"country":"EIRE","OPM":1,"total_sale_volume":61.39999771118164,"rate_of_return":0.0}
{"window":{"start":"2022-12-09T07:42:00.000Z","end":"2022-12-09T07:43:00.000Z"},"country":"Portugal","OPM":1,"total_sale_volume":13.069999694824219,"rate_of_return":0.0}
{"window":{"start":"2022-12-09T19:25:00.000Z","end":"2022-12-09T19:26:00.000Z"},"country":"France","OPM":1,"total_sale_volume":5.789999961853027,"rate_of_return":0.0}
{"window":{"start":"2022-12-09T23:16:00.000Z","end":"2022-12-09T23:17:00.000Z"},"country":"EIRE","OPM":1,"total_sale_volume":73.27999877929688,"rate_of_return":0.0}
{"window":{"start":"2022-12-09T23:42:00.000Z","end":"2022-12-09T23:43:00.000Z"},"country":"Portugal","OPM":1,"total_sale_volume":23.799999237060547,"rate_of_return":0.0}
{"window":{"start":"2022-12-08T08:57:00.000Z","end":"2022-12-08T08:58:00.000Z"},"country":"Spain","OPM":1,"total_sale_volume":39.279998779296875,"rate_of_return":0.0}
{"window":{"start":"2022-12-09T11:58:00.000Z","end":"2022-12-09T11:59:00.000Z"},"country":"United Kingdom","OPM":10,"total_sale_volume":426.20001101493835,"rate_of_return":0.1}
{"window":{"start":"2022-12-09T10:23:00.000Z","end":"2022-12-09T10:24:00.000Z"},"country":"United Kingdom","OPM":13,"total_sale_volume":969.6400146484375,"rate_of_return":0.0}
{"window":{"start":"2022-12-08T22:39:00.000Z","end":"2022-12-08T22:40:00.000Z"},"country":"United Kingdom","OPM":5,"total_sale_volume":215.71000146865845,"rate_of_return":0.0}
{"window":{"start":"2022-12-08T13:14:00.000Z","end":"2022-12-08T13:15:00.000Z"},"country":"United Kingdom","OPM":6,"total_sale_volume":213.03999423980713,"rate_of_return":0.0}
{"window":{"start":"2022-12-09T17:02:00.000Z","end":"2022-12-09T17:03:00.000Z"},"country":"Netherlands","OPM":1,"total_sale_volume":16.200000762939453,"rate_of_return":0.0}
{"window":{"start":"2022-12-09T18:23:00.000Z","end":"2022-12-09T18:24:00.000Z"},"country":"United Kingdom","OPM":12,"total_sale_volume":330.43998622894287,"rate_of_return":0.08333333333333333}
{"window":{"start":"2022-12-09T00:33:00.000Z","end":"2022-12-09T00:34:00.000Z"},"country":"United Kingdom","OPM":4,"total_sale_volume":1396.030029296875,"rate_of_return":0.0}
{"window":{"start":"2022-12-09T12:58:00.000Z","end":"2022-12-09T12:59:00.000Z"},"country":"United Kingdom","OPM":5,"total_sale_volume":754.3699879646301,"rate_of_return":0.0}
{"window":{"start":"2022-12-09T17:15:00.000Z","end":"2022-12-09T17:16:00.000Z"},"country":"Australia","OPM":1,"total_sale_volume":-19.399999618530273,"rate_of_return":1.0}
{"window":{"start":"2022-12-09T10:17:00.000Z","end":"2022-12-09T10:18:00.000Z"},"country":"Germany","OPM":1,"total_sale_volume":27.600000381469727,"rate_of_return":0.0}
{"window":{"start":"2022-12-09T12:32:00.000Z","end":"2022-12-09T12:33:00.000Z"},"country":"United Kingdom","OPM":8,"total_sale_volume":260.7499990463257,"rate_of_return":0.125}
{"window":{"start":"2022-12-08T23:25:00.000Z","end":"2022-12-08T23:26:00.000Z"},"country":"Netherlands","OPM":1,"total_sale_volume":14.050000190734863,"rate_of_return":0.0}
{"window":{"start":"2022-12-09T01:47:00.000Z","end":"2022-12-09T01:48:00.000Z"},"country":"Netherlands","OPM":1,"total_sale_volume":19.329999923706055,"rate_of_return":0.0}
{"window":{"start":"2022-12-09T20:47:00.000Z","end":"2022-12-09T20:48:00.000Z"},"country":"United Kingdom","OPM":10,"total_sale_volume":451.43999099731445,"rate_of_return":0.1}
{"window":{"start":"2022-12-08T23:21:00.000Z","end":"2022-12-08T23:22:00.000Z"},"country":"Germany","OPM":2,"total_sale_volume":64.85000038146973,"rate_of_return":0.0}
{"window":{"start":"2022-12-09T05:24:00.000Z","end":"2022-12-09T05:25:00.000Z"},"country":"Lithuania","OPM":1,"total_sale_volume":19.450000762939453,"rate_of_return":0.0}
{"window":{"start":"2022-12-09T01:45:00.000Z","end":"2022-12-09T01:46:00.000Z"},"country":"United Kingdom","OPM":9,"total_sale_volume":1131.089994430542,"rate_of_return":0.0}
{"window":{"start":"2022-12-08T08:37:00.000Z","end":"2022-12-08T08:38:00.000Z"},"country":"EIRE","OPM":1,"total_sale_volume":16.510000228881836,"rate_of_return":0.0}
{"window":{"start":"2022-12-09T06:36:00.000Z","end":"2022-12-09T06:37:00.000Z"},"country":"United Kingdom","OPM":12,"total_sale_volume":440.0999984741211,"rate_of_return":0.0}
{"window":{"start":"2022-12-08T19:18:00.000Z","end":"2022-12-08T19:19:00.000Z"},"country":"United Kingdom","OPM":9,"total_sale_volume":391.0999946594238,"rate_of_return":0.0}
{"window":{"start":"2022-12-08T21:51:00.000Z","end":"2022-12-08T21:52:00.000Z"},"country":"France","OPM":1,"total_sale_volume":81.86000061035156,"rate_of_return":0.0}
