{"window":{"start":"2022-12-08T21:09:00.000Z","end":"2022-12-08T21:10:00.000Z"},"country":"Finland","OPM":1,"total_sale_volume":571.3499755859375,"rate_of_return":0.0}
{"window":{"start":"2022-12-08T17:45:00.000Z","end":"2022-12-08T17:46:00.000Z"},"country":"France","OPM":1,"total_sale_volume":198.4199981689453,"rate_of_return":0.0}
{"window":{"start":"2022-12-09T14:08:00.000Z","end":"2022-12-09T14:09:00.000Z"},"country":"United Kingdom","OPM":7,"total_sale_volume":361.05999541282654,"rate_of_return":0.14285714285714285}
{"window":{"start":"2022-12-08T13:18:00.000Z","end":"2022-12-08T13:19:00.000Z"},"country":"United Kingdom","OPM":3,"total_sale_volume":135.36999988555908,"rate_of_return":0.0}
{"window":{"start":"2022-12-09T08:43:00.000Z","end":"2022-12-09T08:44:00.000Z"},"country":"EIRE","OPM":2,"total_sale_volume":442.1999855041504,"rate_of_return":0.0}
{"window":{"start":"2022-12-08T19:56:00.000Z","end":"2022-12-08T19:57:00.000Z"},"country":"Spain","OPM":1,"total_sale_volume":26.06999969482422,"rate_of_return":0.0}
{"window":{"start":"2022-12-09T00:44:00.000Z","end":"2022-12-09T00:45:00.000Z"},"country":"EIRE","OPM":1,"total_sale_volume":-74.12000274658203,"rate_of_return":1.0}
{"window":{"start":"2022-12-08T11:19:00.000Z","end":"2022-12-08T11:20:00.000Z"},"country":"France","OPM":1,"total_sale_volume":28.93000030517578,"rate_of_return":0.0}
{"window":{"start":"2022-12-09T00:16:00.000Z","end":"2022-12-09T00:17:00.000Z"},"country":"United Kingdom","OPM":12,"total_sale_volume":300.899995803833,"rate_of_return":0.08333333333333333}
{"window":{"start":"2022-12-08T16:04:00.000Z","end":"2022-12-08T16:05:00.000Z"},"country":"Switzerland","OPM":1,"total_sale_volume":7.5,"rate_of_return":0.0}
{"window":{"start":"2022-12-09T02:36:00.000Z","end":"2022-12-09T02:37:00.000Z"},"country":"Germany","OPM":1,"total_sale_volume":37.959999084472656,"rate_of_return":0.0}
{"window":{"start":"2022-12-08T09:36:00.000Z","end":"2022-12-08T09:37:00.000Z"},"country":"Germany","OPM":1,"total_sale_volume":163.6999969482422,"rate_of_return":0.0}
{"window":{"start":"2022-12-09T21:16:00.000Z","end":"2022-12-09T21:17:00.000Z"},"country":"United Kingdom","OPM":2,"total_sale_volume":85.34999704360962,"rate_of_return":0.0}
{"window":{"start":"2022-12-09T14:00:00.000Z","end":"2022-12-09T14:01:00.000Z"},"country":"EIRE","OPM":1,"total_sale_volume":18.850000381469727,"rate_of_return":0.0}
{"window":{"start":"2022-12-08T23:44:00.000Z","end":"2022-12-08T23:45:00.000Z"},"country":"United Kingdom","OPM":11,"total_sale_volume":692.9400062561035,"rate_of_return":0.0}
{"window":{"start":"2022-12-08T21:58:00.000Z","end":"2022-12-08T21:59:00.000Z"},"country":"United Kingdom","OPM":14,"total_sale_volume":583.8899936676025,"rate_of_return":0.07142857142857142}
{"window":{"start":"2022-12-09T09:00:00.000Z","end":"2022-12-09T09:01:00.000Z"},"country":"Germany","OPM":1,"total_sale_volume":81.47999572753906,"rate_of_return":0.0}
{"window":{"start":"2022-12-08T13:59:00.000Z","end":"2022-12-08T14:00:00.000Z"},"country":"United Kingdom","OPM":11,"total_sale_volume":355.7600072026253,"rate_of_return":0.0}
{"window":{"start":"2022-12-08T16:21:00.000Z","end":"2022-12-08T16:22:00.000Z"},"country":"France","OPM":1,"total_sale_volume":297.17999267578125,"rate_of_return":0.0}
{"window":{"start":"2022-12-09T20:17:00.000Z","end":"2022-12-09T20:18:00.000Z"},"country":"United Kingdom","OPM":15,"total_sale_volume":761.6899971961975,"rate_of_return":0.06666666666666667}
{"window":{"start":"2022-12-08T13:08:00.000Z","end":"2022-12-08T13:09:00.000Z"},"country":"Germany","OPM":1,"total_sale_volume":44.79999923706055,"rate_of_return":0.0}
{"window":{"start":"2022-12-09T01:12:00.000Z","end":"2022-12-09T01:13:00.000Z"},"country":"United Kingdom","OPM":14,"total_sale_volume":795.4699931144714,"rate_of_return":0.07142857142857142}
{"window":{"start":"2022-12-09T06:22:00.000Z","end":"2022-12-09T06:23:00.000Z"},"country":"United Kingdom","OPM":14,"total_sale_volume":329.5899964570999,"rate_of_return":0.07142857142857142}
{"window":{"start":"2022-12-09T03:24:00.000Z","end":"2022-12-09T03:25:00.000Z"},"country":"United Kingdom","OPM":4,"total_sale_volume":105.34000182151794,"rate_of_return":0.0}
{"window":{"start":"2022-12-08T21:24:00.000Z","end":"2022-12-08T21:25:00.000Z"},"country":"United Kingdom","OPM":13,"total_sale_volume":672.3000135421753,"rate_of_return":0.07692307692307693}
{"window":{"start":"2022-12-08T23:14:00.000Z","end":"2022-12-08T23:15:00.000Z"},"country":"United Kingdom","OPM":16,"total_sale_volume":1131.4599866867065,"rate_of_return":0.0625}
{"window":{"start":"2022-12-08T09:30:00.000Z","end":"2022-12-08T09:31:00.000Z"},"country":"EIRE","OPM":1,"total_sale_volume":0.8500000238418579,"rate_of_return":0.0}
{"window":{"start":"2022-12-09T21:14:00.000Z","end":"2022-12-09T21:15:00.000Z"},"country":"Japan","OPM":1,"total_sale_volume":14.84999942779541,"rate_of_return":0.0}
{"window":{"start":"2022-12-08T20:05:00.000Z","end":"2022-12-08T20:06:00.000Z"},"country":"Belgium","OPM":1,"total_sale_volume":3.75,"rate_of_return":0.0}
{"window":{"start":"2022-12-09T19:42:00.000Z","end":"2022-12-09T19:43:00.000Z"},"country":"United Kingdom","OPM":7,"total_sale_volume":872.8500298261642,"rate_of_return":0.0}
{"window":{"start":"2022-12-08T23:34:00.000Z","end":"2022-12-08T23:35:00.000Z"},"country":"United Kingdom","OPM":5,"total_sale_volume":110.94000291824341,"rate_of_return":0.0}
{"window":{"start":"2022-12-09T06:31:00.000Z","end":"2022-12-09T06:32:00.000Z"},"country":"Switzerland","OPM":1,"total_sale_volume":16.950000762939453,"rate_of_return":0.0}
{"window":{"start":"2022-12-09T19:34:00.000Z","end":"2022-12-09T19:35:00.000Z"},"country":"United Kingdom","OPM":5,"total_sale_volume":141.17000079154968,"rate_of_return":0.0}
{"window":{"start":"2022-12-09T15:46:00.000Z","end":"2022-12-09T15:47:00.000Z"},"country":"EIRE","OPM":1,"total_sale_volume":18.520000457763672,"rate_of_return":0.0}
