{"window":{"start":"2022-12-09T14:13:00.000Z","end":"2022-12-09T14:14:00.000Z"},"country":"United Kingdom","OPM":10,"total_sale_volume":327.2299966812134,"rate_of_return":0.1}
{"window":{"start":"2022-12-08T21:39:00.000Z","end":"2022-12-08T21:40:00.000Z"},"country":"France","OPM":1,"total_sale_volume":50.400001525878906,"rate_of_return":0.0}
{"window":{"start":"2022-12-09T06:51:00.000Z","end":"2022-12-09T06:52:00.000Z"},"country":"United Kingdom","OPM":9,"total_sale_volume":526.0400018692017,"rate_of_return":0.0}
{"window":{"start":"2022-12-08T11:58:00.000Z","end":"2022-12-08T11:59:00.000Z"},"country":"United Kingdom","OPM":8,"total_sale_volume":248.88000011444092,"rate_of_return":0.0}
{"window":{"start":"2022-12-08T19:30:00.000Z","end":"2022-12-08T19:31:00.000Z"},"country":"EIRE","OPM":1,"total_sale_volume":29.520000457763672,"rate_of_return":0.0}
{"window":{"start":"2022-12-08T10:46:00.000Z","end":"2022-12-08T10:47:00.000Z"},"country":"United Arab Emirates","OPM":1,"total_sale_volume":63.099998474121094,"rate_of_return":0.0}
{"window":{"start":"2022-12-09T02:02:00.000Z","end":"2022-12-09T02:03:00.000Z"},"country":"United Kingdom","OPM":5,"total_sale_volume":332.64998960494995,"rate_of_return":0.0}
{"window":{"start":"2022-12-09T09:57:00.000Z","end":"2022-12-09T09:58:00.000Z"},"country":"United Kingdom","OPM":10,"total_sale_volume":616.3699922561646,"rate_of_return":0.0}
{"window":{"start":"2022-12-09T23:08:00.000Z","end":"2022-12-09T23:09:00.000Z"},"country":"Netherlands","OPM":1,"total_sale_volume":42.82999801635742,"rate_of_return":0.0}
{"window":{"start":"2022-12-09T08:53:00.000Z","end":"2022-12-09T08:54:00.000Z"},"country":"EIRE","OPM":1,"total_sale_volume":958.510009765625,"rate_of_return":0.0}
{"window":{"start":"2022-12-09T00:21:00.000Z","end":"2022-12-09T00:22:00.000Z"},"country":"United Kingdom","OPM":16,"total_sale_volume":1116.5500378608704,"rate_of_return":0.0625}
{"window":{"start":"2022-12-09T06:15:00.000Z","end":"2022-12-09T06:16:00.000Z"},"country":"Germany","OPM":2,"total_sale_volume":94.45999908447266,"rate_of_return":0.0}
{"window":{"start":"2022-12-09T09:22:00.000Z","end":"2022-12-09T09:23:00.000Z"},"country":"Sweden","OPM":1,"total_sale_volume":30.0,"rate_of_return":0.0}
{"window":{"start":"2022-12-09T07:47:00.000Z","end":"2022-12-09T07:48:00.000Z"},"country":"United Kingdom","OPM":7,"total_sale_volume":279.75999641418457,"rate_of_return":0.0}
{"window":{"start":"2022-12-09T22:34:00.000Z","end":"2022-12-09T22:35:00.000Z"},"country":"United Kingdom","OPM":7,"total_sale_volume":23.450002670288086,"rate_of_return":0.14285714285714285}
{"window":{"start":"2022-12-08T18:13:00.000Z","end":"2022-12-08T18:14:00.000Z"},"country":"United Kingdom","OPM":8,"total_sale_volume":1140.6200006008148,"rate_of_return":0.0}
{"window":{"start":"2022-12-08T09:15:00.000Z","end":"2022-12-08T09:16:00.000Z"},"country":"France","OPM":1,"total_sale_volume":4.929999828338623,"rate_of_return":0.0}
{"window":{"start":"2022-12-09T07:10:00.000Z","end":"2022-12-09T07:11:00.000Z"},"country":"France","OPM":1,"total_sale_volume":9.899999618530273,"rate_of_return":0.0}
{"window":{"start":"2022-12-09T20:56:00.000Z","end":"2022-12-09T20:57:00.000Z"},"country":"France","OPM":1,"total_sale_volume":12.5,"rate_of_return":0.0}
{"window":{"start":"2022-12-08T18:14:00.000Z","end":"2022-12-08T18:15:00.000Z"},"country":"France","OPM":1,"total_sale_volume":16.5,"rate_of_return":0.0}
{"window":{"start":"2022-12-09T22:30:00.000Z","end":"2022-12-09T22:31:00.000Z"},"country":"United Kingdom","OPM":12,"total_sale_volume":416.52998900413513,"rate_of_return":0.0}
