{"window":{"start":"2022-12-08T14:53:00.000Z","end":"2022-12-08T14:54:00.000Z"},"country":"United Kingdom","OPM":15,"total_sale_volume":675.220011472702,"rate_of_return":0.13333333333333333}
{"window":{"start":"2022-12-09T23:37:00.000Z","end":"2022-12-09T23:38:00.000Z"},"country":"Italy","OPM":1,"total_sale_volume":146.77000427246094,"rate_of_return":0.0}
{"window":{"start":"2022-12-08T17:01:00.000Z","end":"2022-12-08T17:02:00.000Z"},"country":"United Kingdom","OPM":12,"total_sale_volume":925.4000043869019,"rate_of_return":0.0}
{"window":{"start":"2022-12-08T19:51:00.000Z","end":"2022-12-08T19:52:00.000Z"},"country":"United Kingdom","OPM":9,"total_sale_volume":965.9699884653091,"rate_of_return":0.0}
{"window":{"start":"2022-12-09T05:43:00.000Z","end":"2022-12-09T05:44:00.000Z"},"country":"United Kingdom","OPM":7,"total_sale_volume":773.2000045776367,"rate_of_return":0.0}
{"window":{"start":"2022-12-09T08:08:00.000Z","end":"2022-12-09T08:09:00.000Z"},"country":"Netherlands","OPM":1,"total_sale_volume":254.0699920654297,"rate_of_return":0.0}
{"window":{"start":"2022-12-08T21:59:00.000Z","end":"2022-12-08T22:00:00.000Z"},"country":"United Kingdom","OPM":5,"total_sale_volume":80.6100025177002,"rate_of_return":0.2}
{"window":{"start":"2022-12-08T21:18:00.000Z","end":"2022-12-08T21:19:00.000Z"},"country":"United Kingdom","OPM":14,"total_sale_volume":1413.8800865411758,"rate_of_return":0.14285714285714285}
{"window":{"start":"2022-12-09T03:04:00.000Z","end":"2022-12-09T03:05:00.000Z"},"country":"United Kingdom","OPM":10,"total_sale_volume":441.5700058937073,"rate_of_return":0.0}
{"window":{"start":"2022-12-09T17:39:00.000Z","end":"2022-12-09T17:40:00.000Z"},"country":"EIRE","OPM":1,"total_sale_volume":172.85000610351562,"rate_of_return":0.0}
{"window":{"start":"2022-12-09T08:00:00.000Z","end":"2022-12-09T08:01:00.000Z"},"country":"Germany","OPM":1,"total_sale_volume":22.5,"rate_of_return":0.0}
{"window":{"start":"2022-12-09T12:30:00.000Z","end":"2022-12-09T12:31:00.000Z"},"country":"Sweden","OPM":1,"total_sale_volume":28.93000030517578,"rate_of_return":0.0}
{"window":{"start":"2022-12-09T20:35:00.000Z","end":"2022-12-09T20:36:00.000Z"},"country":"United Kingdom","OPM":10,"total_sale_volume":570.8699970245361,"rate_of_return":0.0}
{"window":{"start":"2022-12-08T18:24:00.000Z","end":"2022-12-08T18:25:00.000Z"},"country":"United Kingdom","OPM":7,"total_sale_volume":244.9199924468994,"rate_of_return":0.0}
{"window":{"start":"2022-12-09T01:42:00.000Z","end":"2022-12-09T01:43:00.000Z"},"country":"Spain","OPM":1,"total_sale_volume":500.6300048828125,"rate_of_return":0.0}
{"window":{"start":"2022-12-09T15:09:00.000Z","end":"2022-12-09T15:10:00.000Z"},"country":"United Kingdom","OPM":15,"total_sale_volume":1090.2099995613098,"rate_of_return":0.0}
{"window":{"start":"2022-12-09T02:50:00.000Z","end":"2022-12-09T02:51:00.000Z"},"country":"Australia","OPM":1,"total_sale_volume":563.1500244140625,"rate_of_return":0.0}
{"window":{"start":"2022-12-08T09:04:00.000Z","end":"2022-12-08T09:05:00.000Z"},"country":"Switzerland","OPM":1,"total_sale_volume":1.7000000476837158,"rate_of_return":0.0}
{"window":{"start":"2022-12-08T10:23:00.000Z","end":"2022-12-08T10:24:00.000Z"},"country":"United Kingdom","OPM":6,"total_sale_volume":325.8300018310547,"rate_of_return":0.0}
{"window":{"start":"2022-12-08T17:31:00.000Z","end":"2022-12-08T17:32:00.000Z"},"country":"United Arab Emirates","OPM":1,"total_sale_volume":9.199999809265137,"rate_of_return":0.0}
{"window":{"start":"2022-12-08T11:25:00.000Z","end":"2022-12-08T11:26:00.000Z"},"country":"United Kingdom","OPM":12,"total_sale_volume":399.5899940729141,"rate_of_return":0.08333333333333333}
{"window":{"start":"2022-12-08T12:57:00.000Z","end":"2022-12-08T12:58:00.000Z"},"country":"Portugal","OPM":1,"total_sale_volume":18.96000099182129,"rate_of_return":0.0}
