{"window":{"start":"2022-12-09T02:20:00.000Z","end":"2022-12-09T02:21:00.000Z"},"country":"Hong Kong","OPM":1,"total_sale_volume":33.459999084472656,"rate_of_return":0.0}
{"window":{"start":"2022-12-08T14:49:00.000Z","end":"2022-12-08T14:50:00.000Z"},"country":"United Kingdom","OPM":5,"total_sale_volume":302.86999183893204,"rate_of_return":0.2}
{"window":{"start":"2022-12-09T07:31:00.000Z","end":"2022-12-09T07:32:00.000Z"},"country":"Germany","OPM":3,"total_sale_volume":159.1099967956543,"rate_of_return":0.0}
{"window":{"start":"2022-12-09T02:48:00.000Z","end":"2022-12-09T02:49:00.000Z"},"country":"United Kingdom","OPM":9,"total_sale_volume":14.359997898340225,"rate_of_return":0.2222222222222222}
{"window":{"start":"2022-12-08T17:49:00.000Z","end":"2022-12-08T17:50:00.000Z"},"country":"Netherlands","OPM":1,"total_sale_volume":29.329998016357422,"rate_of_return":0.0}
{"window":{"start":"2022-12-09T20:54:00.000Z","end":"2022-12-09T20:55:00.000Z"},"country":"EIRE","OPM":1,"total_sale_volume":24.75,"rate_of_return":0.0}
{"window":{"start":"2022-12-09T06:21:00.000Z","end":"2022-12-09T06:22:00.000Z"},"country":"Germany","OPM":1,"total_sale_volume":3.75,"rate_of_return":0.0}
{"window":{"start":"2022-12-09T16:29:00.000Z","end":"2022-12-09T16:30:00.000Z"},"country":"United Kingdom","OPM":8,"total_sale_volume":2285.9800815582275,"rate_of_return":0.125}
{"window":{"start":"2022-12-09T05:19:00.000Z","end":"2022-12-09T05:20:00.000Z"},"country":"United Kingdom","OPM":16,"total_sale_volume":1862.4699907302856,"rate_of_return":0.0625}
{"window":{"start":"2022-12-09T19:14:00.000Z","end":"2022-12-09T19:15:00.000Z"},"country":"EIRE","OPM":1,"total_sale_volume":34.130001068115234,"rate_of_return":0.0}
{"window":{"start":"2022-12-08T10:22:00.000Z","end":"2022-12-08T10:23:00.000Z"},"country":"Belgium","OPM":1,"total_sale_volume":22.5,"rate_of_return":0.0}
{"window":{"start":"2022-12-09T05:38:00.000Z","end":"2022-12-09T05:39:00.000Z"},"country":"Germany","OPM":1,"total_sale_volume":22.670000076293945,"rate_of_return":0.0}
{"window":{"start":"2022-12-08T08:56:00.000Z","end":"2022-12-08T08:57:00.000Z"},"country":"United Kingdom","OPM":12,"total_sale_volume":812.3700132369995,"rate_of_return":0.0}
{"window":{"start":"2022-12-09T05:39:00.000Z","end":"2022-12-09T05:40:00.000Z"},"country":"United Kingdom","OPM":9,"total_sale_volume":273.59999656677246,"rate_of_return":0.1111111111111111}
{"window":{"start":"2022-12-09T00:37:00.000Z","end":"2022-12-09T00:38:00.000Z"},"country":"France","OPM":1,"total_sale_volume":86.45999908447266,"rate_of_return":0.0}
