{"window":{"start":"2022-12-09T08:19:00.000Z","end":"2022-12-09T08:20:00.000Z"},"country":"United Kingdom","OPM":8,"total_sale_volume":222.01000410318375,"rate_of_return":0.0}
{"window":{"start":"2022-12-08T11:16:00.000Z","end":"2022-12-08T11:17:00.000Z"},"country":"France","OPM":1,"total_sale_volume":7.849999904632568,"rate_of_return":0.0}
{"window":{"start":"2022-12-09T04:05:00.000Z","end":"2022-12-09T04:06:00.000Z"},"country":"United Kingdom","OPM":9,"total_sale_volume":1297.38995885849,"rate_of_return":0.1111111111111111}
{"window":{"start":"2022-12-09T18:15:00.000Z","end":"2022-12-09T18:16:00.000Z"},"country":"France","OPM":1,"total_sale_volume":17.90999984741211,"rate_of_return":0.0}
{"window":{"start":"2022-12-08T14:27:00.000Z","end":"2022-12-08T14:28:00.000Z"},"country":"United Kingdom","OPM":10,"total_sale_volume":784.8599643707275,"rate_of_return":0.0}
{"window":{"start":"2022-12-09T16:03:00.000Z","end":"2022-12-09T16:04:00.000Z"},"country":"Channel Islands","OPM":1,"total_sale_volume":-5.449999809265137,"rate_of_return":1.0}
{"window":{"start":"2022-12-08T20:23:00.000Z","end":"2022-12-08T20:24:00.000Z"},"country":"Switzerland","OPM":1,"total_sale_volume":26.399999618530273,"rate_of_return":0.0}
{"window":{"start":"2022-12-08T16:27:00.000Z","end":"2022-12-08T16:28:00.000Z"},"country":"France","OPM":1,"total_sale_volume":19.28999900817871,"rate_of_return":0.0}
{"window":{"start":"2022-12-09T15:30:00.000Z","end":"2022-12-09T15:31:00.000Z"},"country":"France","OPM":2,"total_sale_volume":45.720001220703125,"rate_of_return":0.0}
{"window":{"start":"2022-12-08T12:45:00.000Z","end":"2022-12-08T12:46:00.000Z"},"country":"United Kingdom","OPM":11,"total_sale_volume":1211.6999707221985,"rate_of_return":0.0}
{"window":{"start":"2022-12-08T23:20:00.000Z","end":"2022-12-08T23:21:00.000Z"},"country":"United Kingdom","OPM":12,"total_sale_volume":376.14999532699585,"rate_of_return":0.0}
{"window":{"start":"2022-12-09T23:41:00.000Z","end":"2022-12-09T23:42:00.000Z"},"country":"France","OPM":1,"total_sale_volume":0.8299999833106995,"rate_of_return":0.0}
{"window":{"start":"2022-12-09T00:40:00.000Z","end":"2022-12-09T00:41:00.000Z"},"country":"France","OPM":1,"total_sale_volume":16.399999618530273,"rate_of_return":0.0}
{"window":{"start":"2022-12-08T12:55:00.000Z","end":"2022-12-08T12:56:00.000Z"},"country":"Spain","OPM":1,"total_sale_volume":2.490000009536743,"rate_of_return":0.0}
{"window":{"start":"2022-12-08T20:25:00.000Z","end":"2022-12-08T20:26:00.000Z"},"country":"Germany","OPM":1,"total_sale_volume":59.44999694824219,"rate_of_return":0.0}
{"window":{"start":"2022-12-08T23:07:00.000Z","end":"2022-12-08T23:08:00.000Z"},"country":"Cyprus","OPM":1,"total_sale_volume":59.39999771118164,"rate_of_return":0.0}
{"window":{"start":"2022-12-09T13:08:00.000Z","end":"2022-12-09T13:09:00.000Z"},"country":"EIRE","OPM":1,"total_sale_volume":2.4600000381469727,"rate_of_return":0.0}
{"window":{"start":"2022-12-09T03:14:00.000Z","end":"2022-12-09T03:15:00.000Z"},"country":"EIRE","OPM":1,"total_sale_volume":21.3799991607666,"rate_of_return":0.0}
{"window":{"start":"2022-12-09T20:02:00.000Z","end":"2022-12-09T20:03:00.000Z"},"country":"United Kingdom","OPM":9,"total_sale_volume":259.9000015258789,"rate_of_return":0.1111111111111111}
{"window":{"start":"2022-12-08T20:19:00.000Z","end":"2022-12-08T20:20:00.000Z"},"country":"United Kingdom","OPM":5,"total_sale_volume":695.3699924945831,"rate_of_return":0.0}
{"window":{"start":"2022-12-08T08:32:00.000Z","end":"2022-12-08T08:33:00.000Z"},"country":"Finland","OPM":1,"total_sale_volume":5.800000190734863,"rate_of_return":0.0}
{"window":{"start":"2022-12-09T06:18:00.000Z","end":"2022-12-09T06:19:00.000Z"},"country":"United Kingdom","OPM":13,"total_sale_volume":509.82000851631165,"rate_of_return":0.0}
{"window":{"start":"2022-12-08T11:42:00.000Z","end":"2022-12-08T11:43:00.000Z"},"country":"United Kingdom","OPM":7,"total_sale_volume":126.32000064849854,"rate_of_return":0.0}
{"window":{"start":"2022-12-09T02:52:00.000Z","end":"2022-12-09T02:53:00.000Z"},"country":"EIRE","OPM":1,"total_sale_volume":83.19999694824219,"rate_of_return":0.0}
{"window":{"start":"2022-12-08T11:23:00.000Z","end":"2022-12-08T11:24:00.000Z"},"country":"France","OPM":1,"total_sale_volume":3.259999990463257,"rate_of_return":0.0}
