{"window":{"start":"2022-12-09T16:27:00.000Z","end":"2022-12-09T16:28:00.000Z"},"country":"United Kingdom","OPM":7,"total_sale_volume":147.7299976348877,"rate_of_return":0.0}
{"window":{"start":"2022-12-09T20:03:00.000Z","end":"2022-12-09T20:04:00.000Z"},"country":"Germany","OPM":1,"total_sale_volume":86.31999969482422,"rate_of_return":0.0}
{"window":{"start":"2022-12-08T10:20:00.000Z","end":"2022-12-08T10:21:00.000Z"},"country":"Hong Kong","OPM":1,"total_sale_volume":3.950000047683716,"rate_of_return":0.0}
{"window":{"start":"2022-12-09T20:15:00.000Z","end":"2022-12-09T20:16:00.000Z"},"country":"Germany","OPM":1,"total_sale_volume":13.739999771118164,"rate_of_return":0.0}
{"window":{"start":"2022-12-09T14:37:00.000Z","end":"2022-12-09T14:38:00.000Z"},"country":"United Kingdom","OPM":10,"total_sale_volume":549.9600019454956,"rate_of_return":0.0}
{"window":{"start":"2022-12-08T09:05:00.000Z","end":"2022-12-08T09:06:00.000Z"},"country":"Israel","OPM":1,"total_sale_volume":19.889999389648438,"rate_of_return":0.0}
{"window":{"start":"2022-12-08T21:34:00.000Z","end":"2022-12-08T21:35:00.000Z"},"country":"EIRE","OPM":2,"total_sale_volume":51.6299991607666,"rate_of_return":0.0}
{"window":{"start":"2022-12-09T14:29:00.000Z","end":"2022-12-09T14:30:00.000Z"},"country":"United Kingdom","OPM":14,"total_sale_volume":535.0600029826164,"rate_of_return":0.07142857142857142}
{"window":{"start":"2022-12-09T15:58:00.000Z","end":"2022-12-09T15:59:00.000Z"},"country":"France","OPM":1,"total_sale_volume":2.5,"rate_of_return":0.0}
{"window":{"start":"2022-12-09T19:45:00.000Z","end":"2022-12-09T19:46:00.000Z"},"country":"EIRE","OPM":1,"total_sale_volume":9.350000381469727,"rate_of_return":0.0}
{"window":{"start":"2022-12-08T14:55:00.000Z","end":"2022-12-08T14:56:00.000Z"},"country":"Netherlands","OPM":1,"total_sale_volume":55.13999938964844,"rate_of_return":0.0}
{"window":{"start":"2022-12-09T17:28:00.000Z","end":"2022-12-09T17:29:00.000Z"},"country":"United Kingdom","OPM":7,"total_sale_volume":597.0099987983704,"rate_of_return":0.0}
{"window":{"start":"2022-12-08T10:39:00.000Z","end":"2022-12-08T10:40:00.000Z"},"country":"United Kingdom","OPM":7,"total_sale_volume":115.64999824762344,"rate_of_return":0.0}
{"window":{"start":"2022-12-09T01:57:00.000Z","end":"2022-12-09T01:58:00.000Z"},"country":"United Kingdom","OPM":11,"total_sale_volume":401.2299771308899,"rate_of_return":0.0}
{"window":{"start":"2022-12-09T08:43:00.000Z","end":"2022-12-09T08:44:00.000Z"},"country":"Cyprus","OPM":1,"total_sale_volume":21.959999084472656,"rate_of_return":0.0}
{"window":{"start":"2022-12-09T16:22:00.000Z","end":"2022-12-09T16:23:00.000Z"},"country":"Netherlands","OPM":1,"total_sale_volume":80.5999984741211,"rate_of_return":0.0}
{"window":{"start":"2022-12-09T16:08:00.000Z","end":"2022-12-09T16:09:00.000Z"},"country":"United Kingdom","OPM":9,"total_sale_volume":700.4599990844727,"rate_of_return":0.0}
{"window":{"start":"2022-12-09T21:00:00.000Z","end":"2022-12-09T21:01:00.000Z"},"country":"United Kingdom","OPM":6,"total_sale_volume":159.32999801635742,"rate_of_return":0.0}
{"window":{"start":"2022-12-09T16:20:00.000Z","end":"2022-12-09T16:21:00.000Z"},"country":"United Kingdom","OPM":10,"total_sale_volume":503.0700088739395,"rate_of_return":0.1}
{"window":{"start":"2022-12-09T01:17:00.000Z","end":"2022-12-09T01:18:00.000Z"},"country":"EIRE","OPM":1,"total_sale_volume":50.70000076293945,"rate_of_return":0.0}
{"window":{"start":"2022-12-09T09:00:00.000Z","end":"2022-12-09T09:01:00.000Z"},"country":"United Kingdom","OPM":10,"total_sale_volume":129.9399812221527,"rate_of_return":0.2}
{"window":{"start":"2022-12-09T08:16:00.000Z","end":"2022-12-09T08:17:00.000Z"},"country":"United Kingdom","OPM":8,"total_sale_volume":635.0600099563599,"rate_of_return":0.0}
{"window":{"start":"2022-12-08T22:59:00.000Z","end":"2022-12-08T23:00:00.000Z"},"country":"Belgium","OPM":1,"total_sale_volume":90.52000427246094,"rate_of_return":0.0}
