{"window":{"start":"2022-12-09T10:03:00.000Z","end":"2022-12-09T10:04:00.000Z"},"country":"France","OPM":1,"total_sale_volume":24.75,"rate_of_return":0.0}
{"window":{"start":"2022-12-09T23:29:00.000Z","end":"2022-12-09T23:30:00.000Z"},"country":"Spain","OPM":1,"total_sale_volume":44.58000183105469,"rate_of_return":0.0}
{"window":{"start":"2022-12-09T21:04:00.000Z","end":"2022-12-09T21:05:00.000Z"},"country":"United Kingdom","OPM":9,"total_sale_volume":504.63000547885895,"rate_of_return":0.0}
{"window":{"start":"2022-12-09T06:41:00.000Z","end":"2022-12-09T06:42:00.000Z"},"country":"United Kingdom","OPM":4,"total_sale_volume":96.68000078201294,"rate_of_return":0.0}
{"window":{"start":"2022-12-09T04:17:00.000Z","end":"2022-12-09T04:18:00.000Z"},"country":"France","OPM":1,"total_sale_volume":47.62999725341797,"rate_of_return":0.0}
{"window":{"start":"2022-12-09T23:26:00.000Z","end":"2022-12-09T23:27:00.000Z"},"country":"EIRE","OPM":1,"total_sale_volume":-137.44000244140625,"rate_of_return":1.0}
{"window":{"start":"2022-12-09T02:12:00.000Z","end":"2022-12-09T02:13:00.000Z"},"country":"United Kingdom","OPM":11,"total_sale_volume":829.9799938201904,"rate_of_return":0.0}
{"window":{"start":"2022-12-09T19:55:00.000Z","end":"2022-12-09T19:56:00.000Z"},"country":"United Kingdom","OPM":16,"total_sale_volume":1444.7099952697754,"rate_of_return":0.0625}
{"window":{"start":"2022-12-09T00:10:00.000Z","end":"2022-12-09T00:11:00.000Z"},"country":"Netherlands","OPM":1,"total_sale_volume":429.0699768066406,"rate_of_return":0.0}
{"window":{"start":"2022-12-08T17:15:00.000Z","end":"2022-12-08T17:16:00.000Z"},"country":"France","OPM":2,"total_sale_volume":94.26000022888184,"rate_of_return":0.0}
{"window":{"start":"2022-12-09T07:01:00.000Z","end":"2022-12-09T07:02:00.000Z"},"country":"France","OPM":2,"total_sale_volume":217.0,"rate_of_return":0.0}
{"window":{"start":"2022-12-09T15:42:00.000Z","end":"2022-12-09T15:43:00.000Z"},"country":"France","OPM":1,"total_sale_volume":-8.5,"rate_of_return":1.0}
{"window":{"start":"2022-12-08T11:07:00.000Z","end":"2022-12-08T11:08:00.000Z"},"country":"Australia","OPM":1,"total_sale_volume":91.91999816894531,"rate_of_return":0.0}
{"window":{"start":"2022-12-09T06:32:00.000Z","end":"2022-12-09T06:33:00.000Z"},"country":"United Kingdom","OPM":14,"total_sale_volume":867.3100017309189,"rate_of_return":0.07142857142857142}
{"window":{"start":"2022-12-09T12:52:00.000Z","end":"2022-12-09T12:53:00.000Z"},"country":"Canada","OPM":1,"total_sale_volume":112.90999603271484,"rate_of_return":0.0}
{"window":{"start":"2022-12-09T07:37:00.000Z","end":"2022-12-09T07:38:00.000Z"},"country":"EIRE","OPM":1,"total_sale_volume":6.519999980926514,"rate_of_return":0.0}
{"window":{"start":"2022-12-09T03:10:00.000Z","end":"2022-12-09T03:11:00.000Z"},"country":"United Kingdom","OPM":12,"total_sale_volume":429.90000104904175,"rate_of_return":0.16666666666666666}
{"window":{"start":"2022-12-08T10:53:00.000Z","end":"2022-12-08T10:54:00.000Z"},"country":"Switzerland","OPM":1,"total_sale_volume":49.970001220703125,"rate_of_return":0.0}
{"window":{"start":"2022-12-09T06:46:00.000Z","end":"2022-12-09T06:47:00.000Z"},"country":"Spain","OPM":1,"total_sale_volume":1.4500000476837158,"rate_of_return":0.0}
{"window":{"start":"2022-12-09T20:41:00.000Z","end":"2022-12-09T20:42:00.000Z"},"country":"EIRE","OPM":1,"total_sale_volume":33.43000030517578,"rate_of_return":0.0}
{"window":{"start":"2022-12-09T23:21:00.000Z","end":"2022-12-09T23:22:00.000Z"},"country":"Israel","OPM":1,"total_sale_volume":42.29999923706055,"rate_of_return":0.0}
{"window":{"start":"2022-12-09T03:27:00.000Z","end":"2022-12-09T03:28:00.000Z"},"country":"United Kingdom","OPM":13,"total_sale_volume":535.6599969863892,"rate_of_return":0.0}
{"window":{"start":"2022-12-09T10:01:00.000Z","end":"2022-12-09T10:02:00.000Z"},"country":"Germany","OPM":1,"total_sale_volume":27.729999542236328,"rate_of_return":0.0}
{"window":{"start":"2022-12-08T16:19:00.000Z","end":"2022-12-08T16:20:00.000Z"},"country":"United Kingdom","OPM":8,"total_sale_volume":676.8300030231476,"rate_of_return":0.0}
