{"window":{"start":"2022-12-09T23:18:00.000Z","end":"2022-12-09T23:19:00.000Z"},"country":"United Kingdom","OPM":12,"total_sale_volume":487.3199939727783,"rate_of_return":0.0}
{"window":{"start":"2022-12-09T14:22:00.000Z","end":"2022-12-09T14:23:00.000Z"},"country":"France","OPM":1,"total_sale_volume":98.97000122070312,"rate_of_return":0.0}
{"window":{"start":"2022-12-09T23:25:00.000Z","end":"2022-12-09T23:26:00.000Z"},"country":"United Kingdom","OPM":10,"total_sale_volume":776.4599822759628,"rate_of_return":0.0}
{"window":{"start":"2022-12-08T19:34:00.000Z","end":"2022-12-08T19:35:00.000Z"},"country":"United Kingdom","OPM":14,"total_sale_volume":1366.9099785089493,"rate_of_return":0.21428571428571427}
{"window":{"start":"2022-12-09T13:33:00.000Z","end":"2022-12-09T13:34:00.000Z"},"country":"Denmark","OPM":1,"total_sale_volume":16.600000381469727,"rate_of_return":0.0}
{"window":{"start":"2022-12-08T16:25:00.000Z","end":"2022-12-08T16:26:00.000Z"},"country":"France","OPM":1,"total_sale_volume":26.139999389648438,"rate_of_return":0.0}
{"window":{"start":"2022-12-08T08:09:00.000Z","end":"2022-12-08T08:10:00.000Z"},"country":"United Kingdom","OPM":5,"total_sale_volume":333.3499879837036,"rate_of_return":0.2}
{"window":{"start":"2022-12-09T17:04:00.000Z","end":"2022-12-09T17:05:00.000Z"},"country":"United Kingdom","OPM":16,"total_sale_volume":778.5900001525879,"rate_of_return":0.0}
{"window":{"start":"2022-12-09T13:34:00.000Z","end":"2022-12-09T13:35:00.000Z"},"country":"Switzerland","OPM":1,"total_sale_volume":7.949999809265137,"rate_of_return":0.0}
{"window":{"start":"2022-12-08T22:02:00.000Z","end":"2022-12-08T22:03:00.000Z"},"country":"EIRE","OPM":1,"total_sale_volume":124.1500015258789,"rate_of_return":0.0}
{"window":{"start":"2022-12-08T09:31:00.000Z","end":"2022-12-08T09:32:00.000Z"},"country":"EIRE","OPM":1,"total_sale_volume":39.5,"rate_of_return":0.0}
{"window":{"start":"2022-12-09T09:34:00.000Z","end":"2022-12-09T09:35:00.000Z"},"country":"France","OPM":1,"total_sale_volume":5.75,"rate_of_return":0.0}
{"window":{"start":"2022-12-08T08:43:00.000Z","end":"2022-12-08T08:44:00.000Z"},"country":"United Kingdom","OPM":6,"total_sale_volume":197.6800035238266,"rate_of_return":0.0}
{"window":{"start":"2022-12-08T12:47:00.000Z","end":"2022-12-08T12:48:00.000Z"},"country":"EIRE","OPM":1,"total_sale_volume":109.29000091552734,"rate_of_return":0.0}
{"window":{"start":"2022-12-09T08:06:00.000Z","end":"2022-12-09T08:07:00.000Z"},"country":"United Kingdom","OPM":9,"total_sale_volume":921.939979672432,"rate_of_return":0.1111111111111111}
{"window":{"start":"2022-12-08T09:49:00.000Z","end":"2022-12-08T09:50:00.000Z"},"country":"Belgium","OPM":1,"total_sale_volume":86.52000427246094,"rate_of_return":0.0}
{"window":{"start":"2022-12-09T11:28:00.000Z","end":"2022-12-09T11:29:00.000Z"},"country":"United Kingdom","OPM":10,"total_sale_volume":300.01999950408936,"rate_of_return":0.0}
{"window":{"start":"2022-12-08T10:24:00.000Z","end":"2022-12-08T10:25:00.000Z"},"country":"United Kingdom","OPM":6,"total_sale_volume":462.9400053024292,"rate_of_return":0.0}
{"window":{"start":"2022-12-08T14:44:00.000Z","end":"2022-12-08T14:45:00.000Z"},"country":"United Kingdom","OPM":4,"total_sale_volume":69.41000175476074,"rate_of_return":0.0}
{"window":{"start":"2022-12-09T04:37:00.000Z","end":"2022-12-09T04:38:00.000Z"},"country":"United Kingdom","OPM":12,"total_sale_volume":1013.8700070381165,"rate_of_return":0.0}
{"window":{"start":"2022-12-09T22:51:00.000Z","end":"2022-12-09T22:52:00.000Z"},"country":"Germany","OPM":1,"total_sale_volume":69.5999984741211,"rate_of_return":0.0}
{"window":{"start":"2022-12-09T12:38:00.000Z","end":"2022-12-09T12:39:00.000Z"},"country":"United Kingdom","OPM":6,"total_sale_volume":275.0399992465973,"rate_of_return":0.0}
{"window":{"start":"2022-12-09T21:23:00.000Z","end":"2022-12-09T21:24:00.000Z"},"country":"United Kingdom","OPM":11,"total_sale_volume":719.2400020360947,"rate_of_return":0.09090909090909091}
{"window":{"start":"2022-12-09T05:51:00.000Z","end":"2022-12-09T05:52:00.000Z"},"country":"Germany","OPM":1,"total_sale_volume":81.18000030517578,"rate_of_return":0.0}
