{"window":{"start":"2022-12-08T23:39:00.000Z","end":"2022-12-08T23:40:00.000Z"},"country":"Germany","OPM":1,"total_sale_volume":30.0,"rate_of_return":0.0}
{"window":{"start":"2022-12-08T13:22:00.000Z","end":"2022-12-08T13:23:00.000Z"},"country":"United Kingdom","OPM":11,"total_sale_volume":509.6599950790405,"rate_of_return":0.0}
{"window":{"start":"2022-12-09T18:09:00.000Z","end":"2022-12-09T18:10:00.000Z"},"country":"United Kingdom","OPM":15,"total_sale_volume":857.5899782180786,"rate_of_return":0.13333333333333333}
{"window":{"start":"2022-12-09T18:34:00.000Z","end":"2022-12-09T18:35:00.000Z"},"country":"United Kingdom","OPM":8,"total_sale_volume":314.809996843338,"rate_of_return":0.0}
{"window":{"start":"2022-12-09T20:20:00.000Z","end":"2022-12-09T20:21:00.000Z"},"country":"Germany","OPM":1,"total_sale_volume":25.0,"rate_of_return":0.0}
{"window":{"start":"2022-12-08T11:47:00.000Z","end":"2022-12-08T11:48:00.000Z"},"country":"United Kingdom","OPM":4,"total_sale_volume":238.54999923706055,"rate_of_return":0.25}
{"window":{"start":"2022-12-09T11:55:00.000Z","end":"2022-12-09T11:56:00.000Z"},"country":"EIRE","OPM":1,"total_sale_volume":198.9199981689453,"rate_of_return":0.0}
{"window":{"start":"2022-12-08T20:13:00.000Z","end":"2022-12-08T20:14:00.000Z"},"country":"United Kingdom","OPM":5,"total_sale_volume":371.7100067138672,"rate_of_return":0.0}
{"window":{"start":"2022-12-09T13:56:00.000Z","end":"2022-12-09T13:57:00.000Z"},"country":"United Kingdom","OPM":12,"total_sale_volume":1290.0900104045868,"rate_of_return":0.0}
{"window":{"start":"2022-12-09T17:50:00.000Z","end":"2022-12-09T17:51:00.000Z"},"country":"United Kingdom","OPM":7,"total_sale_volume":172.31000995635986,"rate_of_return":0.2857142857142857}
{"window":{"start":"2022-12-08T08:53:00.000Z","end":"2022-12-08T08:54:00.000Z"},"country":"Germany","OPM":1,"total_sale_volume":12.75,"rate_of_return":0.0}
{"window":{"start":"2022-12-09T13:08:00.000Z","end":"2022-12-09T13:09:00.000Z"},"country":"United Kingdom","OPM":8,"total_sale_volume":313.89999866485596,"rate_of_return":0.0}
{"window":{"start":"2022-12-08T09:17:00.000Z","end":"2022-12-08T09:18:00.000Z"},"country":"France","OPM":1,"total_sale_volume":4.210000038146973,"rate_of_return":0.0}
{"window":{"start":"2022-12-09T04:23:00.000Z","end":"2022-12-09T04:24:00.000Z"},"country":"United Kingdom","OPM":6,"total_sale_volume":475.8799991607666,"rate_of_return":0.0}
{"window":{"start":"2022-12-08T19:27:00.000Z","end":"2022-12-08T19:28:00.000Z"},"country":"United Kingdom","OPM":5,"total_sale_volume":224.34999972581863,"rate_of_return":0.0}
{"window":{"start":"2022-12-09T00:00:00.000Z","end":"2022-12-09T00:01:00.000Z"},"country":"United Kingdom","OPM":5,"total_sale_volume":95.61999917030334,"rate_of_return":0.0}
{"window":{"start":"2022-12-08T15:37:00.000Z","end":"2022-12-08T15:38:00.000Z"},"country":"United Kingdom","OPM":6,"total_sale_volume":406.7199869155884,"rate_of_return":0.16666666666666666}
{"window":{"start":"2022-12-09T07:41:00.000Z","end":"2022-12-09T07:42:00.000Z"},"country":"Germany","OPM":1,"total_sale_volume":84.5999984741211,"rate_of_return":0.0}
{"window":{"start":"2022-12-09T02:46:00.000Z","end":"2022-12-09T02:47:00.000Z"},"country":"France","OPM":1,"total_sale_volume":97.66999816894531,"rate_of_return":0.0}
{"window":{"start":"2022-12-09T10:00:00.000Z","end":"2022-12-09T10:01:00.000Z"},"country":"United Kingdom","OPM":9,"total_sale_volume":402.16999530792236,"rate_of_return":0.0}
{"window":{"start":"2022-12-09T18:14:00.000Z","end":"2022-12-09T18:15:00.000Z"},"country":"United Kingdom","OPM":6,"total_sale_volume":481.24999737739563,"rate_of_return":0.0}
{"window":{"start":"2022-12-08T20:42:00.000Z","end":"2022-12-08T20:43:00.000Z"},"country":"United Kingdom","OPM":9,"total_sale_volume":930.4700050354004,"rate_of_return":0.0}
{"window":{"start":"2022-12-09T16:45:00.000Z","end":"2022-12-09T16:46:00.000Z"},"country":"Germany","OPM":1,"total_sale_volume":20.6200008392334,"rate_of_return":0.0}
{"window":{"start":"2022-12-09T09:04:00.000Z","end":"2022-12-09T09:05:00.000Z"},"country":"EIRE","OPM":1,"total_sale_volume":92.56999969482422,"rate_of_return":0.0}
{"window":{"start":"2022-12-09T22:05:00.000Z","end":"2022-12-09T22:06:00.000Z"},"country":"Switzerland","OPM":1,"total_sale_volume":115.13999938964844,"rate_of_return":0.0}
