{"window":{"start":"2022-12-08T15:57:00.000Z","end":"2022-12-08T15:58:00.000Z"},"country":"United Kingdom","OPM":5,"total_sale_volume":205.9100034236908,"rate_of_return":0.0}
{"window":{"start":"2022-12-09T20:04:00.000Z","end":"2022-12-09T20:05:00.000Z"},"country":"United Kingdom","OPM":5,"total_sale_volume":744.770022392273,"rate_of_return":0.0}
{"window":{"start":"2022-12-09T11:22:00.000Z","end":"2022-12-09T11:23:00.000Z"},"country":"United Kingdom","OPM":5,"total_sale_volume":896.1100387573242,"rate_of_return":0.0}
{"window":{"start":"2022-12-08T11:11:00.000Z","end":"2022-12-08T11:12:00.000Z"},"country":"France","OPM":1,"total_sale_volume":2.370000123977661,"rate_of_return":0.0}
{"window":{"start":"2022-12-08T14:12:00.000Z","end":"2022-12-08T14:13:00.000Z"},"country":"United Kingdom","OPM":14,"total_sale_volume":1178.620007276535,"rate_of_return":0.0}
{"window":{"start":"2022-12-09T15:43:00.000Z","end":"2022-12-09T15:44:00.000Z"},"country":"Denmark","OPM":1,"total_sale_volume":69.5999984741211,"rate_of_return":0.0}
{"window":{"start":"2022-12-09T14:47:00.000Z","end":"2022-12-09T14:48:00.000Z"},"country":"Switzerland","OPM":1,"total_sale_volume":6.519999980926514,"rate_of_return":0.0}
{"window":{"start":"2022-12-08T15:15:00.000Z","end":"2022-12-08T15:16:00.000Z"},"country":"United Kingdom","OPM":16,"total_sale_volume":1406.0499792099,"rate_of_return":0.0}
{"window":{"start":"2022-12-09T05:26:00.000Z","end":"2022-12-09T05:27:00.000Z"},"country":"France","OPM":1,"total_sale_volume":176.33999633789062,"rate_of_return":0.0}
{"window":{"start":"2022-12-09T21:12:00.000Z","end":"2022-12-09T21:13:00.000Z"},"country":"Spain","OPM":1,"total_sale_volume":9.869999885559082,"rate_of_return":0.0}
{"window":{"start":"2022-12-08T22:47:00.000Z","end":"2022-12-08T22:48:00.000Z"},"country":"EIRE","OPM":1,"total_sale_volume":59.54999923706055,"rate_of_return":0.0}
{"window":{"start":"2022-12-08T13:16:00.000Z","end":"2022-12-08T13:17:00.000Z"},"country":"United Kingdom","OPM":9,"total_sale_volume":311.70999813079834,"rate_of_return":0.0}
{"window":{"start":"2022-12-09T00:17:00.000Z","end":"2022-12-09T00:18:00.000Z"},"country":"Australia","OPM":1,"total_sale_volume":54.290000915527344,"rate_of_return":0.0}
{"window":{"start":"2022-12-09T07:33:00.000Z","end":"2022-12-09T07:34:00.000Z"},"country":"United Kingdom","OPM":9,"total_sale_volume":1093.7400045394897,"rate_of_return":0.0}
{"window":{"start":"2022-12-09T19:40:00.000Z","end":"2022-12-09T19:41:00.000Z"},"country":"France","OPM":1,"total_sale_volume":-4.130000114440918,"rate_of_return":1.0}
{"window":{"start":"2022-12-09T03:26:00.000Z","end":"2022-12-09T03:27:00.000Z"},"country":"United Kingdom","OPM":10,"total_sale_volume":811.0900061130524,"rate_of_return":0.0}
{"window":{"start":"2022-12-09T00:34:00.000Z","end":"2022-12-09T00:35:00.000Z"},"country":"Channel Islands","OPM":1,"total_sale_volume":50.08000183105469,"rate_of_return":0.0}
{"window":{"start":"2022-12-09T21:26:00.000Z","end":"2022-12-09T21:27:00.000Z"},"country":"Norway","OPM":1,"total_sale_volume":76.29999542236328,"rate_of_return":0.0}
