{"window":{"start":"2022-12-09T00:56:00.000Z","end":"2022-12-09T00:57:00.000Z"},"country":"United Kingdom","OPM":10,"total_sale_volume":846.5099999308586,"rate_of_return":0.1}
{"window":{"start":"2022-12-09T21:25:00.000Z","end":"2022-12-09T21:26:00.000Z"},"country":"United Kingdom","OPM":6,"total_sale_volume":519.5399906635284,"rate_of_return":0.0}
{"window":{"start":"2022-12-09T02:14:00.000Z","end":"2022-12-09T02:15:00.000Z"},"country":"United Kingdom","OPM":5,"total_sale_volume":245.2100009918213,"rate_of_return":0.0}
{"window":{"start":"2022-12-08T10:05:00.000Z","end":"2022-12-08T10:06:00.000Z"},"country":"France","OPM":2,"total_sale_volume":76.46999931335449,"rate_of_return":0.0}
{"window":{"start":"2022-12-08T16:13:00.000Z","end":"2022-12-08T16:14:00.000Z"},"country":"Netherlands","OPM":1,"total_sale_volume":26.700000762939453,"rate_of_return":0.0}
{"window":{"start":"2022-12-09T20:38:00.000Z","end":"2022-12-09T20:39:00.000Z"},"country":"Germany","OPM":1,"total_sale_volume":5.039999961853027,"rate_of_return":0.0}
{"window":{"start":"2022-12-09T02:09:00.000Z","end":"2022-12-09T02:10:00.000Z"},"country":"Finland","OPM":1,"total_sale_volume":34.25,"rate_of_return":0.0}
{"window":{"start":"2022-12-08T17:05:00.000Z","end":"2022-12-08T17:06:00.000Z"},"country":"France","OPM":1,"total_sale_volume":16.510000228881836,"rate_of_return":0.0}
{"window":{"start":"2022-12-08T22:27:00.000Z","end":"2022-12-08T22:28:00.000Z"},"country":"United Kingdom","OPM":14,"total_sale_volume":850.3299875259399,"rate_of_return":0.07142857142857142}
{"window":{"start":"2022-12-09T03:09:00.000Z","end":"2022-12-09T03:10:00.000Z"},"country":"EIRE","OPM":1,"total_sale_volume":6.71999979019165,"rate_of_return":0.0}
{"window":{"start":"2022-12-08T15:42:00.000Z","end":"2022-12-08T15:43:00.000Z"},"country":"Spain","OPM":1,"total_sale_volume":44.05999755859375,"rate_of_return":0.0}
{"window":{"start":"2022-12-09T02:50:00.000Z","end":"2022-12-09T02:51:00.000Z"},"country":"United Kingdom","OPM":11,"total_sale_volume":571.3999919891357,"rate_of_return":0.09090909090909091}
{"window":{"start":"2022-12-08T19:19:00.000Z","end":"2022-12-08T19:20:00.000Z"},"country":"EIRE","OPM":1,"total_sale_volume":4.949999809265137,"rate_of_return":0.0}
{"window":{"start":"2022-12-08T20:57:00.000Z","end":"2022-12-08T20:58:00.000Z"},"country":"United Kingdom","OPM":8,"total_sale_volume":302.550008058548,"rate_of_return":0.0}
{"window":{"start":"2022-12-08T16:29:00.000Z","end":"2022-12-08T16:30:00.000Z"},"country":"United Kingdom","OPM":10,"total_sale_volume":5672.019926190376,"rate_of_return":0.0}
{"window":{"start":"2022-12-09T02:14:00.000Z","end":"2022-12-09T02:15:00.000Z"},"country":"Australia","OPM":1,"total_sale_volume":26.85999870300293,"rate_of_return":0.0}
