{"window":{"start":"2022-12-08T09:51:00.000Z","end":"2022-12-08T09:52:00.000Z"},"country":"United Kingdom","OPM":16,"total_sale_volume":992.0599911212921,"rate_of_return":0.0}
{"window":{"start":"2022-12-09T14:31:00.000Z","end":"2022-12-09T14:32:00.000Z"},"country":"Spain","OPM":1,"total_sale_volume":51.39999771118164,"rate_of_return":0.0}
{"window":{"start":"2022-12-09T10:14:00.000Z","end":"2022-12-09T10:15:00.000Z"},"country":"EIRE","OPM":1,"total_sale_volume":97.36000061035156,"rate_of_return":0.0}
{"window":{"start":"2022-12-09T20:25:00.000Z","end":"2022-12-09T20:26:00.000Z"},"country":"United Kingdom","OPM":12,"total_sale_volume":399.8899992108345,"rate_of_return":0.0}
{"window":{"start":"2022-12-08T08:12:00.000Z","end":"2022-12-08T08:13:00.000Z"},"country":"Netherlands","OPM":1,"total_sale_volume":32.20000076293945,"rate_of_return":0.0}
{"window":{"start":"2022-12-09T03:26:00.000Z","end":"2022-12-09T03:27:00.000Z"},"country":"Norway","OPM":1,"total_sale_volume":74.5,"rate_of_return":0.0}
{"window":{"start":"2022-12-09T17:15:00.000Z","end":"2022-12-09T17:16:00.000Z"},"country":"Portugal","OPM":1,"total_sale_volume":37.369998931884766,"rate_of_return":0.0}
{"window":{"start":"2022-12-08T09:45:00.000Z","end":"2022-12-08T09:46:00.000Z"},"country":"United Kingdom","OPM":10,"total_sale_volume":617.4299829006195,"rate_of_return":0.2}
{"window":{"start":"2022-12-08T21:23:00.000Z","end":"2022-12-08T21:24:00.000Z"},"country":"United Kingdom","OPM":12,"total_sale_volume":287.85997873544693,"rate_of_return":0.16666666666666666}
{"window":{"start":"2022-12-08T16:57:00.000Z","end":"2022-12-08T16:58:00.000Z"},"country":"United Kingdom","OPM":14,"total_sale_volume":976.4999988079071,"rate_of_return":0.0}
{"window":{"start":"2022-12-09T00:23:00.000Z","end":"2022-12-09T00:24:00.000Z"},"country":"United Kingdom","OPM":11,"total_sale_volume":626.3900074958801,"rate_of_return":0.0}
{"window":{"start":"2022-12-09T00:14:00.000Z","end":"2022-12-09T00:15:00.000Z"},"country":"United Kingdom","OPM":10,"total_sale_volume":451.77999234199524,"rate_of_return":0.1}
{"window":{"start":"2022-12-09T16:34:00.000Z","end":"2022-12-09T16:35:00.000Z"},"country":"United Kingdom","OPM":9,"total_sale_volume":721.4099955558777,"rate_of_return":0.0}
{"window":{"start":"2022-12-08T21:29:00.000Z","end":"2022-12-08T21:30:00.000Z"},"country":"Italy","OPM":1,"total_sale_volume":286.4800109863281,"rate_of_return":0.0}
{"window":{"start":"2022-12-09T04:54:00.000Z","end":"2022-12-09T04:55:00.000Z"},"country":"United Kingdom","OPM":12,"total_sale_volume":339.41999530792236,"rate_of_return":0.25}
{"window":{"start":"2022-12-09T03:44:00.000Z","end":"2022-12-09T03:45:00.000Z"},"country":"United Kingdom","OPM":9,"total_sale_volume":697.1399898529053,"rate_of_return":0.0}
{"window":{"start":"2022-12-08T17:30:00.000Z","end":"2022-12-08T17:31:00.000Z"},"country":"Germany","OPM":1,"total_sale_volume":-32.849998474121094,"rate_of_return":1.0}
{"window":{"start":"2022-12-09T15:46:00.000Z","end":"2022-12-09T15:47:00.000Z"},"country":"Germany","OPM":1,"total_sale_volume":-58.34000015258789,"rate_of_return":1.0}
{"window":{"start":"2022-12-09T22:11:00.000Z","end":"2022-12-09T22:12:00.000Z"},"country":"EIRE","OPM":1,"total_sale_volume":47.790000915527344,"rate_of_return":0.0}
{"window":{"start":"2022-12-08T18:55:00.000Z","end":"2022-12-08T18:56:00.000Z"},"country":"United Kingdom","OPM":9,"total_sale_volume":326.2899966239929,"rate_of_return":0.0}
{"window":{"start":"2022-12-09T22:01:00.000Z","end":"2022-12-09T22:02:00.000Z"},"country":"United Kingdom","OPM":11,"total_sale_volume":1097.3499968647957,"rate_of_return":0.09090909090909091}
{"window":{"start":"2022-12-08T10:42:00.000Z","end":"2022-12-08T10:43:00.000Z"},"country":"USA","OPM":1,"total_sale_volume":55.18000030517578,"rate_of_return":0.0}
