{"window":{"start":"2022-12-09T08:09:00.000Z","end":"2022-12-09T08:10:00.000Z"},"country":"United Kingdom","OPM":10,"total_sale_volume":497.37999534606934,"rate_of_return":0.0}
{"window":{"start":"2022-12-09T14:01:00.000Z","end":"2022-12-09T14:02:00.000Z"},"country":"Belgium","OPM":2,"total_sale_volume":22.799999237060547,"rate_of_return":0.0}
{"window":{"start":"2022-12-08T14:13:00.000Z","end":"2022-12-08T14:14:00.000Z"},"country":"United Kingdom","OPM":13,"total_sale_volume":539.0100002288818,"rate_of_return":0.0}
{"window":{"start":"2022-12-09T02:33:00.000Z","end":"2022-12-09T02:34:00.000Z"},"country":"United Kingdom","OPM":8,"total_sale_volume":341.9899957180023,"rate_of_return":0.25}
{"window":{"start":"2022-12-08T13:59:00.000Z","end":"2022-12-08T14:00:00.000Z"},"country":"Germany","OPM":1,"total_sale_volume":95.66000366210938,"rate_of_return":0.0}
{"window":{"start":"2022-12-09T15:56:00.000Z","end":"2022-12-09T15:57:00.000Z"},"country":"United Kingdom","OPM":9,"total_sale_volume":851.6399984359741,"rate_of_return":0.0}
{"window":{"start":"2022-12-08T16:48:00.000Z","end":"2022-12-08T16:49:00.000Z"},"country":"Australia","OPM":1,"total_sale_volume":69.81999969482422,"rate_of_return":0.0}
{"window":{"start":"2022-12-08T13:20:00.000Z","end":"2022-12-08T13:21:00.000Z"},"country":"Germany","OPM":1,"total_sale_volume":53.900001525878906,"rate_of_return":0.0}
{"window":{"start":"2022-12-09T01:56:00.000Z","end":"2022-12-09T01:57:00.000Z"},"country":"United Kingdom","OPM":11,"total_sale_volume":262.7000002861023,"rate_of_return":0.09090909090909091}
{"window":{"start":"2022-12-08T13:56:00.000Z","end":"2022-12-08T13:57:00.000Z"},"country":"Belgium","OPM":1,"total_sale_volume":4.920000076293945,"rate_of_return":0.0}
{"window":{"start":"2022-12-08T14:43:00.000Z","end":"2022-12-08T14:44:00.000Z"},"country":"Austria","OPM":1,"total_sale_volume":4.350000381469727,"rate_of_return":0.0}
{"window":{"start":"2022-12-08T16:17:00.000Z","end":"2022-12-08T16:18:00.000Z"},"country":"France","OPM":1,"total_sale_volume":2.5,"rate_of_return":0.0}
{"window":{"start":"2022-12-09T13:53:00.000Z","end":"2022-12-09T13:54:00.000Z"},"country":"United Kingdom","OPM":9,"total_sale_volume":152.32999503612518,"rate_of_return":0.1111111111111111}
{"window":{"start":"2022-12-08T20:43:00.000Z","end":"2022-12-08T20:44:00.000Z"},"country":"United Kingdom","OPM":8,"total_sale_volume":440.719988822937,"rate_of_return":0.0}
{"window":{"start":"2022-12-08T20:50:00.000Z","end":"2022-12-08T20:51:00.000Z"},"country":"Germany","OPM":1,"total_sale_volume":90.90999603271484,"rate_of_return":0.0}
{"window":{"start":"2022-12-09T00:37:00.000Z","end":"2022-12-09T00:38:00.000Z"},"country":"Austria","OPM":1,"total_sale_volume":60.11000061035156,"rate_of_return":0.0}
{"window":{"start":"2022-12-09T12:44:00.000Z","end":"2022-12-09T12:45:00.000Z"},"country":"Belgium","OPM":1,"total_sale_volume":45.0,"rate_of_return":0.0}
{"window":{"start":"2022-12-08T23:40:00.000Z","end":"2022-12-08T23:41:00.000Z"},"country":"United Kingdom","OPM":6,"total_sale_volume":157.80000114440918,"rate_of_return":0.16666666666666666}
{"window":{"start":"2022-12-09T12:56:00.000Z","end":"2022-12-09T12:57:00.000Z"},"country":"EIRE","OPM":1,"total_sale_volume":109.81999969482422,"rate_of_return":0.0}
{"window":{"start":"2022-12-09T21:24:00.000Z","end":"2022-12-09T21:25:00.000Z"},"country":"EIRE","OPM":1,"total_sale_volume":192.9499969482422,"rate_of_return":0.0}
{"window":{"start":"2022-12-08T14:42:00.000Z","end":"2022-12-08T14:43:00.000Z"},"country":"Canada","OPM":1,"total_sale_volume":0.8299999833106995,"rate_of_return":0.0}
{"window":{"start":"2022-12-09T06:26:00.000Z","end":"2022-12-09T06:27:00.000Z"},"country":"United Kingdom","OPM":5,"total_sale_volume":2233.0700821876526,"rate_of_return":0.0}
{"window":{"start":"2022-12-09T21:07:00.000Z","end":"2022-12-09T21:08:00.000Z"},"country":"Switzerland","OPM":1,"total_sale_volume":43.59000015258789,"rate_of_return":0.0}
{"window":{"start":"2022-12-08T20:15:00.000Z","end":"2022-12-08T20:16:00.000Z"},"country":"EIRE","OPM":1,"total_sale_volume":98.4000015258789,"rate_of_return":0.0}
{"window":{"start":"2022-12-08T10:28:00.000Z","end":"2022-12-08T10:29:00.000Z"},"country":"United Kingdom","OPM":15,"total_sale_volume":531.9999942779541,"rate_of_return":0.06666666666666667}
