{"window":{"start":"2022-12-09T05:29:00.000Z","end":"2022-12-09T05:30:00.000Z"},"country":"Germany","OPM":1,"total_sale_volume":104.30999755859375,"rate_of_return":0.0}
{"window":{"start":"2022-12-09T18:58:00.000Z","end":"2022-12-09T18:59:00.000Z"},"country":"Poland","OPM":1,"total_sale_volume":107.78999328613281,"rate_of_return":0.0}
{"window":{"start":"2022-12-08T11:44:00.000Z","end":"2022-12-08T11:45:00.000Z"},"country":"France","OPM":1,"total_sale_volume":14.75,"rate_of_return":0.0}
{"window":{"start":"2022-12-09T14:43:00.000Z","end":"2022-12-09T14:44:00.000Z"},"country":"United Kingdom","OPM":5,"total_sale_volume":707.600013256073,"rate_of_return":0.0}
{"window":{"start":"2022-12-08T17:48:00.000Z","end":"2022-12-08T17:49:00.000Z"},"country":"United Kingdom","OPM":9,"total_sale_volume":203.690003156662,"rate_of_return":0.1111111111111111}
{"window":{"start":"2022-12-09T12:59:00.000Z","end":"2022-12-09T13:00:00.000Z"},"country":"United Kingdom","OPM":8,"total_sale_volume":769.7600028514862,"rate_of_return":0.0}
{"window":{"start":"2022-12-09T12:27:00.000Z","end":"2022-12-09T12:28:00.000Z"},"country":"United Kingdom","OPM":12,"total_sale_volume":753.1999945640564,"rate_of_return":0.0}
{"window":{"start":"2022-12-08T19:17:00.000Z","end":"2022-12-08T19:18:00.000Z"},"country":"United Kingdom","OPM":6,"total_sale_volume":1011.2799787521362,"rate_of_return":0.0}
{"window":{"start":"2022-12-08T09:04:00.000Z","end":"2022-12-08T09:05:00.000Z"},"country":"United Kingdom","OPM":11,"total_sale_volume":821.130003452301,"rate_of_return":0.0}
{"window":{"start":"2022-12-08T15:39:00.000Z","end":"2022-12-08T15:40:00.000Z"},"country":"United Kingdom","OPM":6,"total_sale_volume":320.45999813079834,"rate_of_return":0.0}
{"window":{"start":"2022-12-09T13:48:00.000Z","end":"2022-12-09T13:49:00.000Z"},"country":"France","OPM":1,"total_sale_volume":55.68000030517578,"rate_of_return":0.0}
{"window":{"start":"2022-12-09T21:16:00.000Z","end":"2022-12-09T21:17:00.000Z"},"country":"Germany","OPM":1,"total_sale_volume":24.119998931884766,"rate_of_return":0.0}
{"window":{"start":"2022-12-09T08:50:00.000Z","end":"2022-12-09T08:51:00.000Z"},"country":"Japan","OPM":1,"total_sale_volume":9.859999656677246,"rate_of_return":0.0}
{"window":{"start":"2022-12-09T21:39:00.000Z","end":"2022-12-09T21:40:00.000Z"},"country":"United Kingdom","OPM":5,"total_sale_volume":92.83000111579895,"rate_of_return":0.0}
{"window":{"start":"2022-12-09T08:43:00.000Z","end":"2022-12-09T08:44:00.000Z"},"country":"United Kingdom","OPM":6,"total_sale_volume":664.1099948883057,"rate_of_return":0.0}
{"window":{"start":"2022-12-09T12:08:00.000Z","end":"2022-12-09T12:09:00.000Z"},"country":"United Kingdom","OPM":9,"total_sale_volume":518.9999973773956,"rate_of_return":0.1111111111111111}
{"window":{"start":"2022-12-09T14:24:00.000Z","end":"2022-12-09T14:25:00.000Z"},"country":"United Kingdom","OPM":9,"total_sale_volume":729.7899885177612,"rate_of_return":0.1111111111111111}
{"window":{"start":"2022-12-09T01:21:00.000Z","end":"2022-12-09T01:22:00.000Z"},"country":"United Kingdom","OPM":6,"total_sale_volume":428.8299903869629,"rate_of_return":0.0}
{"window":{"start":"2022-12-09T08:30:00.000Z","end":"2022-12-09T08:31:00.000Z"},"country":"United Kingdom","OPM":8,"total_sale_volume":398.8399772644043,"rate_of_return":0.125}
{"window":{"start":"2022-12-09T04:20:00.000Z","end":"2022-12-09T04:21:00.000Z"},"country":"Germany","OPM":1,"total_sale_volume":113.76000213623047,"rate_of_return":0.0}
{"window":{"start":"2022-12-09T05:17:00.000Z","end":"2022-12-09T05:18:00.000Z"},"country":"United Kingdom","OPM":11,"total_sale_volume":-85.15002536773682,"rate_of_return":0.09090909090909091}
{"window":{"start":"2022-12-09T12:43:00.000Z","end":"2022-12-09T12:44:00.000Z"},"country":"United Kingdom","OPM":11,"total_sale_volume":1359.8400259017944,"rate_of_return":0.0}
{"window":{"start":"2022-12-08T23:29:00.000Z","end":"2022-12-08T23:30:00.000Z"},"country":"United Kingdom","OPM":12,"total_sale_volume":349.9200026988983,"rate_of_return":0.08333333333333333}
{"window":{"start":"2022-12-08T23:16:00.000Z","end":"2022-12-08T23:17:00.000Z"},"country":"Netherlands","OPM":1,"total_sale_volume":207.72000122070312,"rate_of_return":0.0}
{"window":{"start":"2022-12-08T12:29:00.000Z","end":"2022-12-08T12:30:00.000Z"},"country":"Spain","OPM":1,"total_sale_volume":16.5,"rate_of_return":0.0}
