{"window":{"start":"2022-12-08T23:45:00.000Z","end":"2022-12-08T23:46:00.000Z"},"country":"United Kingdom","OPM":6,"total_sale_volume":116.52999758720398,"rate_of_return":0.0}
{"window":{"start":"2022-12-08T18:08:00.000Z","end":"2022-12-08T18:09:00.000Z"},"country":"United Kingdom","OPM":7,"total_sale_volume":537.1399988532066,"rate_of_return":0.0}
{"window":{"start":"2022-12-09T02:42:00.000Z","end":"2022-12-09T02:43:00.000Z"},"country":"United Kingdom","OPM":4,"total_sale_volume":105.64999961853027,"rate_of_return":0.0}
{"window":{"start":"2022-12-08T11:02:00.000Z","end":"2022-12-08T11:03:00.000Z"},"country":"United Kingdom","OPM":14,"total_sale_volume":1581.1599478721619,"rate_of_return":0.0}
{"window":{"start":"2022-12-09T09:09:00.000Z","end":"2022-12-09T09:10:00.000Z"},"country":"United Kingdom","OPM":9,"total_sale_volume":694.1900067329407,"rate_of_return":0.1111111111111111}
{"window":{"start":"2022-12-09T18:02:00.000Z","end":"2022-12-09T18:03:00.000Z"},"country":"United Kingdom","OPM":14,"total_sale_volume":1948.249963760376,"rate_of_return":0.0}
{"window":{"start":"2022-12-09T17:16:00.000Z","end":"2022-12-09T17:17:00.000Z"},"country":"EIRE","OPM":1,"total_sale_volume":-65.61000061035156,"rate_of_return":1.0}
{"window":{"start":"2022-12-08T16:35:00.000Z","end":"2022-12-08T16:36:00.000Z"},"country":"Netherlands","OPM":1,"total_sale_volume":37.029998779296875,"rate_of_return":0.0}
{"window":{"start":"2022-12-09T05:10:00.000Z","end":"2022-12-09T05:11:00.000Z"},"country":"United Kingdom","OPM":7,"total_sale_volume":1079.6100249290466,"rate_of_return":0.14285714285714285}
{"window":{"start":"2022-12-09T18:28:00.000Z","end":"2022-12-09T18:29:00.000Z"},"country":"Switzerland","OPM":1,"total_sale_volume":121.9000015258789,"rate_of_return":0.0}
{"window":{"start":"2022-12-09T03:05:00.000Z","end":"2022-12-09T03:06:00.000Z"},"country":"EIRE","OPM":1,"total_sale_volume":68.22999572753906,"rate_of_return":0.0}
{"window":{"start":"2022-12-08T16:13:00.000Z","end":"2022-12-08T16:14:00.000Z"},"country":"Germany","OPM":1,"total_sale_volume":56.54999923706055,"rate_of_return":0.0}
{"window":{"start":"2022-12-08T23:55:00.000Z","end":"2022-12-08T23:56:00.000Z"},"country":"United Kingdom","OPM":7,"total_sale_volume":455.82998901605606,"rate_of_return":0.0}
{"window":{"start":"2022-12-09T09:14:00.000Z","end":"2022-12-09T09:15:00.000Z"},"country":"France","OPM":1,"total_sale_volume":33.810001373291016,"rate_of_return":0.0}
{"window":{"start":"2022-12-09T17:35:00.000Z","end":"2022-12-09T17:36:00.000Z"},"country":"Netherlands","OPM":1,"total_sale_volume":151.36000061035156,"rate_of_return":0.0}
{"window":{"start":"2022-12-08T23:38:00.000Z","end":"2022-12-08T23:39:00.000Z"},"country":"United Kingdom","OPM":15,"total_sale_volume":1221.3899874687195,"rate_of_return":0.06666666666666667}
{"window":{"start":"2022-12-09T19:51:00.000Z","end":"2022-12-09T19:52:00.000Z"},"country":"United Kingdom","OPM":13,"total_sale_volume":707.5299983024597,"rate_of_return":0.0}
{"window":{"start":"2022-12-09T17:06:00.000Z","end":"2022-12-09T17:07:00.000Z"},"country":"Lithuania","OPM":1,"total_sale_volume":7.029999732971191,"rate_of_return":0.0}
{"window":{"start":"2022-12-08T15:34:00.000Z","end":"2022-12-08T15:35:00.000Z"},"country":"United Kingdom","OPM":12,"total_sale_volume":564.4000039100647,"rate_of_return":0.08333333333333333}
{"window":{"start":"2022-12-08T09:14:00.000Z","end":"2022-12-08T09:15:00.000Z"},"country":"EIRE","OPM":1,"total_sale_volume":14.75,"rate_of_return":0.0}
{"window":{"start":"2022-12-08T17:29:00.000Z","end":"2022-12-08T17:30:00.000Z"},"country":"Poland","OPM":1,"total_sale_volume":70.16999816894531,"rate_of_return":0.0}
