{"window":{"start":"2022-12-09T23:33:00.000Z","end":"2022-12-09T23:34:00.000Z"},"country":"France","OPM":1,"total_sale_volume":21.860000610351562,"rate_of_return":0.0}
{"window":{"start":"2022-12-09T01:58:00.000Z","end":"2022-12-09T01:59:00.000Z"},"country":"United Kingdom","OPM":7,"total_sale_volume":154.12999844551086,"rate_of_return":0.14285714285714285}
{"window":{"start":"2022-12-09T04:21:00.000Z","end":"2022-12-09T04:22:00.000Z"},"country":"EIRE","OPM":1,"total_sale_volume":25.939998626708984,"rate_of_return":0.0}
{"window":{"start":"2022-12-09T23:35:00.000Z","end":"2022-12-09T23:36:00.000Z"},"country":"EIRE","OPM":1,"total_sale_volume":217.92999267578125,"rate_of_return":0.0}
{"window":{"start":"2022-12-09T13:17:00.000Z","end":"2022-12-09T13:18:00.000Z"},"country":"United Kingdom","OPM":5,"total_sale_volume":117.61000394821167,"rate_of_return":0.2}
{"window":{"start":"2022-12-08T20:07:00.000Z","end":"2022-12-08T20:08:00.000Z"},"country":"United Kingdom","OPM":8,"total_sale_volume":458.0899991989136,"rate_of_return":0.125}
{"window":{"start":"2022-12-08T17:56:00.000Z","end":"2022-12-08T17:57:00.000Z"},"country":"United Kingdom","OPM":12,"total_sale_volume":743.5499926805496,"rate_of_return":0.0}
{"window":{"start":"2022-12-09T18:10:00.000Z","end":"2022-12-09T18:11:00.000Z"},"country":"United Kingdom","OPM":13,"total_sale_volume":755.2199741601944,"rate_of_return":0.07692307692307693}
{"window":{"start":"2022-12-09T17:54:00.000Z","end":"2022-12-09T17:55:00.000Z"},"country":"United Kingdom","OPM":14,"total_sale_volume":18028.788669109344,"rate_of_return":0.0}
{"window":{"start":"2022-12-08T23:53:00.000Z","end":"2022-12-08T23:54:00.000Z"},"country":"EIRE","OPM":1,"total_sale_volume":180.0,"rate_of_return":0.0}
{"window":{"start":"2022-12-09T10:48:00.000Z","end":"2022-12-09T10:49:00.000Z"},"country":"EIRE","OPM":1,"total_sale_volume":37.95000076293945,"rate_of_return":0.0}
{"window":{"start":"2022-12-09T06:37:00.000Z","end":"2022-12-09T06:38:00.000Z"},"country":"United Kingdom","OPM":7,"total_sale_volume":648.3599966168404,"rate_of_return":0.14285714285714285}
{"window":{"start":"2022-12-09T10:15:00.000Z","end":"2022-12-09T10:16:00.000Z"},"country":"EIRE","OPM":1,"total_sale_volume":27.05000114440918,"rate_of_return":0.0}
{"window":{"start":"2022-12-09T13:15:00.000Z","end":"2022-12-09T13:16:00.000Z"},"country":"United Kingdom","OPM":10,"total_sale_volume":617.9699954986572,"rate_of_return":0.0}
{"window":{"start":"2022-12-08T19:50:00.000Z","end":"2022-12-08T19:51:00.000Z"},"country":"France","OPM":1,"total_sale_volume":384.7200012207031,"rate_of_return":0.0}
{"window":{"start":"2022-12-09T12:50:00.000Z","end":"2022-12-09T12:51:00.000Z"},"country":"United Kingdom","OPM":15,"total_sale_volume":950.0099890232086,"rate_of_return":0.06666666666666667}
{"window":{"start":"2022-12-09T02:27:00.000Z","end":"2022-12-09T02:28:00.000Z"},"country":"Netherlands","OPM":1,"total_sale_volume":0.8500000238418579,"rate_of_return":0.0}
{"window":{"start":"2022-12-09T00:08:00.000Z","end":"2022-12-09T00:09:00.000Z"},"country":"United Kingdom","OPM":3,"total_sale_volume":129.0799995660782,"rate_of_return":0.0}
{"window":{"start":"2022-12-09T02:19:00.000Z","end":"2022-12-09T02:20:00.000Z"},"country":"Japan","OPM":1,"total_sale_volume":162.5699920654297,"rate_of_return":0.0}
{"window":{"start":"2022-12-08T20:51:00.000Z","end":"2022-12-08T20:52:00.000Z"},"country":"United Kingdom","OPM":13,"total_sale_volume":1579.5499761104584,"rate_of_return":0.0}
