{"window":{"start":"2022-12-08T14:15:00.000Z","end":"2022-12-08T14:16:00.000Z"},"country":"Unspecified","OPM":1,"total_sale_volume":490.9300231933594,"rate_of_return":0.0}
{"window":{"start":"2022-12-09T06:48:00.000Z","end":"2022-12-09T06:49:00.000Z"},"country":"France","OPM":1,"total_sale_volume":-12.75,"rate_of_return":1.0}
{"window":{"start":"2022-12-08T21:46:00.000Z","end":"2022-12-08T21:47:00.000Z"},"country":"EIRE","OPM":1,"total_sale_volume":61.25,"rate_of_return":0.0}
{"window":{"start":"2022-12-08T23:06:00.000Z","end":"2022-12-08T23:07:00.000Z"},"country":"United Kingdom","OPM":11,"total_sale_volume":677.5200250148773,"rate_of_return":0.0}
{"window":{"start":"2022-12-08T17:54:00.000Z","end":"2022-12-08T17:55:00.000Z"},"country":"United Kingdom","OPM":5,"total_sale_volume":274.94999408721924,"rate_of_return":0.0}
{"window":{"start":"2022-12-08T12:19:00.000Z","end":"2022-12-08T12:20:00.000Z"},"country":"United Kingdom","OPM":8,"total_sale_volume":573.5600075721741,"rate_of_return":0.0}
{"window":{"start":"2022-12-09T21:27:00.000Z","end":"2022-12-09T21:28:00.000Z"},"country":"United Kingdom","OPM":3,"total_sale_volume":595.2599849700928,"rate_of_return":0.0}
{"window":{"start":"2022-12-09T09:36:00.000Z","end":"2022-12-09T09:37:00.000Z"},"country":"United Kingdom","OPM":6,"total_sale_volume":330.16999912261963,"rate_of_return":0.0}
{"window":{"start":"2022-12-09T03:02:00.000Z","end":"2022-12-09T03:03:00.000Z"},"country":"Germany","OPM":1,"total_sale_volume":24.940000534057617,"rate_of_return":0.0}
{"window":{"start":"2022-12-09T12:38:00.000Z","end":"2022-12-09T12:39:00.000Z"},"country":"Germany","OPM":1,"total_sale_volume":166.95999145507812,"rate_of_return":0.0}
{"window":{"start":"2022-12-09T22:12:00.000Z","end":"2022-12-09T22:13:00.000Z"},"country":"United Kingdom","OPM":13,"total_sale_volume":3469.4800844192505,"rate_of_return":0.15384615384615385}
{"window":{"start":"2022-12-08T20:11:00.000Z","end":"2022-12-08T20:12:00.000Z"},"country":"France","OPM":1,"total_sale_volume":30.599998474121094,"rate_of_return":0.0}
{"window":{"start":"2022-12-08T16:28:00.000Z","end":"2022-12-08T16:29:00.000Z"},"country":"France","OPM":1,"total_sale_volume":59.39999771118164,"rate_of_return":0.0}
{"window":{"start":"2022-12-09T23:21:00.000Z","end":"2022-12-09T23:22:00.000Z"},"country":"Channel Islands","OPM":1,"total_sale_volume":14.600000381469727,"rate_of_return":0.0}
{"window":{"start":"2022-12-09T23:28:00.000Z","end":"2022-12-09T23:29:00.000Z"},"country":"United Kingdom","OPM":3,"total_sale_volume":103.17000198364258,"rate_of_return":0.0}
{"window":{"start":"2022-12-09T11:52:00.000Z","end":"2022-12-09T11:53:00.000Z"},"country":"Channel Islands","OPM":1,"total_sale_volume":35.03999710083008,"rate_of_return":0.0}
{"window":{"start":"2022-12-08T23:09:00.000Z","end":"2022-12-08T23:10:00.000Z"},"country":"United Kingdom","OPM":10,"total_sale_volume":-78.8499984741211,"rate_of_return":0.1}
{"window":{"start":"2022-12-08T17:47:00.000Z","end":"2022-12-08T17:48:00.000Z"},"country":"United Kingdom","OPM":15,"total_sale_volume":619.0199859142303,"rate_of_return":0.06666666666666667}
{"window":{"start":"2022-12-09T20:09:00.000Z","end":"2022-12-09T20:10:00.000Z"},"country":"United Kingdom","OPM":15,"total_sale_volume":723.5300086140633,"rate_of_return":0.0}
{"window":{"start":"2022-12-08T12:57:00.000Z","end":"2022-12-08T12:58:00.000Z"},"country":"France","OPM":1,"total_sale_volume":32.099998474121094,"rate_of_return":0.0}
{"window":{"start":"2022-12-09T19:39:00.000Z","end":"2022-12-09T19:40:00.000Z"},"country":"United Kingdom","OPM":14,"total_sale_volume":572.7299995422363,"rate_of_return":0.07142857142857142}
{"window":{"start":"2022-12-09T13:50:00.000Z","end":"2022-12-09T13:51:00.000Z"},"country":"United Kingdom","OPM":12,"total_sale_volume":660.74997651577,"rate_of_return":0.0}
{"window":{"start":"2022-12-09T10:34:00.000Z","end":"2022-12-09T10:35:00.000Z"},"country":"United Kingdom","OPM":6,"total_sale_volume":145.77000093460083,"rate_of_return":0.0}
{"window":{"start":"2022-12-08T14:10:00.000Z","end":"2022-12-08T14:11:00.000Z"},"country":"United Kingdom","OPM":5,"total_sale_volume":146.24000358581543,"rate_of_return":0.0}
{"window":{"start":"2022-12-09T09:59:00.000Z","end":"2022-12-09T10:00:00.000Z"},"country":"United Kingdom","OPM":10,"total_sale_volume":878.0299921035767,"rate_of_return":0.1}
{"window":{"start":"2022-12-08T18:54:00.000Z","end":"2022-12-08T18:55:00.000Z"},"country":"Germany","OPM":1,"total_sale_volume":2.509999990463257,"rate_of_return":0.0}
{"window":{"start":"2022-12-09T12:06:00.000Z","end":"2022-12-09T12:07:00.000Z"},"country":"United Kingdom","OPM":5,"total_sale_volume":275.84999084472656,"rate_of_return":0.0}
{"window":{"start":"2022-12-09T00:23:00.000Z","end":"2022-12-09T00:24:00.000Z"},"country":"EIRE","OPM":1,"total_sale_volume":64.02999877929688,"rate_of_return":0.0}
{"window":{"start":"2022-12-09T15:59:00.000Z","end":"2022-12-09T16:00:00.000Z"},"country":"United Kingdom","OPM":5,"total_sale_volume":435.3899974822998,"rate_of_return":0.0}
