{"window":{"start":"2022-12-08T20:56:00.000Z","end":"2022-12-08T20:57:00.000Z"},"country":"United Kingdom","OPM":5,"total_sale_volume":196.909996509552,"rate_of_return":0.0}
{"window":{"start":"2022-12-08T23:54:00.000Z","end":"2022-12-08T23:55:00.000Z"},"country":"Germany","OPM":2,"total_sale_volume":320.1000146865845,"rate_of_return":0.0}
{"window":{"start":"2022-12-09T12:47:00.000Z","end":"2022-12-09T12:48:00.000Z"},"country":"United Kingdom","OPM":4,"total_sale_volume":319.46999430656433,"rate_of_return":0.0}
{"window":{"start":"2022-12-09T13:01:00.000Z","end":"2022-12-09T13:02:00.000Z"},"country":"Germany","OPM":1,"total_sale_volume":129.50999450683594,"rate_of_return":0.0}
{"window":{"start":"2022-12-08T23:43:00.000Z","end":"2022-12-08T23:44:00.000Z"},"country":"United Kingdom","OPM":7,"total_sale_volume":1697.8499388694763,"rate_of_return":0.0}
{"window":{"start":"2022-12-08T18:29:00.000Z","end":"2022-12-08T18:30:00.000Z"},"country":"Denmark","OPM":1,"total_sale_volume":-40.0,"rate_of_return":1.0}
{"window":{"start":"2022-12-08T12:32:00.000Z","end":"2022-12-08T12:33:00.000Z"},"country":"United Kingdom","OPM":7,"total_sale_volume":757.6300401687622,"rate_of_return":0.0}
{"window":{"start":"2022-12-09T23:21:00.000Z","end":"2022-12-09T23:22:00.000Z"},"country":"United Kingdom","OPM":12,"total_sale_volume":1503.0000343322754,"rate_of_return":0.0}
{"window":{"start":"2022-12-08T22:11:00.000Z","end":"2022-12-08T22:12:00.000Z"},"country":"United Kingdom","OPM":10,"total_sale_volume":458.36000072956085,"rate_of_return":0.0}
{"window":{"start":"2022-12-08T17:02:00.000Z","end":"2022-12-08T17:03:00.000Z"},"country":"United Kingdom","OPM":7,"total_sale_volume":379.70999813079834,"rate_of_return":0.0}
{"window":{"start":"2022-12-09T20:12:00.000Z","end":"2022-12-09T20:13:00.000Z"},"country":"United Kingdom","OPM":4,"total_sale_volume":210.58999824523926,"rate_of_return":0.0}
{"window":{"start":"2022-12-09T08:14:00.000Z","end":"2022-12-09T08:15:00.000Z"},"country":"United Kingdom","OPM":9,"total_sale_volume":524.6899981498718,"rate_of_return":0.0}
{"window":{"start":"2022-12-08T22:51:00.000Z","end":"2022-12-08T22:52:00.000Z"},"country":"France","OPM":1,"total_sale_volume":26.089998245239258,"rate_of_return":0.0}
{"window":{"start":"2022-12-09T15:41:00.000Z","end":"2022-12-09T15:42:00.000Z"},"country":"France","OPM":1,"total_sale_volume":19.0,"rate_of_return":0.0}
{"window":{"start":"2022-12-09T02:25:00.000Z","end":"2022-12-09T02:26:00.000Z"},"country":"Belgium","OPM":1,"total_sale_volume":17.849998474121094,"rate_of_return":0.0}
{"window":{"start":"2022-12-09T17:00:00.000Z","end":"2022-12-09T17:01:00.000Z"},"country":"United Kingdom","OPM":11,"total_sale_volume":776.0099837779999,"rate_of_return":0.0}
