{"window":{"start":"2022-12-09T23:26:00.000Z","end":"2022-12-09T23:27:00.000Z"},"country":"Germany","OPM":3,"total_sale_volume":45.739999294281006,"rate_of_return":0.0}
{"window":{"start":"2022-12-09T19:49:00.000Z","end":"2022-12-09T19:50:00.000Z"},"country":"United Kingdom","OPM":12,"total_sale_volume":907.6700010299683,"rate_of_return":0.0}
{"window":{"start":"2022-12-09T12:09:00.000Z","end":"2022-12-09T12:10:00.000Z"},"country":"United Kingdom","OPM":9,"total_sale_volume":694.4099818468094,"rate_of_return":0.0}
{"window":{"start":"2022-12-08T20:30:00.000Z","end":"2022-12-08T20:31:00.000Z"},"country":"United Kingdom","OPM":15,"total_sale_volume":723.670000076294,"rate_of_return":0.13333333333333333}
{"window":{"start":"2022-12-08T22:32:00.000Z","end":"2022-12-08T22:33:00.000Z"},"country":"United Kingdom","OPM":7,"total_sale_volume":-886.1200218200684,"rate_of_return":0.14285714285714285}
{"window":{"start":"2022-12-09T07:54:00.000Z","end":"2022-12-09T07:55:00.000Z"},"country":"France","OPM":1,"total_sale_volume":22.1299991607666,"rate_of_return":0.0}
{"window":{"start":"2022-12-08T22:10:00.000Z","end":"2022-12-08T22:11:00.000Z"},"country":"United Kingdom","OPM":7,"total_sale_volume":340.88000106811523,"rate_of_return":0.0}
{"window":{"start":"2022-12-09T17:16:00.000Z","end":"2022-12-09T17:17:00.000Z"},"country":"United Kingdom","OPM":10,"total_sale_volume":598.4699959754944,"rate_of_return":0.1}
{"window":{"start":"2022-12-09T03:18:00.000Z","end":"2022-12-09T03:19:00.000Z"},"country":"United Kingdom","OPM":4,"total_sale_volume":250.49999523162842,"rate_of_return":0.0}
{"window":{"start":"2022-12-09T18:24:00.000Z","end":"2022-12-09T18:25:00.000Z"},"country":"France","OPM":1,"total_sale_volume":75.83999633789062,"rate_of_return":0.0}
{"window":{"start":"2022-12-08T14:06:00.000Z","end":"2022-12-08T14:07:00.000Z"},"country":"United Kingdom","OPM":4,"total_sale_volume":131.28000140190125,"rate_of_return":0.0}
{"window":{"start":"2022-12-08T23:07:00.000Z","end":"2022-12-08T23:08:00.000Z"},"country":"United Kingdom","OPM":3,"total_sale_volume":155.86000061035156,"rate_of_return":0.0}
{"window":{"start":"2022-12-08T08:13:00.000Z","end":"2022-12-08T08:14:00.000Z"},"country":"United Kingdom","OPM":12,"total_sale_volume":1542.9100221395493,"rate_of_return":0.0}
{"window":{"start":"2022-12-08T13:10:00.000Z","end":"2022-12-08T13:11:00.000Z"},"country":"United Kingdom","OPM":7,"total_sale_volume":336.040002822876,"rate_of_return":0.2857142857142857}
{"window":{"start":"2022-12-08T23:23:00.000Z","end":"2022-12-08T23:24:00.000Z"},"country":"United Kingdom","OPM":5,"total_sale_volume":736.7599945068359,"rate_of_return":0.0}
{"window":{"start":"2022-12-09T03:37:00.000Z","end":"2022-12-09T03:38:00.000Z"},"country":"Hong Kong","OPM":1,"total_sale_volume":4.090000152587891,"rate_of_return":0.0}
{"window":{"start":"2022-12-08T13:42:00.000Z","end":"2022-12-08T13:43:00.000Z"},"country":"Netherlands","OPM":1,"total_sale_volume":29.649999618530273,"rate_of_return":0.0}
{"window":{"start":"2022-12-08T16:16:00.000Z","end":"2022-12-08T16:17:00.000Z"},"country":"Spain","OPM":1,"total_sale_volume":46.7599983215332,"rate_of_return":0.0}
