{"window":{"start":"2022-12-08T22:42:00.000Z","end":"2022-12-08T22:43:00.000Z"},"country":"Cyprus","OPM":1,"total_sale_volume":9.0,"rate_of_return":0.0}
{"window":{"start":"2022-12-09T19:58:00.000Z","end":"2022-12-09T19:59:00.000Z"},"country":"EIRE","OPM":1,"total_sale_volume":47.400001525878906,"rate_of_return":0.0}
{"window":{"start":"2022-12-08T15:23:00.000Z","end":"2022-12-08T15:24:00.000Z"},"country":"United Kingdom","OPM":10,"total_sale_volume":479.0800018310547,"rate_of_return":0.2}
{"window":{"start":"2022-12-09T20:26:00.000Z","end":"2022-12-09T20:27:00.000Z"},"country":"United Kingdom","OPM":14,"total_sale_volume":1612.8600087165833,"rate_of_return":0.07142857142857142}
{"window":{"start":"2022-12-09T17:15:00.000Z","end":"2022-12-09T17:16:00.000Z"},"country":"United Kingdom","OPM":9,"total_sale_volume":629.4400100708008,"rate_of_return":0.0}
{"window":{"start":"2022-12-08T18:13:00.000Z","end":"2022-12-08T18:14:00.000Z"},"country":"EIRE","OPM":1,"total_sale_volume":8.899999618530273,"rate_of_return":0.0}
{"window":{"start":"2022-12-08T19:21:00.000Z","end":"2022-12-08T19:22:00.000Z"},"country":"United Kingdom","OPM":19,"total_sale_volume":239.7599893808365,"rate_of_return":0.10526315789473684}
{"window":{"start":"2022-12-09T06:20:00.000Z","end":"2022-12-09T06:21:00.000Z"},"country":"France","OPM":1,"total_sale_volume":56.150001525878906,"rate_of_return":0.0}
{"window":{"start":"2022-12-09T01:28:00.000Z","end":"2022-12-09T01:29:00.000Z"},"country":"Norway","OPM":1,"total_sale_volume":13.5,"rate_of_return":0.0}
{"window":{"start":"2022-12-08T10:02:00.000Z","end":"2022-12-08T10:03:00.000Z"},"country":"Israel","OPM":1,"total_sale_volume":58.540000915527344,"rate_of_return":0.0}
{"window":{"start":"2022-12-08T10:03:00.000Z","end":"2022-12-08T10:04:00.000Z"},"country":"United Kingdom","OPM":7,"total_sale_volume":1068.869981765747,"rate_of_return":0.14285714285714285}
{"window":{"start":"2022-12-08T21:53:00.000Z","end":"2022-12-08T21:54:00.000Z"},"country":"United Kingdom","OPM":9,"total_sale_volume":211.50999176502228,"rate_of_return":0.1111111111111111}
{"window":{"start":"2022-12-08T09:10:00.000Z","end":"2022-12-08T09:11:00.000Z"},"country":"EIRE","OPM":1,"total_sale_volume":32.2599983215332,"rate_of_return":0.0}
{"window":{"start":"2022-12-09T02:57:00.000Z","end":"2022-12-09T02:58:00.000Z"},"country":"United Kingdom","OPM":12,"total_sale_volume":699.8599948883057,"rate_of_return":0.0}
{"window":{"start":"2022-12-08T10:19:00.000Z","end":"2022-12-08T10:20:00.000Z"},"country":"United Kingdom","OPM":6,"total_sale_volume":303.5999927520752,"rate_of_return":0.0}
{"window":{"start":"2022-12-08T08:16:00.000Z","end":"2022-12-08T08:17:00.000Z"},"country":"United Kingdom","OPM":10,"total_sale_volume":536.2800016403198,"rate_of_return":0.0}
{"window":{"start":"2022-12-09T08:03:00.000Z","end":"2022-12-09T08:04:00.000Z"},"country":"Australia","OPM":1,"total_sale_volume":48.21999740600586,"rate_of_return":0.0}
{"window":{"start":"2022-12-08T17:46:00.000Z","end":"2022-12-08T17:47:00.000Z"},"country":"France","OPM":1,"total_sale_volume":66.0999984741211,"rate_of_return":0.0}
{"window":{"start":"2022-12-08T19:13:00.000Z","end":"2022-12-08T19:14:00.000Z"},"country":"France","OPM":1,"total_sale_volume":38.970001220703125,"rate_of_return":0.0}
{"window":{"start":"2022-12-08T16:18:00.000Z","end":"2022-12-08T16:19:00.000Z"},"country":"United Kingdom","OPM":9,"total_sale_volume":284.03999519348145,"rate_of_return":0.0}
{"window":{"start":"2022-12-09T00:40:00.000Z","end":"2022-12-09T00:41:00.000Z"},"country":"EIRE","OPM":1,"total_sale_volume":19.80000114440918,"rate_of_return":0.0}
{"window":{"start":"2022-12-08T16:47:00.000Z","end":"2022-12-08T16:48:00.000Z"},"country":"Iceland","OPM":1,"total_sale_volume":21.25,"rate_of_return":0.0}
{"window":{"start":"2022-12-08T22:56:00.000Z","end":"2022-12-08T22:57:00.000Z"},"country":"United Kingdom","OPM":6,"total_sale_volume":296.1699962615967,"rate_of_return":0.0}
{"window":{"start":"2022-12-09T03:59:00.000Z","end":"2022-12-09T04:00:00.000Z"},"country":"Germany","OPM":1,"total_sale_volume":50.540000915527344,"rate_of_return":0.0}
{"window":{"start":"2022-12-09T11:09:00.000Z","end":"2022-12-09T11:10:00.000Z"},"country":"United Kingdom","OPM":7,"total_sale_volume":505.96000480651855,"rate_of_return":0.14285714285714285}
{"window":{"start":"2022-12-08T21:28:00.000Z","end":"2022-12-08T21:29:00.000Z"},"country":"United Kingdom","OPM":5,"total_sale_volume":310.2799987792969,"rate_of_return":0.0}
{"window":{"start":"2022-12-09T06:51:00.000Z","end":"2022-12-09T06:52:00.000Z"},"country":"Norway","OPM":1,"total_sale_volume":32.93000030517578,"rate_of_return":0.0}
{"window":{"start":"2022-12-08T21:05:00.000Z","end":"2022-12-08T21:06:00.000Z"},"country":"United Kingdom","OPM":4,"total_sale_volume":259.18999576568604,"rate_of_return":0.0}
{"window":{"start":"2022-12-08T21:30:00.000Z","end":"2022-12-08T21:31:00.000Z"},"country":"United Kingdom","OPM":7,"total_sale_volume":591.1199970245361,"rate_of_return":0.0}
{"window":{"start":"2022-12-09T12:49:00.000Z","end":"2022-12-09T12:50:00.000Z"},"country":"Spain","OPM":1,"total_sale_volume":4.980000019073486,"rate_of_return":0.0}
{"window":{"start":"2022-12-09T04:18:00.000Z","end":"2022-12-09T04:19:00.000Z"},"country":"USA","OPM":1,"total_sale_volume":102.62000274658203,"rate_of_return":0.0}
{"window":{"start":"2022-12-09T15:00:00.000Z","end":"2022-12-09T15:01:00.000Z"},"country":"Switzerland","OPM":1,"total_sale_volume":158.05999755859375,"rate_of_return":0.0}
{"window":{"start":"2022-12-09T12:26:00.000Z","end":"2022-12-09T12:27:00.000Z"},"country":"United Kingdom","OPM":13,"total_sale_volume":90.42999649047852,"rate_of_return":0.23076923076923078}
{"window":{"start":"2022-12-09T23:27:00.000Z","end":"2022-12-09T23:28:00.000Z"},"country":"Belgium","OPM":1,"total_sale_volume":33.20000076293945,"rate_of_return":0.0}
{"window":{"start":"2022-12-09T22:50:00.000Z","end":"2022-12-09T22:51:00.000Z"},"country":"Finland","OPM":1,"total_sale_volume":-186.27999877929688,"rate_of_return":1.0}
