{"window":{"start":"2022-12-08T21:41:00.000Z","end":"2022-12-08T21:42:00.000Z"},"country":"United Kingdom","OPM":3,"total_sale_volume":176.12999725341797,"rate_of_return":0.0}
{"window":{"start":"2022-12-09T17:51:00.000Z","end":"2022-12-09T17:52:00.000Z"},"country":"United Kingdom","OPM":5,"total_sale_volume":216.25999450683594,"rate_of_return":0.2}
{"window":{"start":"2022-12-08T23:47:00.000Z","end":"2022-12-08T23:48:00.000Z"},"country":"United Kingdom","OPM":8,"total_sale_volume":384.1000123023987,"rate_of_return":0.0}
{"window":{"start":"2022-12-09T09:33:00.000Z","end":"2022-12-09T09:34:00.000Z"},"country":"United Kingdom","OPM":18,"total_sale_volume":1811.60999584198,"rate_of_return":0.1111111111111111}
{"window":{"start":"2022-12-08T11:06:00.000Z","end":"2022-12-08T11:07:00.000Z"},"country":"EIRE","OPM":1,"total_sale_volume":51.0,"rate_of_return":0.0}
{"window":{"start":"2022-12-08T18:44:00.000Z","end":"2022-12-08T18:45:00.000Z"},"country":"Sweden","OPM":1,"total_sale_volume":239.42999267578125,"rate_of_return":0.0}
{"window":{"start":"2022-12-09T08:03:00.000Z","end":"2022-12-09T08:04:00.000Z"},"country":"France","OPM":1,"total_sale_volume":-36.0,"rate_of_return":1.0}
{"window":{"start":"2022-12-08T19:21:00.000Z","end":"2022-12-08T19:22:00.000Z"},"country":"Norway","OPM":1,"total_sale_volume":1.649999976158142,"rate_of_return":0.0}
{"window":{"start":"2022-12-09T13:49:00.000Z","end":"2022-12-09T13:50:00.000Z"},"country":"Germany","OPM":1,"total_sale_volume":43.22999954223633,"rate_of_return":0.0}
{"window":{"start":"2022-12-09T11:30:00.000Z","end":"2022-12-09T11:31:00.000Z"},"country":"United Kingdom","OPM":8,"total_sale_volume":339.3699995279312,"rate_of_return":0.0}
{"window":{"start":"2022-12-09T06:01:00.000Z","end":"2022-12-09T06:02:00.000Z"},"country":"United Kingdom","OPM":7,"total_sale_volume":364.29000091552734,"rate_of_return":0.0}
{"window":{"start":"2022-12-09T05:33:00.000Z","end":"2022-12-09T05:34:00.000Z"},"country":"United Kingdom","OPM":7,"total_sale_volume":267.04999923706055,"rate_of_return":0.0}
{"window":{"start":"2022-12-08T10:17:00.000Z","end":"2022-12-08T10:18:00.000Z"},"country":"United Kingdom","OPM":11,"total_sale_volume":525.7499895095825,"rate_of_return":0.09090909090909091}
{"window":{"start":"2022-12-08T20:28:00.000Z","end":"2022-12-08T20:29:00.000Z"},"country":"Switzerland","OPM":1,"total_sale_volume":168.94000244140625,"rate_of_return":0.0}
{"window":{"start":"2022-12-08T13:01:00.000Z","end":"2022-12-08T13:02:00.000Z"},"country":"EIRE","OPM":1,"total_sale_volume":47.42000198364258,"rate_of_return":0.0}
{"window":{"start":"2022-12-08T22:21:00.000Z","end":"2022-12-08T22:22:00.000Z"},"country":"United Kingdom","OPM":7,"total_sale_volume":505.7599983215332,"rate_of_return":0.0}
{"window":{"start":"2022-12-09T12:00:00.000Z","end":"2022-12-09T12:01:00.000Z"},"country":"Australia","OPM":1,"total_sale_volume":39.19000244140625,"rate_of_return":0.0}
