{"window":{"start":"2022-12-09T18:32:00.000Z","end":"2022-12-09T18:33:00.000Z"},"country":"United Kingdom","OPM":8,"total_sale_volume":216.17999839782715,"rate_of_return":0.125}
{"window":{"start":"2022-12-09T23:12:00.000Z","end":"2022-12-09T23:13:00.000Z"},"country":"Italy","OPM":1,"total_sale_volume":9.899999618530273,"rate_of_return":0.0}
{"window":{"start":"2022-12-08T13:31:00.000Z","end":"2022-12-08T13:32:00.000Z"},"country":"United Kingdom","OPM":8,"total_sale_volume":327.6999976634979,"rate_of_return":0.0}
{"window":{"start":"2022-12-09T14:57:00.000Z","end":"2022-12-09T14:58:00.000Z"},"country":"Belgium","OPM":1,"total_sale_volume":96.80000305175781,"rate_of_return":0.0}
{"window":{"start":"2022-12-09T13:03:00.000Z","end":"2022-12-09T13:04:00.000Z"},"country":"United Kingdom","OPM":5,"total_sale_volume":365.1500015258789,"rate_of_return":0.0}
{"window":{"start":"2022-12-09T01:15:00.000Z","end":"2022-12-09T01:16:00.000Z"},"country":"United Kingdom","OPM":5,"total_sale_volume":368.2999973297119,"rate_of_return":0.0}
{"window":{"start":"2022-12-08T12:17:00.000Z","end":"2022-12-08T12:18:00.000Z"},"country":"Belgium","OPM":1,"total_sale_volume":10.079999923706055,"rate_of_return":0.0}
{"window":{"start":"2022-12-09T00:55:00.000Z","end":"2022-12-09T00:56:00.000Z"},"country":"Germany","OPM":1,"total_sale_volume":30.0,"rate_of_return":0.0}
{"window":{"start":"2022-12-08T14:21:00.000Z","end":"2022-12-08T14:22:00.000Z"},"country":"Germany","OPM":1,"total_sale_volume":34.77000045776367,"rate_of_return":0.0}
{"window":{"start":"2022-12-09T22:09:00.000Z","end":"2022-12-09T22:10:00.000Z"},"country":"United Kingdom","OPM":12,"total_sale_volume":6049.240131378174,"rate_of_return":0.0}
{"window":{"start":"2022-12-08T23:35:00.000Z","end":"2022-12-08T23:36:00.000Z"},"country":"United Kingdom","OPM":9,"total_sale_volume":1062.5499925613403,"rate_of_return":0.2222222222222222}
{"window":{"start":"2022-12-09T22:16:00.000Z","end":"2022-12-09T22:17:00.000Z"},"country":"Portugal","OPM":1,"total_sale_volume":20.399999618530273,"rate_of_return":0.0}
{"window":{"start":"2022-12-09T08:13:00.000Z","end":"2022-12-09T08:14:00.000Z"},"country":"United Kingdom","OPM":16,"total_sale_volume":1129.2300073206425,"rate_of_return":0.0}
{"window":{"start":"2022-12-09T03:48:00.000Z","end":"2022-12-09T03:49:00.000Z"},"country":"France","OPM":1,"total_sale_volume":-7.649999618530273,"rate_of_return":1.0}
{"window":{"start":"2022-12-08T15:59:00.000Z","end":"2022-12-08T16:00:00.000Z"},"country":"Switzerland","OPM":1,"total_sale_volume":644.0399780273438,"rate_of_return":0.0}
{"window":{"start":"2022-12-09T01:53:00.000Z","end":"2022-12-09T01:54:00.000Z"},"country":"United Kingdom","OPM":13,"total_sale_volume":1198.9900002479553,"rate_of_return":0.07692307692307693}
{"window":{"start":"2022-12-09T22:47:00.000Z","end":"2022-12-09T22:48:00.000Z"},"country":"United Kingdom","OPM":12,"total_sale_volume":607.8300043344498,"rate_of_return":0.08333333333333333}
