{"window":{"start":"2022-12-09T12:04:00.000Z","end":"2022-12-09T12:05:00.000Z"},"country":"France","OPM":1,"total_sale_volume":41.65999984741211,"rate_of_return":0.0}
{"window":{"start":"2022-12-09T04:19:00.000Z","end":"2022-12-09T04:20:00.000Z"},"country":"United Kingdom","OPM":5,"total_sale_volume":408.5900020599365,"rate_of_return":0.0}
{"window":{"start":"2022-12-09T07:02:00.000Z","end":"2022-12-09T07:03:00.000Z"},"country":"United Kingdom","OPM":13,"total_sale_volume":1701.4699869155884,"rate_of_return":0.07692307692307693}
{"window":{"start":"2022-12-09T13:30:00.000Z","end":"2022-12-09T13:31:00.000Z"},"country":"EIRE","OPM":1,"total_sale_volume":-1.25,"rate_of_return":1.0}
{"window":{"start":"2022-12-08T22:30:00.000Z","end":"2022-12-08T22:31:00.000Z"},"country":"Austria","OPM":1,"total_sale_volume":141.8300018310547,"rate_of_return":0.0}
{"window":{"start":"2022-12-09T19:27:00.000Z","end":"2022-12-09T19:28:00.000Z"},"country":"Austria","OPM":1,"total_sale_volume":39.63999938964844,"rate_of_return":0.0}
{"window":{"start":"2022-12-09T12:04:00.000Z","end":"2022-12-09T12:05:00.000Z"},"country":"United Kingdom","OPM":13,"total_sale_volume":443.619998216629,"rate_of_return":0.07692307692307693}
{"window":{"start":"2022-12-08T21:03:00.000Z","end":"2022-12-08T21:04:00.000Z"},"country":"United Kingdom","OPM":13,"total_sale_volume":463.0099980831146,"rate_of_return":0.0}
{"window":{"start":"2022-12-09T03:17:00.000Z","end":"2022-12-09T03:18:00.000Z"},"country":"United Kingdom","OPM":10,"total_sale_volume":314.3699960708618,"rate_of_return":0.0}
{"window":{"start":"2022-12-09T17:31:00.000Z","end":"2022-12-09T17:32:00.000Z"},"country":"Netherlands","OPM":1,"total_sale_volume":209.5500030517578,"rate_of_return":0.0}
{"window":{"start":"2022-12-09T12:44:00.000Z","end":"2022-12-09T12:45:00.000Z"},"country":"United Kingdom","OPM":8,"total_sale_volume":319.27001094818115,"rate_of_return":0.0}
{"window":{"start":"2022-12-09T05:21:00.000Z","end":"2022-12-09T05:22:00.000Z"},"country":"United Kingdom","OPM":7,"total_sale_volume":129.4900016784668,"rate_of_return":0.0}
{"window":{"start":"2022-12-08T16:36:00.000Z","end":"2022-12-08T16:37:00.000Z"},"country":"Germany","OPM":1,"total_sale_volume":93.75,"rate_of_return":0.0}
{"window":{"start":"2022-12-09T06:09:00.000Z","end":"2022-12-09T06:10:00.000Z"},"country":"United Kingdom","OPM":10,"total_sale_volume":460.0400012731552,"rate_of_return":0.0}
{"window":{"start":"2022-12-09T09:24:00.000Z","end":"2022-12-09T09:25:00.000Z"},"country":"United Kingdom","OPM":11,"total_sale_volume":340.7299954891205,"rate_of_return":0.09090909090909091}
{"window":{"start":"2022-12-08T09:16:00.000Z","end":"2022-12-08T09:17:00.000Z"},"country":"United Kingdom","OPM":6,"total_sale_volume":365.47999572753906,"rate_of_return":0.0}
{"window":{"start":"2022-12-08T21:34:00.000Z","end":"2022-12-08T21:35:00.000Z"},"country":"Spain","OPM":1,"total_sale_volume":8.030000686645508,"rate_of_return":0.0}
{"window":{"start":"2022-12-08T17:18:00.000Z","end":"2022-12-08T17:19:00.000Z"},"country":"Portugal","OPM":1,"total_sale_volume":118.77999877929688,"rate_of_return":0.0}
{"window":{"start":"2022-12-09T15:15:00.000Z","end":"2022-12-09T15:16:00.000Z"},"country":"United Kingdom","OPM":9,"total_sale_volume":395.7199983596802,"rate_of_return":0.0}
{"window":{"start":"2022-12-09T01:44:00.000Z","end":"2022-12-09T01:45:00.000Z"},"country":"France","OPM":1,"total_sale_volume":36.25,"rate_of_return":0.0}
{"window":{"start":"2022-12-09T15:31:00.000Z","end":"2022-12-09T15:32:00.000Z"},"country":"United Kingdom","OPM":8,"total_sale_volume":577.3599963188171,"rate_of_return":0.125}
{"window":{"start":"2022-12-08T08:29:00.000Z","end":"2022-12-08T08:30:00.000Z"},"country":"Switzerland","OPM":1,"total_sale_volume":12.479999542236328,"rate_of_return":0.0}
{"window":{"start":"2022-12-08T17:21:00.000Z","end":"2022-12-08T17:22:00.000Z"},"country":"Spain","OPM":1,"total_sale_volume":41.150001525878906,"rate_of_return":0.0}
