{"window":{"start":"2022-12-09T17:52:00.000Z","end":"2022-12-09T17:53:00.000Z"},"country":"EIRE","OPM":1,"total_sale_volume":24.540000915527344,"rate_of_return":0.0}
{"window":{"start":"2022-12-09T03:42:00.000Z","end":"2022-12-09T03:43:00.000Z"},"country":"United Kingdom","OPM":3,"total_sale_volume":42.11000066995621,"rate_of_return":0.0}
{"window":{"start":"2022-12-09T07:13:00.000Z","end":"2022-12-09T07:14:00.000Z"},"country":"EIRE","OPM":1,"total_sale_volume":53.45000076293945,"rate_of_return":0.0}
{"window":{"start":"2022-12-09T00:19:00.000Z","end":"2022-12-09T00:20:00.000Z"},"country":"United Kingdom","OPM":7,"total_sale_volume":235.14000177383423,"rate_of_return":0.14285714285714285}
{"window":{"start":"2022-12-09T22:42:00.000Z","end":"2022-12-09T22:43:00.000Z"},"country":"Belgium","OPM":1,"total_sale_volume":6.699999809265137,"rate_of_return":0.0}
{"window":{"start":"2022-12-09T01:37:00.000Z","end":"2022-12-09T01:38:00.000Z"},"country":"United Kingdom","OPM":4,"total_sale_volume":176.4499969482422,"rate_of_return":0.0}
{"window":{"start":"2022-12-08T19:13:00.000Z","end":"2022-12-08T19:14:00.000Z"},"country":"United Kingdom","OPM":16,"total_sale_volume":755.7100000977516,"rate_of_return":0.0}
{"window":{"start":"2022-12-08T09:59:00.000Z","end":"2022-12-08T10:00:00.000Z"},"country":"United Kingdom","OPM":13,"total_sale_volume":711.8899884819984,"rate_of_return":0.15384615384615385}
{"window":{"start":"2022-12-09T18:08:00.000Z","end":"2022-12-09T18:09:00.000Z"},"country":"United Kingdom","OPM":6,"total_sale_volume":381.6899995803833,"rate_of_return":0.0}
{"window":{"start":"2022-12-08T20:49:00.000Z","end":"2022-12-08T20:50:00.000Z"},"country":"United Kingdom","OPM":9,"total_sale_volume":750.6599935293198,"rate_of_return":0.1111111111111111}
{"window":{"start":"2022-12-08T17:52:00.000Z","end":"2022-12-08T17:53:00.000Z"},"country":"United Kingdom","OPM":8,"total_sale_volume":538.9300117492676,"rate_of_return":0.0}
{"window":{"start":"2022-12-09T23:22:00.000Z","end":"2022-12-09T23:23:00.000Z"},"country":"United Kingdom","OPM":3,"total_sale_volume":129.3400011062622,"rate_of_return":0.0}
{"window":{"start":"2022-12-08T17:41:00.000Z","end":"2022-12-08T17:42:00.000Z"},"country":"Portugal","OPM":1,"total_sale_volume":68.72000122070312,"rate_of_return":0.0}
{"window":{"start":"2022-12-09T01:05:00.000Z","end":"2022-12-09T01:06:00.000Z"},"country":"Germany","OPM":1,"total_sale_volume":5.900000095367432,"rate_of_return":0.0}
{"window":{"start":"2022-12-08T19:09:00.000Z","end":"2022-12-08T19:10:00.000Z"},"country":"Portugal","OPM":1,"total_sale_volume":19.80000114440918,"rate_of_return":0.0}
{"window":{"start":"2022-12-08T12:21:00.000Z","end":"2022-12-08T12:22:00.000Z"},"country":"United Kingdom","OPM":6,"total_sale_volume":821.3500299453735,"rate_of_return":0.0}
{"window":{"start":"2022-12-09T22:07:00.000Z","end":"2022-12-09T22:08:00.000Z"},"country":"United Kingdom","OPM":4,"total_sale_volume":246.16000938415527,"rate_of_return":0.0}
{"window":{"start":"2022-12-09T17:08:00.000Z","end":"2022-12-09T17:09:00.000Z"},"country":"Netherlands","OPM":1,"total_sale_volume":124.37999725341797,"rate_of_return":0.0}
{"window":{"start":"2022-12-08T15:30:00.000Z","end":"2022-12-08T15:31:00.000Z"},"country":"United Kingdom","OPM":15,"total_sale_volume":790.9399909973145,"rate_of_return":0.13333333333333333}
{"window":{"start":"2022-12-09T15:43:00.000Z","end":"2022-12-09T15:44:00.000Z"},"country":"United Kingdom","OPM":13,"total_sale_volume":1076.289980173111,"rate_of_return":0.0}
{"window":{"start":"2022-12-09T18:29:00.000Z","end":"2022-12-09T18:30:00.000Z"},"country":"Spain","OPM":1,"total_sale_volume":5.010000228881836,"rate_of_return":0.0}
{"window":{"start":"2022-12-08T15:40:00.000Z","end":"2022-12-08T15:41:00.000Z"},"country":"EIRE","OPM":1,"total_sale_volume":100.4699935913086,"rate_of_return":0.0}
{"window":{"start":"2022-12-09T02:07:00.000Z","end":"2022-12-09T02:08:00.000Z"},"country":"Germany","OPM":1,"total_sale_volume":23.84000015258789,"rate_of_return":0.0}
{"window":{"start":"2022-12-08T22:50:00.000Z","end":"2022-12-08T22:51:00.000Z"},"country":"United Kingdom","OPM":9,"total_sale_volume":2250.1799993515015,"rate_of_return":0.0}
{"window":{"start":"2022-12-09T07:32:00.000Z","end":"2022-12-09T07:33:00.000Z"},"country":"Spain","OPM":1,"total_sale_volume":116.44000244140625,"rate_of_return":0.0}
{"window":{"start":"2022-12-08T17:06:00.000Z","end":"2022-12-08T17:07:00.000Z"},"country":"EIRE","OPM":1,"total_sale_volume":12.479999542236328,"rate_of_return":0.0}
{"window":{"start":"2022-12-09T07:54:00.000Z","end":"2022-12-09T07:55:00.000Z"},"country":"United Kingdom","OPM":8,"total_sale_volume":481.8399906158447,"rate_of_return":0.125}
{"window":{"start":"2022-12-08T17:29:00.000Z","end":"2022-12-08T17:30:00.000Z"},"country":"Netherlands","OPM":1,"total_sale_volume":19.799999237060547,"rate_of_return":0.0}
