{"window":{"start":"2022-12-09T04:15:00.000Z","end":"2022-12-09T04:16:00.000Z"},"country":"United Kingdom","OPM":15,"total_sale_volume":2396.130016565323,"rate_of_return":0.13333333333333333}
{"window":{"start":"2022-12-09T07:40:00.000Z","end":"2022-12-09T07:41:00.000Z"},"country":"United Kingdom","OPM":10,"total_sale_volume":1701.5799627304077,"rate_of_return":0.0}
{"window":{"start":"2022-12-09T12:55:00.000Z","end":"2022-12-09T12:56:00.000Z"},"country":"Germany","OPM":1,"total_sale_volume":24.780000686645508,"rate_of_return":0.0}
{"window":{"start":"2022-12-09T21:25:00.000Z","end":"2022-12-09T21:26:00.000Z"},"country":"Germany","OPM":1,"total_sale_volume":23.400001525878906,"rate_of_return":0.0}
{"window":{"start":"2022-12-08T13:38:00.000Z","end":"2022-12-08T13:39:00.000Z"},"country":"United Kingdom","OPM":4,"total_sale_volume":431.76999855041504,"rate_of_return":0.0}
{"window":{"start":"2022-12-09T19:20:00.000Z","end":"2022-12-09T19:21:00.000Z"},"country":"United Kingdom","OPM":13,"total_sale_volume":708.2400064468384,"rate_of_return":0.0}
{"window":{"start":"2022-12-09T18:49:00.000Z","end":"2022-12-09T18:50:00.000Z"},"country":"Germany","OPM":1,"total_sale_volume":89.94000244140625,"rate_of_return":0.0}
{"window":{"start":"2022-12-09T05:24:00.000Z","end":"2022-12-09T05:25:00.000Z"},"country":"Switzerland","OPM":1,"total_sale_volume":6.289999961853027,"rate_of_return":0.0}
{"window":{"start":"2022-12-09T09:15:00.000Z","end":"2022-12-09T09:16:00.000Z"},"country":"United Kingdom","OPM":11,"total_sale_volume":106.21000576019287,"rate_of_return":0.18181818181818182}
{"window":{"start":"2022-12-09T00:57:00.000Z","end":"2022-12-09T00:58:00.000Z"},"country":"France","OPM":1,"total_sale_volume":26.43000030517578,"rate_of_return":0.0}
{"window":{"start":"2022-12-09T21:28:00.000Z","end":"2022-12-09T21:29:00.000Z"},"country":"United Kingdom","OPM":4,"total_sale_volume":134.02000904083252,"rate_of_return":0.25}
{"window":{"start":"2022-12-09T12:39:00.000Z","end":"2022-12-09T12:40:00.000Z"},"country":"Germany","OPM":1,"total_sale_volume":-29.80000114440918,"rate_of_return":1.0}
{"window":{"start":"2022-12-09T00:55:00.000Z","end":"2022-12-09T00:56:00.000Z"},"country":"United Kingdom","OPM":15,"total_sale_volume":284.6299954652786,"rate_of_return":0.06666666666666667}
{"window":{"start":"2022-12-09T10:52:00.000Z","end":"2022-12-09T10:53:00.000Z"},"country":"United Kingdom","OPM":9,"total_sale_volume":754.8400001525879,"rate_of_return":0.0}
{"window":{"start":"2022-12-09T13:05:00.000Z","end":"2022-12-09T13:06:00.000Z"},"country":"United Kingdom","OPM":7,"total_sale_volume":-8.080004096031189,"rate_of_return":0.14285714285714285}
{"window":{"start":"2022-12-09T01:24:00.000Z","end":"2022-12-09T01:25:00.000Z"},"country":"United Kingdom","OPM":15,"total_sale_volume":684.2299938797951,"rate_of_return":0.0}
{"window":{"start":"2022-12-09T01:16:00.000Z","end":"2022-12-09T01:17:00.000Z"},"country":"United Kingdom","OPM":7,"total_sale_volume":222.45999479293823,"rate_of_return":0.0}
{"window":{"start":"2022-12-08T19:47:00.000Z","end":"2022-12-08T19:48:00.000Z"},"country":"United Kingdom","OPM":13,"total_sale_volume":753.11998462677,"rate_of_return":0.0}
{"window":{"start":"2022-12-08T15:12:00.000Z","end":"2022-12-08T15:13:00.000Z"},"country":"Germany","OPM":1,"total_sale_volume":7.199999809265137,"rate_of_return":0.0}
{"window":{"start":"2022-12-09T09:56:00.000Z","end":"2022-12-09T09:57:00.000Z"},"country":"Channel Islands","OPM":1,"total_sale_volume":19.68000030517578,"rate_of_return":0.0}
{"window":{"start":"2022-12-09T20:34:00.000Z","end":"2022-12-09T20:35:00.000Z"},"country":"Italy","OPM":1,"total_sale_volume":17.400001525878906,"rate_of_return":0.0}
{"window":{"start":"2022-12-08T09:40:00.000Z","end":"2022-12-08T09:41:00.000Z"},"country":"Belgium","OPM":1,"total_sale_volume":40.45000076293945,"rate_of_return":0.0}
{"window":{"start":"2022-12-08T23:09:00.000Z","end":"2022-12-08T23:10:00.000Z"},"country":"Belgium","OPM":1,"total_sale_volume":5.949999809265137,"rate_of_return":0.0}
{"window":{"start":"2022-12-08T11:12:00.000Z","end":"2022-12-08T11:13:00.000Z"},"country":"United Kingdom","OPM":13,"total_sale_volume":1184.0200035572052,"rate_of_return":0.0}
