{"window":{"start":"2022-12-09T12:33:00.000Z","end":"2022-12-09T12:34:00.000Z"},"country":"United Kingdom","OPM":10,"total_sale_volume":140.9000015258789,"rate_of_return":0.1}
{"window":{"start":"2022-12-09T04:09:00.000Z","end":"2022-12-09T04:10:00.000Z"},"country":"Germany","OPM":1,"total_sale_volume":6.960000038146973,"rate_of_return":0.0}
{"window":{"start":"2022-12-08T10:23:00.000Z","end":"2022-12-08T10:24:00.000Z"},"country":"France","OPM":1,"total_sale_volume":159.38999938964844,"rate_of_return":0.0}
{"window":{"start":"2022-12-08T17:38:00.000Z","end":"2022-12-08T17:39:00.000Z"},"country":"Germany","OPM":1,"total_sale_volume":14.949999809265137,"rate_of_return":0.0}
{"window":{"start":"2022-12-09T08:09:00.000Z","end":"2022-12-09T08:10:00.000Z"},"country":"Australia","OPM":1,"total_sale_volume":20.25,"rate_of_return":0.0}
{"window":{"start":"2022-12-09T22:10:00.000Z","end":"2022-12-09T22:11:00.000Z"},"country":"United Kingdom","OPM":13,"total_sale_volume":495.0999836921692,"rate_of_return":0.0}
{"window":{"start":"2022-12-08T18:35:00.000Z","end":"2022-12-08T18:36:00.000Z"},"country":"United Kingdom","OPM":4,"total_sale_volume":274.08999252319336,"rate_of_return":0.0}
{"window":{"start":"2022-12-09T01:29:00.000Z","end":"2022-12-09T01:30:00.000Z"},"country":"United Kingdom","OPM":11,"total_sale_volume":677.6899979114532,"rate_of_return":0.0}
{"window":{"start":"2022-12-09T01:59:00.000Z","end":"2022-12-09T02:00:00.000Z"},"country":"United Kingdom","OPM":11,"total_sale_volume":472.8500065803528,"rate_of_return":0.0}
{"window":{"start":"2022-12-09T15:39:00.000Z","end":"2022-12-09T15:40:00.000Z"},"country":"Germany","OPM":1,"total_sale_volume":24.760000228881836,"rate_of_return":0.0}
{"window":{"start":"2022-12-09T19:54:00.000Z","end":"2022-12-09T19:55:00.000Z"},"country":"EIRE","OPM":1,"total_sale_volume":1087.56005859375,"rate_of_return":0.0}
{"window":{"start":"2022-12-08T12:44:00.000Z","end":"2022-12-08T12:45:00.000Z"},"country":"United Kingdom","OPM":8,"total_sale_volume":745.6999886035919,"rate_of_return":0.0}
{"window":{"start":"2022-12-08T18:09:00.000Z","end":"2022-12-08T18:10:00.000Z"},"country":"Belgium","OPM":1,"total_sale_volume":35.91999816894531,"rate_of_return":0.0}
{"window":{"start":"2022-12-09T18:39:00.000Z","end":"2022-12-09T18:40:00.000Z"},"country":"EIRE","OPM":1,"total_sale_volume":37.380001068115234,"rate_of_return":0.0}
{"window":{"start":"2022-12-09T15:14:00.000Z","end":"2022-12-09T15:15:00.000Z"},"country":"United Kingdom","OPM":7,"total_sale_volume":609.3599982261658,"rate_of_return":0.0}
{"window":{"start":"2022-12-09T20:41:00.000Z","end":"2022-12-09T20:42:00.000Z"},"country":"United Kingdom","OPM":6,"total_sale_volume":280.5900001525879,"rate_of_return":0.0}
{"window":{"start":"2022-12-08T22:27:00.000Z","end":"2022-12-08T22:28:00.000Z"},"country":"Spain","OPM":1,"total_sale_volume":133.02000427246094,"rate_of_return":0.0}
{"window":{"start":"2022-12-08T16:44:00.000Z","end":"2022-12-08T16:45:00.000Z"},"country":"United Kingdom","OPM":11,"total_sale_volume":951.4400043487549,"rate_of_return":0.09090909090909091}
