{"window":{"start":"2022-12-09T07:04:00.000Z","end":"2022-12-09T07:05:00.000Z"},"country":"United Kingdom","OPM":15,"total_sale_volume":1234.8299918174744,"rate_of_return":0.06666666666666667}
{"window":{"start":"2022-12-08T14:19:00.000Z","end":"2022-12-08T14:20:00.000Z"},"country":"EIRE","OPM":1,"total_sale_volume":1.25,"rate_of_return":0.0}
{"window":{"start":"2022-12-09T08:31:00.000Z","end":"2022-12-09T08:32:00.000Z"},"country":"United Kingdom","OPM":6,"total_sale_volume":446.9099819660187,"rate_of_return":0.0}
{"window":{"start":"2022-12-09T10:40:00.000Z","end":"2022-12-09T10:41:00.000Z"},"country":"United Kingdom","OPM":5,"total_sale_volume":369.53000259399414,"rate_of_return":0.2}
{"window":{"start":"2022-12-08T14:00:00.000Z","end":"2022-12-08T14:01:00.000Z"},"country":"United Kingdom","OPM":11,"total_sale_volume":1329.979990720749,"rate_of_return":0.18181818181818182}
{"window":{"start":"2022-12-08T14:03:00.000Z","end":"2022-12-08T14:04:00.000Z"},"country":"United Kingdom","OPM":12,"total_sale_volume":629.3900113105774,"rate_of_return":0.0}
{"window":{"start":"2022-12-09T19:48:00.000Z","end":"2022-12-09T19:49:00.000Z"},"country":"United Kingdom","OPM":7,"total_sale_volume":394.9799840450287,"rate_of_return":0.0}
{"window":{"start":"2022-12-08T20:02:00.000Z","end":"2022-12-08T20:03:00.000Z"},"country":"Belgium","OPM":1,"total_sale_volume":38.11000061035156,"rate_of_return":0.0}
{"window":{"start":"2022-12-08T15:21:00.000Z","end":"2022-12-08T15:22:00.000Z"},"country":"United Kingdom","OPM":8,"total_sale_volume":1959.2699663639069,"rate_of_return":0.0}
{"window":{"start":"2022-12-09T02:15:00.000Z","end":"2022-12-09T02:16:00.000Z"},"country":"United Kingdom","OPM":5,"total_sale_volume":559.6399955749512,"rate_of_return":0.0}
{"window":{"start":"2022-12-09T01:44:00.000Z","end":"2022-12-09T01:45:00.000Z"},"country":"United Kingdom","OPM":11,"total_sale_volume":1921.479983329773,"rate_of_return":0.0}
{"window":{"start":"2022-12-08T22:20:00.000Z","end":"2022-12-08T22:21:00.000Z"},"country":"United Kingdom","OPM":9,"total_sale_volume":375.8999996185303,"rate_of_return":0.0}
{"window":{"start":"2022-12-09T20:46:00.000Z","end":"2022-12-09T20:47:00.000Z"},"country":"United Kingdom","OPM":11,"total_sale_volume":420.7100044488907,"rate_of_return":0.18181818181818182}
{"window":{"start":"2022-12-08T12:47:00.000Z","end":"2022-12-08T12:48:00.000Z"},"country":"United Kingdom","OPM":13,"total_sale_volume":647.3700041770935,"rate_of_return":0.0}
{"window":{"start":"2022-12-09T04:22:00.000Z","end":"2022-12-09T04:23:00.000Z"},"country":"Belgium","OPM":1,"total_sale_volume":59.0,"rate_of_return":0.0}
{"window":{"start":"2022-12-08T21:46:00.000Z","end":"2022-12-08T21:47:00.000Z"},"country":"United Kingdom","OPM":2,"total_sale_volume":222.72000122070312,"rate_of_return":0.0}
{"window":{"start":"2022-12-09T05:29:00.000Z","end":"2022-12-09T05:30:00.000Z"},"country":"United Kingdom","OPM":12,"total_sale_volume":391.8499970436096,"rate_of_return":0.08333333333333333}
{"window":{"start":"2022-12-08T22:08:00.000Z","end":"2022-12-08T22:09:00.000Z"},"country":"United Kingdom","OPM":13,"total_sale_volume":905.9699878692627,"rate_of_return":0.0}
{"window":{"start":"2022-12-09T00:47:00.000Z","end":"2022-12-09T00:48:00.000Z"},"country":"Australia","OPM":1,"total_sale_volume":24.920000076293945,"rate_of_return":0.0}
{"window":{"start":"2022-12-09T19:08:00.000Z","end":"2022-12-09T19:09:00.000Z"},"country":"France","OPM":1,"total_sale_volume":90.54000091552734,"rate_of_return":0.0}
{"window":{"start":"2022-12-08T17:47:00.000Z","end":"2022-12-08T17:48:00.000Z"},"country":"Switzerland","OPM":1,"total_sale_volume":3.3400001525878906,"rate_of_return":0.0}
{"window":{"start":"2022-12-09T02:45:00.000Z","end":"2022-12-09T02:46:00.000Z"},"country":"Germany","OPM":1,"total_sale_volume":80.4000015258789,"rate_of_return":0.0}
