{"window":{"start":"2022-12-08T21:47:00.000Z","end":"2022-12-08T21:48:00.000Z"},"country":"Finland","OPM":1,"total_sale_volume":1.25,"rate_of_return":0.0}
{"window":{"start":"2022-12-08T12:35:00.000Z","end":"2022-12-08T12:36:00.000Z"},"country":"Germany","OPM":1,"total_sale_volume":49.619998931884766,"rate_of_return":0.0}
{"window":{"start":"2022-12-08T23:13:00.000Z","end":"2022-12-08T23:14:00.000Z"},"country":"United Kingdom","OPM":12,"total_sale_volume":470.60999870300293,"rate_of_return":0.0}
{"window":{"start":"2022-12-09T09:01:00.000Z","end":"2022-12-09T09:02:00.000Z"},"country":"France","OPM":1,"total_sale_volume":278.32000732421875,"rate_of_return":0.0}
{"window":{"start":"2022-12-08T15:43:00.000Z","end":"2022-12-08T15:44:00.000Z"},"country":"United Kingdom","OPM":4,"total_sale_volume":144.3299961090088,"rate_of_return":0.0}
{"window":{"start":"2022-12-09T15:20:00.000Z","end":"2022-12-09T15:21:00.000Z"},"country":"United Kingdom","OPM":8,"total_sale_volume":378.2899966239929,"rate_of_return":0.125}
{"window":{"start":"2022-12-09T15:24:00.000Z","end":"2022-12-09T15:25:00.000Z"},"country":"EIRE","OPM":1,"total_sale_volume":63.179996490478516,"rate_of_return":0.0}
{"window":{"start":"2022-12-08T19:08:00.000Z","end":"2022-12-08T19:09:00.000Z"},"country":"EIRE","OPM":1,"total_sale_volume":171.91000366210938,"rate_of_return":0.0}
{"window":{"start":"2022-12-08T10:33:00.000Z","end":"2022-12-08T10:34:00.000Z"},"country":"United Kingdom","OPM":8,"total_sale_volume":655.6499927043915,"rate_of_return":0.0}
{"window":{"start":"2022-12-09T02:55:00.000Z","end":"2022-12-09T02:56:00.000Z"},"country":"Switzerland","OPM":1,"total_sale_volume":31.709999084472656,"rate_of_return":0.0}
{"window":{"start":"2022-12-08T16:57:00.000Z","end":"2022-12-08T16:58:00.000Z"},"country":"Sweden","OPM":1,"total_sale_volume":-163.69000244140625,"rate_of_return":1.0}
{"window":{"start":"2022-12-09T05:28:00.000Z","end":"2022-12-09T05:29:00.000Z"},"country":"Poland","OPM":1,"total_sale_volume":4.170000076293945,"rate_of_return":0.0}
{"window":{"start":"2022-12-09T16:35:00.000Z","end":"2022-12-09T16:36:00.000Z"},"country":"United Kingdom","OPM":15,"total_sale_volume":845.2600104808807,"rate_of_return":0.0}
{"window":{"start":"2022-12-08T14:47:00.000Z","end":"2022-12-08T14:48:00.000Z"},"country":"United Kingdom","OPM":6,"total_sale_volume":254.46000289916992,"rate_of_return":0.0}
{"window":{"start":"2022-12-09T23:27:00.000Z","end":"2022-12-09T23:28:00.000Z"},"country":"Germany","OPM":1,"total_sale_volume":77.2300033569336,"rate_of_return":0.0}
{"window":{"start":"2022-12-08T08:37:00.000Z","end":"2022-12-08T08:38:00.000Z"},"country":"United Kingdom","OPM":10,"total_sale_volume":470.1600012779236,"rate_of_return":0.0}
{"window":{"start":"2022-12-08T18:59:00.000Z","end":"2022-12-08T19:00:00.000Z"},"country":"United Kingdom","OPM":7,"total_sale_volume":253.80000495910645,"rate_of_return":0.0}
{"window":{"start":"2022-12-08T19:48:00.000Z","end":"2022-12-08T19:49:00.000Z"},"country":"United Kingdom","OPM":12,"total_sale_volume":639.7999985218048,"rate_of_return":0.0}
{"window":{"start":"2022-12-08T15:28:00.000Z","end":"2022-12-08T15:29:00.000Z"},"country":"Germany","OPM":1,"total_sale_volume":56.400001525878906,"rate_of_return":0.0}
{"window":{"start":"2022-12-09T03:07:00.000Z","end":"2022-12-09T03:08:00.000Z"},"country":"United Kingdom","OPM":5,"total_sale_volume":760.4799976348877,"rate_of_return":0.0}
{"window":{"start":"2022-12-09T08:04:00.000Z","end":"2022-12-09T08:05:00.000Z"},"country":"United Kingdom","OPM":8,"total_sale_volume":503.32999873161316,"rate_of_return":0.125}
{"window":{"start":"2022-12-09T04:31:00.000Z","end":"2022-12-09T04:32:00.000Z"},"country":"Switzerland","OPM":1,"total_sale_volume":-6.230000019073486,"rate_of_return":1.0}
