{"window":{"start":"2022-12-09T22:24:00.000Z","end":"2022-12-09T22:25:00.000Z"},"country":"United Kingdom","OPM":7,"total_sale_volume":78.16000092029572,"rate_of_return":0.14285714285714285}
{"window":{"start":"2022-12-09T09:54:00.000Z","end":"2022-12-09T09:55:00.000Z"},"country":"United Kingdom","OPM":3,"total_sale_volume":149.10000228881836,"rate_of_return":0.0}
{"window":{"start":"2022-12-09T20:30:00.000Z","end":"2022-12-09T20:31:00.000Z"},"country":"United Kingdom","OPM":6,"total_sale_volume":296.1099967956543,"rate_of_return":0.0}
{"window":{"start":"2022-12-08T13:36:00.000Z","end":"2022-12-08T13:37:00.000Z"},"country":"United Kingdom","OPM":16,"total_sale_volume":-53.900001525878906,"rate_of_return":0.3125}
{"window":{"start":"2022-12-08T11:52:00.000Z","end":"2022-12-08T11:53:00.000Z"},"country":"Australia","OPM":1,"total_sale_volume":536.5299682617188,"rate_of_return":0.0}
{"window":{"start":"2022-12-08T21:13:00.000Z","end":"2022-12-08T21:14:00.000Z"},"country":"United Kingdom","OPM":11,"total_sale_volume":699.0499992370605,"rate_of_return":0.09090909090909091}
{"window":{"start":"2022-12-08T08:46:00.000Z","end":"2022-12-08T08:47:00.000Z"},"country":"EIRE","OPM":1,"total_sale_volume":15.0,"rate_of_return":0.0}
{"window":{"start":"2022-12-08T22:09:00.000Z","end":"2022-12-08T22:10:00.000Z"},"country":"Spain","OPM":1,"total_sale_volume":40.54999923706055,"rate_of_return":0.0}
{"window":{"start":"2022-12-09T22:27:00.000Z","end":"2022-12-09T22:28:00.000Z"},"country":"United Kingdom","OPM":13,"total_sale_volume":1541.4499822854996,"rate_of_return":0.0}
{"window":{"start":"2022-12-08T16:53:00.000Z","end":"2022-12-08T16:54:00.000Z"},"country":"Germany","OPM":1,"total_sale_volume":15.239999771118164,"rate_of_return":0.0}
{"window":{"start":"2022-12-08T12:39:00.000Z","end":"2022-12-08T12:40:00.000Z"},"country":"Germany","OPM":2,"total_sale_volume":73.88999938964844,"rate_of_return":0.0}
{"window":{"start":"2022-12-09T12:42:00.000Z","end":"2022-12-09T12:43:00.000Z"},"country":"United Kingdom","OPM":10,"total_sale_volume":749.4599990844727,"rate_of_return":0.0}
{"window":{"start":"2022-12-09T14:21:00.000Z","end":"2022-12-09T14:22:00.000Z"},"country":"Norway","OPM":1,"total_sale_volume":48.31999969482422,"rate_of_return":0.0}
{"window":{"start":"2022-12-08T14:45:00.000Z","end":"2022-12-08T14:46:00.000Z"},"country":"United Kingdom","OPM":9,"total_sale_volume":415.07999420166016,"rate_of_return":0.1111111111111111}
{"window":{"start":"2022-12-08T12:23:00.000Z","end":"2022-12-08T12:24:00.000Z"},"country":"United Kingdom","OPM":11,"total_sale_volume":541.189998626709,"rate_of_return":0.0}
{"window":{"start":"2022-12-08T22:42:00.000Z","end":"2022-12-08T22:43:00.000Z"},"country":"United Kingdom","OPM":14,"total_sale_volume":530.140016913414,"rate_of_return":0.21428571428571427}
{"window":{"start":"2022-12-09T02:06:00.000Z","end":"2022-12-09T02:07:00.000Z"},"country":"Germany","OPM":1,"total_sale_volume":22.650001525878906,"rate_of_return":0.0}
{"window":{"start":"2022-12-09T00:42:00.000Z","end":"2022-12-09T00:43:00.000Z"},"country":"EIRE","OPM":1,"total_sale_volume":63.040000915527344,"rate_of_return":0.0}
{"window":{"start":"2022-12-09T22:28:00.000Z","end":"2022-12-09T22:29:00.000Z"},"country":"United Kingdom","OPM":12,"total_sale_volume":854.200028181076,"rate_of_return":0.08333333333333333}
{"window":{"start":"2022-12-09T01:33:00.000Z","end":"2022-12-09T01:34:00.000Z"},"country":"Netherlands","OPM":1,"total_sale_volume":3.319999933242798,"rate_of_return":0.0}
{"window":{"start":"2022-12-08T09:50:00.000Z","end":"2022-12-08T09:51:00.000Z"},"country":"United Kingdom","OPM":9,"total_sale_volume":723.7399923801422,"rate_of_return":0.0}
