{"window":{"start":"2022-12-09T02:23:00.000Z","end":"2022-12-09T02:24:00.000Z"},"country":"EIRE","OPM":1,"total_sale_volume":20.079999923706055,"rate_of_return":0.0}
{"window":{"start":"2022-12-09T03:53:00.000Z","end":"2022-12-09T03:54:00.000Z"},"country":"United Kingdom","OPM":4,"total_sale_volume":203.08999633789062,"rate_of_return":0.0}
{"window":{"start":"2022-12-09T23:30:00.000Z","end":"2022-12-09T23:31:00.000Z"},"country":"Sweden","OPM":1,"total_sale_volume":68.0,"rate_of_return":0.0}
{"window":{"start":"2022-12-08T22:07:00.000Z","end":"2022-12-08T22:08:00.000Z"},"country":"Belgium","OPM":1,"total_sale_volume":2.0999999046325684,"rate_of_return":0.0}
{"window":{"start":"2022-12-09T18:25:00.000Z","end":"2022-12-09T18:26:00.000Z"},"country":"United Kingdom","OPM":6,"total_sale_volume":139.86000180244446,"rate_of_return":0.16666666666666666}
{"window":{"start":"2022-12-09T01:00:00.000Z","end":"2022-12-09T01:01:00.000Z"},"country":"France","OPM":1,"total_sale_volume":46.040000915527344,"rate_of_return":0.0}
{"window":{"start":"2022-12-08T13:12:00.000Z","end":"2022-12-08T13:13:00.000Z"},"country":"Germany","OPM":1,"total_sale_volume":66.70999908447266,"rate_of_return":0.0}
{"window":{"start":"2022-12-09T20:31:00.000Z","end":"2022-12-09T20:32:00.000Z"},"country":"United Kingdom","OPM":6,"total_sale_volume":522.4399948120117,"rate_of_return":0.0}
{"window":{"start":"2022-12-09T09:03:00.000Z","end":"2022-12-09T09:04:00.000Z"},"country":"Poland","OPM":1,"total_sale_volume":141.72000122070312,"rate_of_return":0.0}
{"window":{"start":"2022-12-09T12:00:00.000Z","end":"2022-12-09T12:01:00.000Z"},"country":"Finland","OPM":1,"total_sale_volume":4.159999847412109,"rate_of_return":0.0}
{"window":{"start":"2022-12-09T23:17:00.000Z","end":"2022-12-09T23:18:00.000Z"},"country":"Sweden","OPM":1,"total_sale_volume":18.30000114440918,"rate_of_return":0.0}
{"window":{"start":"2022-12-09T00:58:00.000Z","end":"2022-12-09T00:59:00.000Z"},"country":"United Kingdom","OPM":9,"total_sale_volume":274.1300046443939,"rate_of_return":0.0}
{"window":{"start":"2022-12-09T21:09:00.000Z","end":"2022-12-09T21:10:00.000Z"},"country":"United Kingdom","OPM":6,"total_sale_volume":305.2899971008301,"rate_of_return":0.16666666666666666}
{"window":{"start":"2022-12-09T13:59:00.000Z","end":"2022-12-09T14:00:00.000Z"},"country":"United Kingdom","OPM":9,"total_sale_volume":849.8500075340271,"rate_of_return":0.0}
{"window":{"start":"2022-12-08T13:50:00.000Z","end":"2022-12-08T13:51:00.000Z"},"country":"United Kingdom","OPM":12,"total_sale_volume":705.2999923229218,"rate_of_return":0.16666666666666666}
{"window":{"start":"2022-12-09T21:06:00.000Z","end":"2022-12-09T21:07:00.000Z"},"country":"United Kingdom","OPM":9,"total_sale_volume":698.0899982452393,"rate_of_return":0.0}
{"window":{"start":"2022-12-08T23:04:00.000Z","end":"2022-12-08T23:05:00.000Z"},"country":"United Kingdom","OPM":10,"total_sale_volume":636.699987411499,"rate_of_return":0.0}
{"window":{"start":"2022-12-09T13:36:00.000Z","end":"2022-12-09T13:37:00.000Z"},"country":"United Kingdom","OPM":13,"total_sale_volume":468.1900095939636,"rate_of_return":0.23076923076923078}
{"window":{"start":"2022-12-08T10:34:00.000Z","end":"2022-12-08T10:35:00.000Z"},"country":"EIRE","OPM":1,"total_sale_volume":42.14999771118164,"rate_of_return":0.0}
