{"window":{"start":"2022-12-08T20:17:00.000Z","end":"2022-12-08T20:18:00.000Z"},"country":"France","OPM":2,"total_sale_volume":42.26000213623047,"rate_of_return":0.0}
{"window":{"start":"2022-12-08T11:51:00.000Z","end":"2022-12-08T11:52:00.000Z"},"country":"United Kingdom","OPM":7,"total_sale_volume":466.27000427246094,"rate_of_return":0.0}
{"window":{"start":"2022-12-08T21:20:00.000Z","end":"2022-12-08T21:21:00.000Z"},"country":"EIRE","OPM":1,"total_sale_volume":412.72998046875,"rate_of_return":0.0}
{"window":{"start":"2022-12-08T16:01:00.000Z","end":"2022-12-08T16:02:00.000Z"},"country":"United Kingdom","OPM":13,"total_sale_volume":756.2699964046478,"rate_of_return":0.0}
{"window":{"start":"2022-12-08T13:17:00.000Z","end":"2022-12-08T13:18:00.000Z"},"country":"United Kingdom","OPM":7,"total_sale_volume":205.9100046157837,"rate_of_return":0.0}
{"window":{"start":"2022-12-08T20:04:00.000Z","end":"2022-12-08T20:05:00.000Z"},"country":"Germany","OPM":1,"total_sale_volume":41.790000915527344,"rate_of_return":0.0}
{"window":{"start":"2022-12-09T18:29:00.000Z","end":"2022-12-09T18:30:00.000Z"},"country":"Poland","OPM":1,"total_sale_volume":47.7400016784668,"rate_of_return":0.0}
{"window":{"start":"2022-12-08T13:29:00.000Z","end":"2022-12-08T13:30:00.000Z"},"country":"United Kingdom","OPM":11,"total_sale_volume":529.7300100326538,"rate_of_return":0.0}
{"window":{"start":"2022-12-09T14:58:00.000Z","end":"2022-12-09T14:59:00.000Z"},"country":"United Kingdom","OPM":6,"total_sale_volume":215.26999855041504,"rate_of_return":0.0}
{"window":{"start":"2022-12-09T05:58:00.000Z","end":"2022-12-09T05:59:00.000Z"},"country":"United Kingdom","OPM":15,"total_sale_volume":1171.3000240325928,"rate_of_return":0.13333333333333333}
{"window":{"start":"2022-12-09T05:03:00.000Z","end":"2022-12-09T05:04:00.000Z"},"country":"United Kingdom","OPM":10,"total_sale_volume":1053.1799436807632,"rate_of_return":0.1}
{"window":{"start":"2022-12-09T04:17:00.000Z","end":"2022-12-09T04:18:00.000Z"},"country":"United Kingdom","OPM":16,"total_sale_volume":410.6599807739258,"rate_of_return":0.0625}
{"window":{"start":"2022-12-08T19:38:00.000Z","end":"2022-12-08T19:39:00.000Z"},"country":"Germany","OPM":1,"total_sale_volume":45.32999801635742,"rate_of_return":0.0}
{"window":{"start":"2022-12-08T12:04:00.000Z","end":"2022-12-08T12:05:00.000Z"},"country":"United Kingdom","OPM":9,"total_sale_volume":475.33998024463654,"rate_of_return":0.0}
{"window":{"start":"2022-12-08T22:04:00.000Z","end":"2022-12-08T22:05:00.000Z"},"country":"United Kingdom","OPM":7,"total_sale_volume":484.34000301361084,"rate_of_return":0.0}
{"window":{"start":"2022-12-09T11:45:00.000Z","end":"2022-12-09T11:46:00.000Z"},"country":"United Kingdom","OPM":4,"total_sale_volume":497.19000816345215,"rate_of_return":0.0}
{"window":{"start":"2022-12-09T14:20:00.000Z","end":"2022-12-09T14:21:00.000Z"},"country":"United Kingdom","OPM":7,"total_sale_volume":810.5899511575699,"rate_of_return":0.0}
{"window":{"start":"2022-12-09T08:24:00.000Z","end":"2022-12-09T08:25:00.000Z"},"country":"France","OPM":1,"total_sale_volume":42.459999084472656,"rate_of_return":0.0}
