{"window":{"start":"2022-12-08T13:17:00.000Z","end":"2022-12-08T13:18:00.000Z"},"country":"Australia","OPM":1,"total_sale_volume":25.799999237060547,"rate_of_return":0.0}
{"window":{"start":"2022-12-08T16:22:00.000Z","end":"2022-12-08T16:23:00.000Z"},"country":"Netherlands","OPM":1,"total_sale_volume":4.25,"rate_of_return":0.0}
{"window":{"start":"2022-12-09T08:37:00.000Z","end":"2022-12-09T08:38:00.000Z"},"country":"EIRE","OPM":1,"total_sale_volume":269.739990234375,"rate_of_return":0.0}
{"window":{"start":"2022-12-09T07:20:00.000Z","end":"2022-12-09T07:21:00.000Z"},"country":"Germany","OPM":1,"total_sale_volume":226.239990234375,"rate_of_return":0.0}
{"window":{"start":"2022-12-09T03:54:00.000Z","end":"2022-12-09T03:55:00.000Z"},"country":"Netherlands","OPM":1,"total_sale_volume":136.72000122070312,"rate_of_return":0.0}
{"window":{"start":"2022-12-09T13:57:00.000Z","end":"2022-12-09T13:58:00.000Z"},"country":"United Kingdom","OPM":8,"total_sale_volume":1588.4100317955017,"rate_of_return":0.0}
{"window":{"start":"2022-12-09T04:40:00.000Z","end":"2022-12-09T04:41:00.000Z"},"country":"United Kingdom","OPM":12,"total_sale_volume":565.4700005054474,"rate_of_return":0.08333333333333333}
{"window":{"start":"2022-12-09T19:46:00.000Z","end":"2022-12-09T19:47:00.000Z"},"country":"United Kingdom","OPM":3,"total_sale_volume":48.9399995803833,"rate_of_return":0.0}
{"window":{"start":"2022-12-08T13:15:00.000Z","end":"2022-12-08T13:16:00.000Z"},"country":"Hong Kong","OPM":1,"total_sale_volume":135.8199920654297,"rate_of_return":0.0}
{"window":{"start":"2022-12-09T11:39:00.000Z","end":"2022-12-09T11:40:00.000Z"},"country":"United Kingdom","OPM":11,"total_sale_volume":644.6499996185303,"rate_of_return":0.0}
{"window":{"start":"2022-12-09T11:03:00.000Z","end":"2022-12-09T11:04:00.000Z"},"country":"Lithuania","OPM":1,"total_sale_volume":-54.47999954223633,"rate_of_return":1.0}
{"window":{"start":"2022-12-08T17:45:00.000Z","end":"2022-12-08T17:46:00.000Z"},"country":"United Kingdom","OPM":9,"total_sale_volume":322.56000673770905,"rate_of_return":0.1111111111111111}
{"window":{"start":"2022-12-08T18:31:00.000Z","end":"2022-12-08T18:32:00.000Z"},"country":"United Kingdom","OPM":5,"total_sale_volume":177.4299919605255,"rate_of_return":0.2}
{"window":{"start":"2022-12-09T05:07:00.000Z","end":"2022-12-09T05:08:00.000Z"},"country":"United Kingdom","OPM":6,"total_sale_volume":335.8999819755554,"rate_of_return":0.16666666666666666}
{"window":{"start":"2022-12-09T20:49:00.000Z","end":"2022-12-09T20:50:00.000Z"},"country":"Germany","OPM":1,"total_sale_volume":77.12000274658203,"rate_of_return":0.0}
{"window":{"start":"2022-12-08T18:02:00.000Z","end":"2022-12-08T18:03:00.000Z"},"country":"United Kingdom","OPM":5,"total_sale_volume":1038.4599866867065,"rate_of_return":0.0}
{"window":{"start":"2022-12-09T13:57:00.000Z","end":"2022-12-09T13:58:00.000Z"},"country":"Denmark","OPM":1,"total_sale_volume":98.65999603271484,"rate_of_return":0.0}
{"window":{"start":"2022-12-08T18:40:00.000Z","end":"2022-12-08T18:41:00.000Z"},"country":"United Kingdom","OPM":9,"total_sale_volume":277.24999940395355,"rate_of_return":0.0}
{"window":{"start":"2022-12-09T23:32:00.000Z","end":"2022-12-09T23:33:00.000Z"},"country":"United Kingdom","OPM":11,"total_sale_volume":603.8800001144409,"rate_of_return":0.0}
{"window":{"start":"2022-12-09T02:37:00.000Z","end":"2022-12-09T02:38:00.000Z"},"country":"Germany","OPM":1,"total_sale_volume":15.079999923706055,"rate_of_return":0.0}
{"window":{"start":"2022-12-08T17:14:00.000Z","end":"2022-12-08T17:15:00.000Z"},"country":"United Kingdom","OPM":12,"total_sale_volume":601.6200097203255,"rate_of_return":0.16666666666666666}
{"window":{"start":"2022-12-08T15:18:00.000Z","end":"2022-12-08T15:19:00.000Z"},"country":"Germany","OPM":1,"total_sale_volume":15.0,"rate_of_return":0.0}
{"window":{"start":"2022-12-08T20:46:00.000Z","end":"2022-12-08T20:47:00.000Z"},"country":"United Kingdom","OPM":16,"total_sale_volume":874.3500131368637,"rate_of_return":0.0625}
{"window":{"start":"2022-12-09T07:53:00.000Z","end":"2022-12-09T07:54:00.000Z"},"country":"France","OPM":1,"total_sale_volume":42.869998931884766,"rate_of_return":0.0}
{"window":{"start":"2022-12-09T22:30:00.000Z","end":"2022-12-09T22:31:00.000Z"},"country":"Channel Islands","OPM":1,"total_sale_volume":59.790000915527344,"rate_of_return":0.0}
{"window":{"start":"2022-12-09T11:03:00.000Z","end":"2022-12-09T11:04:00.000Z"},"country":"United Kingdom","OPM":8,"total_sale_volume":308.7799961566925,"rate_of_return":0.25}
{"window":{"start":"2022-12-08T22:45:00.000Z","end":"2022-12-08T22:46:00.000Z"},"country":"United Kingdom","OPM":5,"total_sale_volume":120.57999801635742,"rate_of_return":0.2}
{"window":{"start":"2022-12-09T07:07:00.000Z","end":"2022-12-09T07:08:00.000Z"},"country":"United Kingdom","OPM":3,"total_sale_volume":36.929999351501465,"rate_of_return":0.0}
{"window":{"start":"2022-12-08T10:35:00.000Z","end":"2022-12-08T10:36:00.000Z"},"country":"United Kingdom","OPM":13,"total_sale_volume":175.56997966766357,"rate_of_return":0.23076923076923078}
{"window":{"start":"2022-12-09T18:09:00.000Z","end":"2022-12-09T18:10:00.000Z"},"country":"Germany","OPM":1,"total_sale_volume":42.41999816894531,"rate_of_return":0.0}
{"window":{"start":"2022-12-09T19:19:00.000Z","end":"2022-12-09T19:20:00.000Z"},"country":"Germany","OPM":1,"total_sale_volume":2.549999952316284,"rate_of_return":0.0}
{"window":{"start":"2022-12-08T12:14:00.000Z","end":"2022-12-08T12:15:00.000Z"},"country":"Switzerland","OPM":1,"total_sale_volume":45.69000244140625,"rate_of_return":0.0}
{"window":{"start":"2022-12-08T11:48:00.000Z","end":"2022-12-08T11:49:00.000Z"},"country":"United Kingdom","OPM":4,"total_sale_volume":235.22000122070312,"rate_of_return":0.0}
{"window":{"start":"2022-12-08T21:37:00.000Z","end":"2022-12-08T21:38:00.000Z"},"country":"Germany","OPM":1,"total_sale_volume":12.829999923706055,"rate_of_return":0.0}
{"window":{"start":"2022-12-09T11:22:00.000Z","end":"2022-12-09T11:23:00.000Z"},"country":"Spain","OPM":1,"total_sale_volume":160.5800018310547,"rate_of_return":0.0}
