{"window":{"start":"2022-12-09T15:29:00.000Z","end":"2022-12-09T15:30:00.000Z"},"country":"Germany","OPM":2,"total_sale_volume":33.61000061035156,"rate_of_return":0.0}
{"window":{"start":"2022-12-08T14:18:00.000Z","end":"2022-12-08T14:19:00.000Z"},"country":"Germany","OPM":1,"total_sale_volume":17.75,"rate_of_return":0.0}
{"window":{"start":"2022-12-08T21:26:00.000Z","end":"2022-12-08T21:27:00.000Z"},"country":"United Kingdom","OPM":17,"total_sale_volume":-120.16000807285309,"rate_of_return":0.17647058823529413}
{"window":{"start":"2022-12-08T20:44:00.000Z","end":"2022-12-08T20:45:00.000Z"},"country":"United Kingdom","OPM":5,"total_sale_volume":219.93999862670898,"rate_of_return":0.0}
{"window":{"start":"2022-12-08T16:07:00.000Z","end":"2022-12-08T16:08:00.000Z"},"country":"France","OPM":1,"total_sale_volume":78.8499984741211,"rate_of_return":0.0}
{"window":{"start":"2022-12-09T00:12:00.000Z","end":"2022-12-09T00:13:00.000Z"},"country":"France","OPM":1,"total_sale_volume":64.7699966430664,"rate_of_return":0.0}
{"window":{"start":"2022-12-09T09:43:00.000Z","end":"2022-12-09T09:44:00.000Z"},"country":"EIRE","OPM":2,"total_sale_volume":97.95999717712402,"rate_of_return":0.0}
{"window":{"start":"2022-12-09T23:46:00.000Z","end":"2022-12-09T23:47:00.000Z"},"country":"Portugal","OPM":1,"total_sale_volume":2182.179931640625,"rate_of_return":0.0}
{"window":{"start":"2022-12-09T19:08:00.000Z","end":"2022-12-09T19:09:00.000Z"},"country":"United Kingdom","OPM":8,"total_sale_volume":476.37998962402344,"rate_of_return":0.125}
{"window":{"start":"2022-12-08T14:36:00.000Z","end":"2022-12-08T14:37:00.000Z"},"country":"Germany","OPM":1,"total_sale_volume":40.91999816894531,"rate_of_return":0.0}
{"window":{"start":"2022-12-09T22:29:00.000Z","end":"2022-12-09T22:30:00.000Z"},"country":"Portugal","OPM":1,"total_sale_volume":2.0999999046325684,"rate_of_return":0.0}
{"window":{"start":"2022-12-08T12:01:00.000Z","end":"2022-12-08T12:02:00.000Z"},"country":"United Kingdom","OPM":7,"total_sale_volume":29.479998111724854,"rate_of_return":0.2857142857142857}
{"window":{"start":"2022-12-09T21:54:00.000Z","end":"2022-12-09T21:55:00.000Z"},"country":"United Kingdom","OPM":8,"total_sale_volume":647.8399810791016,"rate_of_return":0.125}
{"window":{"start":"2022-12-09T18:44:00.000Z","end":"2022-12-09T18:45:00.000Z"},"country":"Germany","OPM":1,"total_sale_volume":1372.6600341796875,"rate_of_return":0.0}
{"window":{"start":"2022-12-08T08:30:00.000Z","end":"2022-12-08T08:31:00.000Z"},"country":"Italy","OPM":1,"total_sale_volume":24.350000381469727,"rate_of_return":0.0}
{"window":{"start":"2022-12-09T00:58:00.000Z","end":"2022-12-09T00:59:00.000Z"},"country":"Norway","OPM":1,"total_sale_volume":0.8299999833106995,"rate_of_return":0.0}
{"window":{"start":"2022-12-09T04:47:00.000Z","end":"2022-12-09T04:48:00.000Z"},"country":"United Kingdom","OPM":12,"total_sale_volume":11520.459916234016,"rate_of_return":0.0}
{"window":{"start":"2022-12-09T18:53:00.000Z","end":"2022-12-09T18:54:00.000Z"},"country":"United Kingdom","OPM":3,"total_sale_volume":152.2599983215332,"rate_of_return":0.0}
{"window":{"start":"2022-12-08T15:15:00.000Z","end":"2022-12-08T15:16:00.000Z"},"country":"Portugal","OPM":1,"total_sale_volume":395.69000244140625,"rate_of_return":0.0}
