{"window":{"start":"2022-12-09T18:19:00.000Z","end":"2022-12-09T18:20:00.000Z"},"country":"EIRE","OPM":1,"total_sale_volume":17.25,"rate_of_return":0.0}
{"window":{"start":"2022-12-09T05:59:00.000Z","end":"2022-12-09T06:00:00.000Z"},"country":"Germany","OPM":1,"total_sale_volume":76.77999877929688,"rate_of_return":0.0}
{"window":{"start":"2022-12-08T20:37:00.000Z","end":"2022-12-08T20:38:00.000Z"},"country":"United Kingdom","OPM":8,"total_sale_volume":708.0499992370605,"rate_of_return":0.0}
{"window":{"start":"2022-12-09T03:04:00.000Z","end":"2022-12-09T03:05:00.000Z"},"country":"Germany","OPM":1,"total_sale_volume":29.579999923706055,"rate_of_return":0.0}
{"window":{"start":"2022-12-09T03:11:00.000Z","end":"2022-12-09T03:12:00.000Z"},"country":"United Kingdom","OPM":11,"total_sale_volume":179.77001309394836,"rate_of_return":0.18181818181818182}
{"window":{"start":"2022-12-08T14:15:00.000Z","end":"2022-12-08T14:16:00.000Z"},"country":"United Kingdom","OPM":6,"total_sale_volume":-164.3900179862976,"rate_of_return":0.16666666666666666}
{"window":{"start":"2022-12-08T16:13:00.000Z","end":"2022-12-08T16:14:00.000Z"},"country":"United Kingdom","OPM":4,"total_sale_volume":-517.450008392334,"rate_of_return":0.25}
{"window":{"start":"2022-12-09T19:59:00.000Z","end":"2022-12-09T20:00:00.000Z"},"country":"United Kingdom","OPM":7,"total_sale_volume":248.75000739097595,"rate_of_return":0.0}
{"window":{"start":"2022-12-09T20:32:00.000Z","end":"2022-12-09T20:33:00.000Z"},"country":"France","OPM":1,"total_sale_volume":149.8300018310547,"rate_of_return":0.0}
{"window":{"start":"2022-12-09T01:39:00.000Z","end":"2022-12-09T01:40:00.000Z"},"country":"EIRE","OPM":1,"total_sale_volume":27.25,"rate_of_return":0.0}
{"window":{"start":"2022-12-09T00:30:00.000Z","end":"2022-12-09T00:31:00.000Z"},"country":"United Kingdom","OPM":8,"total_sale_volume":600.4099953174591,"rate_of_return":0.0}
{"window":{"start":"2022-12-09T10:08:00.000Z","end":"2022-12-09T10:09:00.000Z"},"country":"Spain","OPM":1,"total_sale_volume":148.55999755859375,"rate_of_return":0.0}
{"window":{"start":"2022-12-09T18:14:00.000Z","end":"2022-12-09T18:15:00.000Z"},"country":"France","OPM":1,"total_sale_volume":156.55999755859375,"rate_of_return":0.0}
{"window":{"start":"2022-12-09T15:36:00.000Z","end":"2022-12-09T15:37:00.000Z"},"country":"Germany","OPM":1,"total_sale_volume":1.25,"rate_of_return":0.0}
{"window":{"start":"2022-12-09T05:28:00.000Z","end":"2022-12-09T05:29:00.000Z"},"country":"United Kingdom","OPM":11,"total_sale_volume":1159.2599675655365,"rate_of_return":0.0}
{"window":{"start":"2022-12-09T18:07:00.000Z","end":"2022-12-09T18:08:00.000Z"},"country":"United Kingdom","OPM":10,"total_sale_volume":360.059982419014,"rate_of_return":0.2}
{"window":{"start":"2022-12-09T18:11:00.000Z","end":"2022-12-09T18:12:00.000Z"},"country":"United Kingdom","OPM":14,"total_sale_volume":631.0999870300293,"rate_of_return":0.07142857142857142}
{"window":{"start":"2022-12-09T16:18:00.000Z","end":"2022-12-09T16:19:00.000Z"},"country":"United Kingdom","OPM":7,"total_sale_volume":383.6999969482422,"rate_of_return":0.14285714285714285}
{"window":{"start":"2022-12-09T13:11:00.000Z","end":"2022-12-09T13:12:00.000Z"},"country":"Germany","OPM":1,"total_sale_volume":115.30999755859375,"rate_of_return":0.0}
