{"window":{"start":"2022-12-09T12:39:00.000Z","end":"2022-12-09T12:40:00.000Z"},"country":"United Kingdom","OPM":7,"total_sale_volume":361.9099941253662,"rate_of_return":0.0}
{"window":{"start":"2022-12-09T11:47:00.000Z","end":"2022-12-09T11:48:00.000Z"},"country":"United Kingdom","OPM":11,"total_sale_volume":554.2700004577637,"rate_of_return":0.18181818181818182}
{"window":{"start":"2022-12-09T14:06:00.000Z","end":"2022-12-09T14:07:00.000Z"},"country":"Hong Kong","OPM":1,"total_sale_volume":-8.25,"rate_of_return":1.0}
{"window":{"start":"2022-12-09T11:55:00.000Z","end":"2022-12-09T11:56:00.000Z"},"country":"Switzerland","OPM":1,"total_sale_volume":48.959999084472656,"rate_of_return":0.0}
{"window":{"start":"2022-12-09T02:11:00.000Z","end":"2022-12-09T02:12:00.000Z"},"country":"EIRE","OPM":1,"total_sale_volume":20.100000381469727,"rate_of_return":0.0}
{"window":{"start":"2022-12-09T01:46:00.000Z","end":"2022-12-09T01:47:00.000Z"},"country":"United Kingdom","OPM":6,"total_sale_volume":661.2599925994873,"rate_of_return":0.16666666666666666}
{"window":{"start":"2022-12-08T22:30:00.000Z","end":"2022-12-08T22:31:00.000Z"},"country":"France","OPM":1,"total_sale_volume":-20.850000381469727,"rate_of_return":1.0}
{"window":{"start":"2022-12-09T19:45:00.000Z","end":"2022-12-09T19:46:00.000Z"},"country":"United Kingdom","OPM":11,"total_sale_volume":1334.980006992817,"rate_of_return":0.0}
{"window":{"start":"2022-12-09T05:19:00.000Z","end":"2022-12-09T05:20:00.000Z"},"country":"Belgium","OPM":1,"total_sale_volume":1006.5,"rate_of_return":0.0}
{"window":{"start":"2022-12-09T19:12:00.000Z","end":"2022-12-09T19:13:00.000Z"},"country":"United Kingdom","OPM":6,"total_sale_volume":259.2100019454956,"rate_of_return":0.0}
{"window":{"start":"2022-12-08T09:25:00.000Z","end":"2022-12-08T09:26:00.000Z"},"country":"United Kingdom","OPM":13,"total_sale_volume":978.3200017809868,"rate_of_return":0.0}
{"window":{"start":"2022-12-08T16:44:00.000Z","end":"2022-12-08T16:45:00.000Z"},"country":"Finland","OPM":1,"total_sale_volume":45.62999725341797,"rate_of_return":0.0}
{"window":{"start":"2022-12-09T14:36:00.000Z","end":"2022-12-09T14:37:00.000Z"},"country":"United Kingdom","OPM":7,"total_sale_volume":218.21999895572662,"rate_of_return":0.14285714285714285}
{"window":{"start":"2022-12-09T15:13:00.000Z","end":"2022-12-09T15:14:00.000Z"},"country":"EIRE","OPM":1,"total_sale_volume":25.030000686645508,"rate_of_return":0.0}
{"window":{"start":"2022-12-09T17:01:00.000Z","end":"2022-12-09T17:02:00.000Z"},"country":"Germany","OPM":1,"total_sale_volume":15.299999237060547,"rate_of_return":0.0}
{"window":{"start":"2022-12-08T14:52:00.000Z","end":"2022-12-08T14:53:00.000Z"},"country":"France","OPM":1,"total_sale_volume":13.050000190734863,"rate_of_return":0.0}
{"window":{"start":"2022-12-08T19:21:00.000Z","end":"2022-12-08T19:22:00.000Z"},"country":"Germany","OPM":1,"total_sale_volume":76.63999938964844,"rate_of_return":0.0}
{"window":{"start":"2022-12-09T02:31:00.000Z","end":"2022-12-09T02:32:00.000Z"},"country":"United Kingdom","OPM":12,"total_sale_volume":558.229999601841,"rate_of_return":0.0}
{"window":{"start":"2022-12-09T13:22:00.000Z","end":"2022-12-09T13:23:00.000Z"},"country":"EIRE","OPM":1,"total_sale_volume":75.5,"rate_of_return":0.0}
