{"window":{"start":"2022-12-08T08:47:00.000Z","end":"2022-12-08T08:48:00.000Z"},"country":"France","OPM":1,"total_sale_volume":-14.550000190734863,"rate_of_return":1.0}
{"window":{"start":"2022-12-09T09:30:00.000Z","end":"2022-12-09T09:31:00.000Z"},"country":"Germany","OPM":1,"total_sale_volume":48.17000198364258,"rate_of_return":0.0}
{"window":{"start":"2022-12-09T15:24:00.000Z","end":"2022-12-09T15:25:00.000Z"},"country":"United Kingdom","OPM":9,"total_sale_volume":1208.5099992752075,"rate_of_return":0.1111111111111111}
{"window":{"start":"2022-12-08T09:13:00.000Z","end":"2022-12-08T09:14:00.000Z"},"country":"EIRE","OPM":1,"total_sale_volume":9.130000114440918,"rate_of_return":0.0}
{"window":{"start":"2022-12-09T17:07:00.000Z","end":"2022-12-09T17:08:00.000Z"},"country":"United Kingdom","OPM":15,"total_sale_volume":1002.1399975419044,"rate_of_return":0.0}
{"window":{"start":"2022-12-09T08:11:00.000Z","end":"2022-12-09T08:12:00.000Z"},"country":"United Kingdom","OPM":5,"total_sale_volume":474.6599836945534,"rate_of_return":0.0}
{"window":{"start":"2022-12-08T12:07:00.000Z","end":"2022-12-08T12:08:00.000Z"},"country":"France","OPM":1,"total_sale_volume":168.17999267578125,"rate_of_return":0.0}
{"window":{"start":"2022-12-09T15:47:00.000Z","end":"2022-12-09T15:48:00.000Z"},"country":"Spain","OPM":1,"total_sale_volume":-35.22999954223633,"rate_of_return":1.0}
{"window":{"start":"2022-12-09T17:37:00.000Z","end":"2022-12-09T17:38:00.000Z"},"country":"United Kingdom","OPM":6,"total_sale_volume":351.8700075149536,"rate_of_return":0.0}
{"window":{"start":"2022-12-08T22:33:00.000Z","end":"2022-12-08T22:34:00.000Z"},"country":"United Kingdom","OPM":12,"total_sale_volume":1389.9799604415894,"rate_of_return":0.0}
{"window":{"start":"2022-12-08T09:43:00.000Z","end":"2022-12-08T09:44:00.000Z"},"country":"France","OPM":1,"total_sale_volume":0.8500000238418579,"rate_of_return":0.0}
{"window":{"start":"2022-12-09T04:01:00.000Z","end":"2022-12-09T04:02:00.000Z"},"country":"United Kingdom","OPM":7,"total_sale_volume":574.5199948549271,"rate_of_return":0.0}
{"window":{"start":"2022-12-08T13:50:00.000Z","end":"2022-12-08T13:51:00.000Z"},"country":"EIRE","OPM":1,"total_sale_volume":5.059999942779541,"rate_of_return":0.0}
{"window":{"start":"2022-12-08T12:13:00.000Z","end":"2022-12-08T12:14:00.000Z"},"country":"Switzerland","OPM":1,"total_sale_volume":33.0,"rate_of_return":0.0}
{"window":{"start":"2022-12-08T08:12:00.000Z","end":"2022-12-08T08:13:00.000Z"},"country":"United Kingdom","OPM":4,"total_sale_volume":78.09000021219254,"rate_of_return":0.0}
{"window":{"start":"2022-12-08T23:11:00.000Z","end":"2022-12-08T23:12:00.000Z"},"country":"Netherlands","OPM":1,"total_sale_volume":17.110000610351562,"rate_of_return":0.0}
{"window":{"start":"2022-12-08T22:24:00.000Z","end":"2022-12-08T22:25:00.000Z"},"country":"United Kingdom","OPM":6,"total_sale_volume":479.8700143098831,"rate_of_return":0.0}
{"window":{"start":"2022-12-09T12:11:00.000Z","end":"2022-12-09T12:12:00.000Z"},"country":"United Kingdom","OPM":10,"total_sale_volume":638.7499942779541,"rate_of_return":0.0}
{"window":{"start":"2022-12-08T23:39:00.000Z","end":"2022-12-08T23:40:00.000Z"},"country":"United Kingdom","OPM":5,"total_sale_volume":207.04999470710754,"rate_of_return":0.0}
{"window":{"start":"2022-12-09T15:46:00.000Z","end":"2022-12-09T15:47:00.000Z"},"country":"United Kingdom","OPM":12,"total_sale_volume":-3600.4900408685207,"rate_of_return":0.16666666666666666}
{"window":{"start":"2022-12-09T14:19:00.000Z","end":"2022-12-09T14:20:00.000Z"},"country":"United Kingdom","OPM":10,"total_sale_volume":566.9299793243408,"rate_of_return":0.0}
{"window":{"start":"2022-12-09T23:14:00.000Z","end":"2022-12-09T23:15:00.000Z"},"country":"United Kingdom","OPM":6,"total_sale_volume":133.67999935150146,"rate_of_return":0.0}
{"window":{"start":"2022-12-08T19:53:00.000Z","end":"2022-12-08T19:54:00.000Z"},"country":"France","OPM":1,"total_sale_volume":155.6199951171875,"rate_of_return":0.0}
