{"window":{"start":"2022-12-08T12:28:00.000Z","end":"2022-12-08T12:29:00.000Z"},"country":"United Kingdom","OPM":11,"total_sale_volume":859.5700098276138,"rate_of_return":0.0}
{"window":{"start":"2022-12-09T04:46:00.000Z","end":"2022-12-09T04:47:00.000Z"},"country":"United Kingdom","OPM":12,"total_sale_volume":916.8400039672852,"rate_of_return":0.0}
{"window":{"start":"2022-12-08T12:30:00.000Z","end":"2022-12-08T12:31:00.000Z"},"country":"Norway","OPM":1,"total_sale_volume":14.75,"rate_of_return":0.0}
{"window":{"start":"2022-12-09T20:48:00.000Z","end":"2022-12-09T20:49:00.000Z"},"country":"Germany","OPM":1,"total_sale_volume":0.6499999761581421,"rate_of_return":0.0}
{"window":{"start":"2022-12-09T07:49:00.000Z","end":"2022-12-09T07:50:00.000Z"},"country":"United Kingdom","OPM":9,"total_sale_volume":595.2200059890747,"rate_of_return":0.0}
{"window":{"start":"2022-12-09T06:35:00.000Z","end":"2022-12-09T06:36:00.000Z"},"country":"Finland","OPM":1,"total_sale_volume":-30.229999542236328,"rate_of_return":1.0}
{"window":{"start":"2022-12-08T21:01:00.000Z","end":"2022-12-08T21:02:00.000Z"},"country":"United Kingdom","OPM":6,"total_sale_volume":184.13998746871948,"rate_of_return":0.3333333333333333}
{"window":{"start":"2022-12-08T18:45:00.000Z","end":"2022-12-08T18:46:00.000Z"},"country":"United Kingdom","OPM":9,"total_sale_volume":459.3700045347214,"rate_of_return":0.1111111111111111}
{"window":{"start":"2022-12-09T23:27:00.000Z","end":"2022-12-09T23:28:00.000Z"},"country":"United Kingdom","OPM":5,"total_sale_volume":37.299997329711914,"rate_of_return":0.2}
{"window":{"start":"2022-12-09T03:41:00.000Z","end":"2022-12-09T03:42:00.000Z"},"country":"United Kingdom","OPM":12,"total_sale_volume":993.7000093460083,"rate_of_return":0.0}
{"window":{"start":"2022-12-09T14:38:00.000Z","end":"2022-12-09T14:39:00.000Z"},"country":"United Kingdom","OPM":14,"total_sale_volume":946.4800002574921,"rate_of_return":0.0}
{"window":{"start":"2022-12-08T15:27:00.000Z","end":"2022-12-08T15:28:00.000Z"},"country":"United Kingdom","OPM":14,"total_sale_volume":580.2899957299232,"rate_of_return":0.14285714285714285}
{"window":{"start":"2022-12-08T12:06:00.000Z","end":"2022-12-08T12:07:00.000Z"},"country":"United Kingdom","OPM":16,"total_sale_volume":828.3799896240234,"rate_of_return":0.0625}
{"window":{"start":"2022-12-09T16:21:00.000Z","end":"2022-12-09T16:22:00.000Z"},"country":"United Kingdom","OPM":7,"total_sale_volume":751.0800037384033,"rate_of_return":0.0}
{"window":{"start":"2022-12-09T03:15:00.000Z","end":"2022-12-09T03:16:00.000Z"},"country":"Spain","OPM":1,"total_sale_volume":204.75999450683594,"rate_of_return":0.0}
{"window":{"start":"2022-12-09T11:24:00.000Z","end":"2022-12-09T11:25:00.000Z"},"country":"United Kingdom","OPM":9,"total_sale_volume":298.44999504089355,"rate_of_return":0.0}
{"window":{"start":"2022-12-09T20:51:00.000Z","end":"2022-12-09T20:52:00.000Z"},"country":"United Kingdom","OPM":11,"total_sale_volume":351.1399871110916,"rate_of_return":0.09090909090909091}
{"window":{"start":"2022-12-08T15:42:00.000Z","end":"2022-12-08T15:43:00.000Z"},"country":"United Kingdom","OPM":15,"total_sale_volume":1246.6999995708466,"rate_of_return":0.06666666666666667}
{"window":{"start":"2022-12-09T20:57:00.000Z","end":"2022-12-09T20:58:00.000Z"},"country":"Germany","OPM":1,"total_sale_volume":37.75,"rate_of_return":0.0}
{"window":{"start":"2022-12-09T06:18:00.000Z","end":"2022-12-09T06:19:00.000Z"},"country":"Italy","OPM":1,"total_sale_volume":206.77000427246094,"rate_of_return":0.0}
{"window":{"start":"2022-12-08T18:43:00.000Z","end":"2022-12-08T18:44:00.000Z"},"country":"Italy","OPM":1,"total_sale_volume":86.44999694824219,"rate_of_return":0.0}
{"window":{"start":"2022-12-08T20:01:00.000Z","end":"2022-12-08T20:02:00.000Z"},"country":"Germany","OPM":1,"total_sale_volume":122.02999877929688,"rate_of_return":0.0}
{"window":{"start":"2022-12-09T19:01:00.000Z","end":"2022-12-09T19:02:00.000Z"},"country":"United Kingdom","OPM":17,"total_sale_volume":1060.0599722862244,"rate_of_return":0.058823529411764705}
{"window":{"start":"2022-12-08T17:43:00.000Z","end":"2022-12-08T17:44:00.000Z"},"country":"United Kingdom","OPM":10,"total_sale_volume":413.1199996471405,"rate_of_return":0.0}
{"window":{"start":"2022-12-08T11:06:00.000Z","end":"2022-12-08T11:07:00.000Z"},"country":"United Kingdom","OPM":9,"total_sale_volume":404.41999340057373,"rate_of_return":0.0}
{"window":{"start":"2022-12-08T17:38:00.000Z","end":"2022-12-08T17:39:00.000Z"},"country":"Netherlands","OPM":1,"total_sale_volume":42.04999923706055,"rate_of_return":0.0}
{"window":{"start":"2022-12-08T13:18:00.000Z","end":"2022-12-08T13:19:00.000Z"},"country":"France","OPM":1,"total_sale_volume":40.56999969482422,"rate_of_return":0.0}
{"window":{"start":"2022-12-09T16:13:00.000Z","end":"2022-12-09T16:14:00.000Z"},"country":"United Kingdom","OPM":12,"total_sale_volume":730.2699966430664,"rate_of_return":0.0}
