{"window":{"start":"2022-12-09T21:10:00.000Z","end":"2022-12-09T21:11:00.000Z"},"country":"United Kingdom","OPM":6,"total_sale_volume":198.52000045776367,"rate_of_return":0.0}
{"window":{"start":"2022-12-08T13:53:00.000Z","end":"2022-12-08T13:54:00.000Z"},"country":"United Kingdom","OPM":5,"total_sale_volume":432.8200054168701,"rate_of_return":0.0}
{"window":{"start":"2022-12-08T17:32:00.000Z","end":"2022-12-08T17:33:00.000Z"},"country":"United Kingdom","OPM":10,"total_sale_volume":238.34999895095825,"rate_of_return":0.1}
{"window":{"start":"2022-12-09T07:14:00.000Z","end":"2022-12-09T07:15:00.000Z"},"country":"United Kingdom","OPM":18,"total_sale_volume":1147.7899967432022,"rate_of_return":0.05555555555555555}
{"window":{"start":"2022-12-09T17:17:00.000Z","end":"2022-12-09T17:18:00.000Z"},"country":"United Kingdom","OPM":6,"total_sale_volume":1002.8500175476074,"rate_of_return":0.0}
{"window":{"start":"2022-12-09T01:37:00.000Z","end":"2022-12-09T01:38:00.000Z"},"country":"USA","OPM":1,"total_sale_volume":21.73000144958496,"rate_of_return":0.0}
{"window":{"start":"2022-12-09T01:55:00.000Z","end":"2022-12-09T01:56:00.000Z"},"country":"Australia","OPM":1,"total_sale_volume":104.9000015258789,"rate_of_return":0.0}
{"window":{"start":"2022-12-09T06:58:00.000Z","end":"2022-12-09T06:59:00.000Z"},"country":"United Kingdom","OPM":7,"total_sale_volume":103.43000173568726,"rate_of_return":0.14285714285714285}
{"window":{"start":"2022-12-08T14:29:00.000Z","end":"2022-12-08T14:30:00.000Z"},"country":"United Kingdom","OPM":9,"total_sale_volume":323.3799934387207,"rate_of_return":0.0}
{"window":{"start":"2022-12-09T14:26:00.000Z","end":"2022-12-09T14:27:00.000Z"},"country":"United Kingdom","OPM":9,"total_sale_volume":1381.249966621399,"rate_of_return":0.0}
{"window":{"start":"2022-12-08T14:34:00.000Z","end":"2022-12-08T14:35:00.000Z"},"country":"United Kingdom","OPM":10,"total_sale_volume":439.2099914550781,"rate_of_return":0.0}
{"window":{"start":"2022-12-09T10:32:00.000Z","end":"2022-12-09T10:33:00.000Z"},"country":"United Kingdom","OPM":5,"total_sale_volume":233.23999404907227,"rate_of_return":0.0}
{"window":{"start":"2022-12-08T09:53:00.000Z","end":"2022-12-08T09:54:00.000Z"},"country":"Germany","OPM":1,"total_sale_volume":2.950000047683716,"rate_of_return":0.0}
{"window":{"start":"2022-12-08T17:14:00.000Z","end":"2022-12-08T17:15:00.000Z"},"country":"France","OPM":1,"total_sale_volume":49.68000030517578,"rate_of_return":0.0}
{"window":{"start":"2022-12-09T09:31:00.000Z","end":"2022-12-09T09:32:00.000Z"},"country":"Austria","OPM":1,"total_sale_volume":17.600000381469727,"rate_of_return":0.0}
{"window":{"start":"2022-12-08T22:14:00.000Z","end":"2022-12-08T22:15:00.000Z"},"country":"United Kingdom","OPM":12,"total_sale_volume":1714.369961977005,"rate_of_return":0.0}
{"window":{"start":"2022-12-09T05:08:00.000Z","end":"2022-12-09T05:09:00.000Z"},"country":"France","OPM":1,"total_sale_volume":80.7300033569336,"rate_of_return":0.0}
{"window":{"start":"2022-12-09T14:11:00.000Z","end":"2022-12-09T14:12:00.000Z"},"country":"United Kingdom","OPM":12,"total_sale_volume":706.1599912643433,"rate_of_return":0.0}
{"window":{"start":"2022-12-09T23:11:00.000Z","end":"2022-12-09T23:12:00.000Z"},"country":"United Kingdom","OPM":11,"total_sale_volume":542.2900023460388,"rate_of_return":0.09090909090909091}
