{"window":{"start":"2022-12-08T16:12:00.000Z","end":"2022-12-08T16:13:00.000Z"},"country":"France","OPM":1,"total_sale_volume":-46.869998931884766,"rate_of_return":1.0}
{"window":{"start":"2022-12-09T14:12:00.000Z","end":"2022-12-09T14:13:00.000Z"},"country":"United Kingdom","OPM":5,"total_sale_volume":123.57999384403229,"rate_of_return":0.2}
{"window":{"start":"2022-12-09T17:31:00.000Z","end":"2022-12-09T17:32:00.000Z"},"country":"EIRE","OPM":1,"total_sale_volume":53.52000045776367,"rate_of_return":0.0}
{"window":{"start":"2022-12-08T18:48:00.000Z","end":"2022-12-08T18:49:00.000Z"},"country":"France","OPM":1,"total_sale_volume":67.90999603271484,"rate_of_return":0.0}
{"window":{"start":"2022-12-08T17:21:00.000Z","end":"2022-12-08T17:22:00.000Z"},"country":"Germany","OPM":1,"total_sale_volume":72.2300033569336,"rate_of_return":0.0}
{"window":{"start":"2022-12-09T06:10:00.000Z","end":"2022-12-09T06:11:00.000Z"},"country":"United Kingdom","OPM":8,"total_sale_volume":540.6499871015549,"rate_of_return":0.0}
{"window":{"start":"2022-12-09T02:55:00.000Z","end":"2022-12-09T02:56:00.000Z"},"country":"United Kingdom","OPM":9,"total_sale_volume":428.9100093841553,"rate_of_return":0.0}
{"window":{"start":"2022-12-08T09:15:00.000Z","end":"2022-12-08T09:16:00.000Z"},"country":"United Kingdom","OPM":9,"total_sale_volume":573.0899934768677,"rate_of_return":0.0}
{"window":{"start":"2022-12-09T09:07:00.000Z","end":"2022-12-09T09:08:00.000Z"},"country":"EIRE","OPM":1,"total_sale_volume":49.599998474121094,"rate_of_return":0.0}
{"window":{"start":"2022-12-09T20:43:00.000Z","end":"2022-12-09T20:44:00.000Z"},"country":"United Kingdom","OPM":12,"total_sale_volume":648.839985370636,"rate_of_return":0.0}
{"window":{"start":"2022-12-08T11:54:00.000Z","end":"2022-12-08T11:55:00.000Z"},"country":"United Kingdom","OPM":10,"total_sale_volume":582.2300227880478,"rate_of_return":0.0}
{"window":{"start":"2022-12-09T05:41:00.000Z","end":"2022-12-09T05:42:00.000Z"},"country":"United Kingdom","OPM":9,"total_sale_volume":-1201.5099906921387,"rate_of_return":0.2222222222222222}
{"window":{"start":"2022-12-09T00:18:00.000Z","end":"2022-12-09T00:19:00.000Z"},"country":"Portugal","OPM":1,"total_sale_volume":15.800000190734863,"rate_of_return":0.0}
{"window":{"start":"2022-12-09T00:27:00.000Z","end":"2022-12-09T00:28:00.000Z"},"country":"Germany","OPM":1,"total_sale_volume":53.90999984741211,"rate_of_return":0.0}
{"window":{"start":"2022-12-09T13:53:00.000Z","end":"2022-12-09T13:54:00.000Z"},"country":"Norway","OPM":1,"total_sale_volume":19.059999465942383,"rate_of_return":0.0}
{"window":{"start":"2022-12-09T10:51:00.000Z","end":"2022-12-09T10:52:00.000Z"},"country":"United Kingdom","OPM":14,"total_sale_volume":1685.2000114917755,"rate_of_return":0.07142857142857142}
{"window":{"start":"2022-12-09T01:17:00.000Z","end":"2022-12-09T01:18:00.000Z"},"country":"United Kingdom","OPM":7,"total_sale_volume":367.69999599456787,"rate_of_return":0.0}
{"window":{"start":"2022-12-08T23:26:00.000Z","end":"2022-12-08T23:27:00.000Z"},"country":"United Kingdom","OPM":5,"total_sale_volume":151.0299997329712,"rate_of_return":0.0}
{"window":{"start":"2022-12-08T14:26:00.000Z","end":"2022-12-08T14:27:00.000Z"},"country":"United Kingdom","OPM":13,"total_sale_volume":347.91000175476074,"rate_of_return":0.07692307692307693}
{"window":{"start":"2022-12-09T12:17:00.000Z","end":"2022-12-09T12:18:00.000Z"},"country":"EIRE","OPM":1,"total_sale_volume":130.6300048828125,"rate_of_return":0.0}
{"window":{"start":"2022-12-09T16:39:00.000Z","end":"2022-12-09T16:40:00.000Z"},"country":"United Kingdom","OPM":9,"total_sale_volume":789.2099944353104,"rate_of_return":0.0}
{"window":{"start":"2022-12-08T19:37:00.000Z","end":"2022-12-08T19:38:00.000Z"},"country":"United Kingdom","OPM":13,"total_sale_volume":7968.189644813538,"rate_of_return":0.0}
{"window":{"start":"2022-12-08T10:26:00.000Z","end":"2022-12-08T10:27:00.000Z"},"country":"Germany","OPM":1,"total_sale_volume":90.29999542236328,"rate_of_return":0.0}
{"window":{"start":"2022-12-09T19:04:00.000Z","end":"2022-12-09T19:05:00.000Z"},"country":"Germany","OPM":2,"total_sale_volume":17.09000015258789,"rate_of_return":0.0}
{"window":{"start":"2022-12-09T15:36:00.000Z","end":"2022-12-09T15:37:00.000Z"},"country":"United Kingdom","OPM":11,"total_sale_volume":904.2700008153915,"rate_of_return":0.09090909090909091}
{"window":{"start":"2022-12-09T06:24:00.000Z","end":"2022-12-09T06:25:00.000Z"},"country":"United Kingdom","OPM":7,"total_sale_volume":669.5800008773804,"rate_of_return":0.0}
{"window":{"start":"2022-12-08T11:19:00.000Z","end":"2022-12-08T11:20:00.000Z"},"country":"United Kingdom","OPM":8,"total_sale_volume":504.75,"rate_of_return":0.0}
