{"window":{"start":"2022-12-08T19:40:00.000Z","end":"2022-12-08T19:41:00.000Z"},"country":"United Kingdom","OPM":8,"total_sale_volume":102.51000022888184,"rate_of_return":0.125}
{"window":{"start":"2022-12-09T02:27:00.000Z","end":"2022-12-09T02:28:00.000Z"},"country":"United Kingdom","OPM":9,"total_sale_volume":345.09999561309814,"rate_of_return":0.0}
{"window":{"start":"2022-12-09T17:14:00.000Z","end":"2022-12-09T17:15:00.000Z"},"country":"United Kingdom","OPM":11,"total_sale_volume":612.2000064849854,"rate_of_return":0.09090909090909091}
{"window":{"start":"2022-12-09T11:49:00.000Z","end":"2022-12-09T11:50:00.000Z"},"country":"United Kingdom","OPM":6,"total_sale_volume":884.9899940490723,"rate_of_return":0.0}
{"window":{"start":"2022-12-09T00:43:00.000Z","end":"2022-12-09T00:44:00.000Z"},"country":"Spain","OPM":1,"total_sale_volume":39.849998474121094,"rate_of_return":0.0}
{"window":{"start":"2022-12-09T08:20:00.000Z","end":"2022-12-09T08:21:00.000Z"},"country":"United Kingdom","OPM":9,"total_sale_volume":171.72998237609863,"rate_of_return":0.1111111111111111}
{"window":{"start":"2022-12-09T21:01:00.000Z","end":"2022-12-09T21:02:00.000Z"},"country":"United Kingdom","OPM":9,"total_sale_volume":1007.1200203895569,"rate_of_return":0.0}
{"window":{"start":"2022-12-08T08:18:00.000Z","end":"2022-12-08T08:19:00.000Z"},"country":"United Kingdom","OPM":10,"total_sale_volume":593.3200032711029,"rate_of_return":0.0}
{"window":{"start":"2022-12-08T19:45:00.000Z","end":"2022-12-08T19:46:00.000Z"},"country":"United Kingdom","OPM":8,"total_sale_volume":782.9399909973145,"rate_of_return":0.0}
{"window":{"start":"2022-12-08T13:13:00.000Z","end":"2022-12-08T13:14:00.000Z"},"country":"Belgium","OPM":1,"total_sale_volume":129.5800018310547,"rate_of_return":0.0}
{"window":{"start":"2022-12-08T15:38:00.000Z","end":"2022-12-08T15:39:00.000Z"},"country":"Germany","OPM":1,"total_sale_volume":44.77000045776367,"rate_of_return":0.0}
{"window":{"start":"2022-12-08T12:15:00.000Z","end":"2022-12-08T12:16:00.000Z"},"country":"United Kingdom","OPM":14,"total_sale_volume":647.1999896764755,"rate_of_return":0.0}
{"window":{"start":"2022-12-08T20:34:00.000Z","end":"2022-12-08T20:35:00.000Z"},"country":"United Kingdom","OPM":5,"total_sale_volume":393.37000131607056,"rate_of_return":0.0}
{"window":{"start":"2022-12-09T07:18:00.000Z","end":"2022-12-09T07:19:00.000Z"},"country":"United Kingdom","OPM":6,"total_sale_volume":1112.0099892616272,"rate_of_return":0.0}
{"window":{"start":"2022-12-08T08:55:00.000Z","end":"2022-12-08T08:56:00.000Z"},"country":"United Kingdom","OPM":13,"total_sale_volume":2618.2599380016327,"rate_of_return":0.0}
{"window":{"start":"2022-12-08T16:59:00.000Z","end":"2022-12-08T17:00:00.000Z"},"country":"EIRE","OPM":1,"total_sale_volume":18.55000114440918,"rate_of_return":0.0}
{"window":{"start":"2022-12-08T20:44:00.000Z","end":"2022-12-08T20:45:00.000Z"},"country":"Germany","OPM":1,"total_sale_volume":-7.5,"rate_of_return":1.0}
{"window":{"start":"2022-12-08T09:59:00.000Z","end":"2022-12-08T10:00:00.000Z"},"country":"Netherlands","OPM":1,"total_sale_volume":50.150001525878906,"rate_of_return":0.0}
{"window":{"start":"2022-12-09T22:48:00.000Z","end":"2022-12-09T22:49:00.000Z"},"country":"France","OPM":1,"total_sale_volume":13.8100004196167,"rate_of_return":0.0}
{"window":{"start":"2022-12-09T13:00:00.000Z","end":"2022-12-09T13:01:00.000Z"},"country":"Saudi Arabia","OPM":1,"total_sale_volume":8.069999694824219,"rate_of_return":0.0}
{"window":{"start":"2022-12-09T23:09:00.000Z","end":"2022-12-09T23:10:00.000Z"},"country":"Germany","OPM":1,"total_sale_volume":34.38999938964844,"rate_of_return":0.0}
{"window":{"start":"2022-12-09T01:07:00.000Z","end":"2022-12-09T01:08:00.000Z"},"country":"France","OPM":1,"total_sale_volume":20.280000686645508,"rate_of_return":0.0}
{"window":{"start":"2022-12-09T22:29:00.000Z","end":"2022-12-09T22:30:00.000Z"},"country":"Hong Kong","OPM":1,"total_sale_volume":7.860000133514404,"rate_of_return":0.0}
{"window":{"start":"2022-12-08T13:49:00.000Z","end":"2022-12-08T13:50:00.000Z"},"country":"Netherlands","OPM":1,"total_sale_volume":38.65999984741211,"rate_of_return":0.0}
{"window":{"start":"2022-12-09T22:03:00.000Z","end":"2022-12-09T22:04:00.000Z"},"country":"EIRE","OPM":1,"total_sale_volume":9.979999542236328,"rate_of_return":0.0}
{"window":{"start":"2022-12-09T08:07:00.000Z","end":"2022-12-09T08:08:00.000Z"},"country":"United Kingdom","OPM":8,"total_sale_volume":1946.9200477600098,"rate_of_return":0.0}
{"window":{"start":"2022-12-09T08:26:00.000Z","end":"2022-12-09T08:27:00.000Z"},"country":"Spain","OPM":1,"total_sale_volume":5.900000095367432,"rate_of_return":0.0}
