{"window":{"start":"2022-12-08T10:20:00.000Z","end":"2022-12-08T10:21:00.000Z"},"country":"United Kingdom","OPM":9,"total_sale_volume":168.25999402999878,"rate_of_return":0.1111111111111111}
{"window":{"start":"2022-12-09T10:50:00.000Z","end":"2022-12-09T10:51:00.000Z"},"country":"United Kingdom","OPM":7,"total_sale_volume":387.75997161865234,"rate_of_return":0.14285714285714285}
{"window":{"start":"2022-12-09T03:48:00.000Z","end":"2022-12-09T03:49:00.000Z"},"country":"United Kingdom","OPM":10,"total_sale_volume":699.9799785614014,"rate_of_return":0.0}
{"window":{"start":"2022-12-08T08:19:00.000Z","end":"2022-12-08T08:20:00.000Z"},"country":"Japan","OPM":1,"total_sale_volume":53.689998626708984,"rate_of_return":0.0}
{"window":{"start":"2022-12-09T02:18:00.000Z","end":"2022-12-09T02:19:00.000Z"},"country":"France","OPM":1,"total_sale_volume":8.760000228881836,"rate_of_return":0.0}
{"window":{"start":"2022-12-08T18:34:00.000Z","end":"2022-12-08T18:35:00.000Z"},"country":"EIRE","OPM":2,"total_sale_volume":311.67000579833984,"rate_of_return":0.0}
{"window":{"start":"2022-12-08T20:40:00.000Z","end":"2022-12-08T20:41:00.000Z"},"country":"United Kingdom","OPM":4,"total_sale_volume":274.58999824523926,"rate_of_return":0.0}
{"window":{"start":"2022-12-08T12:02:00.000Z","end":"2022-12-08T12:03:00.000Z"},"country":"United Kingdom","OPM":14,"total_sale_volume":840.3299942016602,"rate_of_return":0.0}
{"window":{"start":"2022-12-08T22:47:00.000Z","end":"2022-12-08T22:48:00.000Z"},"country":"United Kingdom","OPM":7,"total_sale_volume":313.3200035095215,"rate_of_return":0.0}
{"window":{"start":"2022-12-08T23:12:00.000Z","end":"2022-12-08T23:13:00.000Z"},"country":"United Kingdom","OPM":9,"total_sale_volume":577.2900047302246,"rate_of_return":0.2222222222222222}
{"window":{"start":"2022-12-09T22:46:00.000Z","end":"2022-12-09T22:47:00.000Z"},"country":"United Kingdom","OPM":17,"total_sale_volume":1339.6900024414062,"rate_of_return":0.058823529411764705}
{"window":{"start":"2022-12-09T14:40:00.000Z","end":"2022-12-09T14:41:00.000Z"},"country":"United Kingdom","OPM":7,"total_sale_volume":557.2499763965607,"rate_of_return":0.0}
{"window":{"start":"2022-12-08T09:09:00.000Z","end":"2022-12-08T09:10:00.000Z"},"country":"United Kingdom","OPM":9,"total_sale_volume":1273.0699976086617,"rate_of_return":0.0}
{"window":{"start":"2022-12-08T18:48:00.000Z","end":"2022-12-08T18:49:00.000Z"},"country":"Japan","OPM":1,"total_sale_volume":40.189998626708984,"rate_of_return":0.0}
{"window":{"start":"2022-12-09T04:06:00.000Z","end":"2022-12-09T04:07:00.000Z"},"country":"United Kingdom","OPM":13,"total_sale_volume":448.53001260757446,"rate_of_return":0.0}
{"window":{"start":"2022-12-09T01:02:00.000Z","end":"2022-12-09T01:03:00.000Z"},"country":"Germany","OPM":1,"total_sale_volume":33.529998779296875,"rate_of_return":0.0}
{"window":{"start":"2022-12-09T03:23:00.000Z","end":"2022-12-09T03:24:00.000Z"},"country":"United Kingdom","OPM":4,"total_sale_volume":202.27999687194824,"rate_of_return":0.0}
{"window":{"start":"2022-12-09T21:34:00.000Z","end":"2022-12-09T21:35:00.000Z"},"country":"United Kingdom","OPM":4,"total_sale_volume":279.68999791145325,"rate_of_return":0.0}
{"window":{"start":"2022-12-09T02:38:00.000Z","end":"2022-12-09T02:39:00.000Z"},"country":"USA","OPM":1,"total_sale_volume":13.4399995803833,"rate_of_return":0.0}
{"window":{"start":"2022-12-08T16:46:00.000Z","end":"2022-12-08T16:47:00.000Z"},"country":"United Kingdom","OPM":14,"total_sale_volume":714.049997240305,"rate_of_return":0.0}
{"window":{"start":"2022-12-09T14:31:00.000Z","end":"2022-12-09T14:32:00.000Z"},"country":"United Kingdom","OPM":10,"total_sale_volume":190.38000416755676,"rate_of_return":0.1}
{"window":{"start":"2022-12-09T20:58:00.000Z","end":"2022-12-09T20:59:00.000Z"},"country":"United Kingdom","OPM":14,"total_sale_volume":428.3799946308136,"rate_of_return":0.0}
{"window":{"start":"2022-12-08T15:10:00.000Z","end":"2022-12-08T15:11:00.000Z"},"country":"United Kingdom","OPM":11,"total_sale_volume":1152.5900225639343,"rate_of_return":0.0}
