{"window":{"start":"2022-12-09T22:03:00.000Z","end":"2022-12-09T22:04:00.000Z"},"country":"Austria","OPM":1,"total_sale_volume":319.3599853515625,"rate_of_return":0.0}
{"window":{"start":"2022-12-08T19:51:00.000Z","end":"2022-12-08T19:52:00.000Z"},"country":"Germany","OPM":1,"total_sale_volume":20.400001525878906,"rate_of_return":0.0}
{"window":{"start":"2022-12-09T03:52:00.000Z","end":"2022-12-09T03:53:00.000Z"},"country":"France","OPM":2,"total_sale_volume":198.3299961090088,"rate_of_return":0.0}
{"window":{"start":"2022-12-09T03:28:00.000Z","end":"2022-12-09T03:29:00.000Z"},"country":"United Kingdom","OPM":8,"total_sale_volume":975.4299983978271,"rate_of_return":0.0}
{"window":{"start":"2022-12-09T17:00:00.000Z","end":"2022-12-09T17:01:00.000Z"},"country":"Germany","OPM":2,"total_sale_volume":37.19000053405762,"rate_of_return":0.0}
{"window":{"start":"2022-12-08T21:19:00.000Z","end":"2022-12-08T21:20:00.000Z"},"country":"France","OPM":1,"total_sale_volume":36.630001068115234,"rate_of_return":0.0}
{"window":{"start":"2022-12-08T08:37:00.000Z","end":"2022-12-08T08:38:00.000Z"},"country":"Switzerland","OPM":1,"total_sale_volume":109.01000213623047,"rate_of_return":0.0}
{"window":{"start":"2022-12-09T13:04:00.000Z","end":"2022-12-09T13:05:00.000Z"},"country":"United Kingdom","OPM":8,"total_sale_volume":807.439980506897,"rate_of_return":0.0}
{"window":{"start":"2022-12-09T16:37:00.000Z","end":"2022-12-09T16:38:00.000Z"},"country":"United Kingdom","OPM":10,"total_sale_volume":138.5800051689148,"rate_of_return":0.2}
{"window":{"start":"2022-12-08T18:41:00.000Z","end":"2022-12-08T18:42:00.000Z"},"country":"Germany","OPM":1,"total_sale_volume":1.7000000476837158,"rate_of_return":0.0}
{"window":{"start":"2022-12-09T04:56:00.000Z","end":"2022-12-09T04:57:00.000Z"},"country":"United Kingdom","OPM":6,"total_sale_volume":260.77999341487885,"rate_of_return":0.0}
{"window":{"start":"2022-12-09T19:10:00.000Z","end":"2022-12-09T19:11:00.000Z"},"country":"EIRE","OPM":2,"total_sale_volume":106.28000485897064,"rate_of_return":0.0}
{"window":{"start":"2022-12-08T21:35:00.000Z","end":"2022-12-08T21:36:00.000Z"},"country":"France","OPM":1,"total_sale_volume":595.2000122070312,"rate_of_return":0.0}
{"window":{"start":"2022-12-08T11:54:00.000Z","end":"2022-12-08T11:55:00.000Z"},"country":"France","OPM":1,"total_sale_volume":40.720001220703125,"rate_of_return":0.0}
{"window":{"start":"2022-12-08T18:09:00.000Z","end":"2022-12-08T18:10:00.000Z"},"country":"United Kingdom","OPM":10,"total_sale_volume":1777.8099927008152,"rate_of_return":0.0}
{"window":{"start":"2022-12-09T03:34:00.000Z","end":"2022-12-09T03:35:00.000Z"},"country":"United Kingdom","OPM":7,"total_sale_volume":455.86998748779297,"rate_of_return":0.0}
{"window":{"start":"2022-12-09T08:01:00.000Z","end":"2022-12-09T08:02:00.000Z"},"country":"Germany","OPM":2,"total_sale_volume":79.68000030517578,"rate_of_return":0.0}
{"window":{"start":"2022-12-09T21:41:00.000Z","end":"2022-12-09T21:42:00.000Z"},"country":"EIRE","OPM":1,"total_sale_volume":172.88999938964844,"rate_of_return":0.0}
{"window":{"start":"2022-12-08T23:59:00.000Z","end":"2022-12-09T00:00:00.000Z"},"country":"United Kingdom","OPM":9,"total_sale_volume":317.209997177124,"rate_of_return":0.1111111111111111}
{"window":{"start":"2022-12-08T10:34:00.000Z","end":"2022-12-08T10:35:00.000Z"},"country":"Belgium","OPM":1,"total_sale_volume":5.789999961853027,"rate_of_return":0.0}
{"window":{"start":"2022-12-09T19:13:00.000Z","end":"2022-12-09T19:14:00.000Z"},"country":"United Kingdom","OPM":11,"total_sale_volume":902.9400005340576,"rate_of_return":0.0}
{"window":{"start":"2022-12-08T22:41:00.000Z","end":"2022-12-08T22:42:00.000Z"},"country":"France","OPM":1,"total_sale_volume":91.05000305175781,"rate_of_return":0.0}
{"window":{"start":"2022-12-09T00:15:00.000Z","end":"2022-12-09T00:16:00.000Z"},"country":"United Kingdom","OPM":9,"total_sale_volume":506.0300033092499,"rate_of_return":0.0}
{"window":{"start":"2022-12-09T23:15:00.000Z","end":"2022-12-09T23:16:00.000Z"},"country":"Cyprus","OPM":1,"total_sale_volume":21.579999923706055,"rate_of_return":0.0}
{"window":{"start":"2022-12-09T00:12:00.000Z","end":"2022-12-09T00:13:00.000Z"},"country":"United Kingdom","OPM":12,"total_sale_volume":992.1099877357483,"rate_of_return":0.0}
{"window":{"start":"2022-12-09T01:35:00.000Z","end":"2022-12-09T01:36:00.000Z"},"country":"Belgium","OPM":1,"total_sale_volume":30.299999237060547,"rate_of_return":0.0}
{"window":{"start":"2022-12-09T06:44:00.000Z","end":"2022-12-09T06:45:00.000Z"},"country":"Portugal","OPM":1,"total_sale_volume":44.939998626708984,"rate_of_return":0.0}
