{"window":{"start":"2022-12-09T04:59:00.000Z","end":"2022-12-09T05:00:00.000Z"},"country":"United Kingdom","OPM":10,"total_sale_volume":332.0099925994873,"rate_of_return":0.2}
{"window":{"start":"2022-12-08T18:00:00.000Z","end":"2022-12-08T18:01:00.000Z"},"country":"United Kingdom","OPM":8,"total_sale_volume":243.98000049591064,"rate_of_return":0.0}
{"window":{"start":"2022-12-08T09:00:00.000Z","end":"2022-12-08T09:01:00.000Z"},"country":"Norway","OPM":1,"total_sale_volume":256.5199890136719,"rate_of_return":0.0}
{"window":{"start":"2022-12-08T14:30:00.000Z","end":"2022-12-08T14:31:00.000Z"},"country":"United Kingdom","OPM":4,"total_sale_volume":351.6100070476532,"rate_of_return":0.0}
{"window":{"start":"2022-12-09T19:27:00.000Z","end":"2022-12-09T19:28:00.000Z"},"country":"United Kingdom","OPM":9,"total_sale_volume":482.27999913692474,"rate_of_return":0.0}
{"window":{"start":"2022-12-08T09:01:00.000Z","end":"2022-12-08T09:02:00.000Z"},"country":"United Kingdom","OPM":5,"total_sale_volume":383.99999046325684,"rate_of_return":0.2}
{"window":{"start":"2022-12-08T10:00:00.000Z","end":"2022-12-08T10:01:00.000Z"},"country":"United Kingdom","OPM":10,"total_sale_volume":559.6899951696396,"rate_of_return":0.1}
{"window":{"start":"2022-12-08T18:28:00.000Z","end":"2022-12-08T18:29:00.000Z"},"country":"United Kingdom","OPM":17,"total_sale_volume":1070.409990310669,"rate_of_return":0.058823529411764705}
{"window":{"start":"2022-12-09T18:43:00.000Z","end":"2022-12-09T18:44:00.000Z"},"country":"United Kingdom","OPM":9,"total_sale_volume":610.6800127625465,"rate_of_return":0.1111111111111111}
{"window":{"start":"2022-12-08T21:28:00.000Z","end":"2022-12-08T21:29:00.000Z"},"country":"Germany","OPM":1,"total_sale_volume":87.55000305175781,"rate_of_return":0.0}
{"window":{"start":"2022-12-09T17:18:00.000Z","end":"2022-12-09T17:19:00.000Z"},"country":"United Kingdom","OPM":7,"total_sale_volume":312.92000365257263,"rate_of_return":0.0}
{"window":{"start":"2022-12-08T11:15:00.000Z","end":"2022-12-08T11:16:00.000Z"},"country":"United Kingdom","OPM":12,"total_sale_volume":757.0499954223633,"rate_of_return":0.08333333333333333}
{"window":{"start":"2022-12-09T16:05:00.000Z","end":"2022-12-09T16:06:00.000Z"},"country":"EIRE","OPM":1,"total_sale_volume":16.729999542236328,"rate_of_return":0.0}
{"window":{"start":"2022-12-09T23:10:00.000Z","end":"2022-12-09T23:11:00.000Z"},"country":"United Kingdom","OPM":11,"total_sale_volume":500.45999240875244,"rate_of_return":0.18181818181818182}
{"window":{"start":"2022-12-09T11:16:00.000Z","end":"2022-12-09T11:17:00.000Z"},"country":"United Kingdom","OPM":14,"total_sale_volume":478.45999479293823,"rate_of_return":0.0}
{"window":{"start":"2022-12-09T07:35:00.000Z","end":"2022-12-09T07:36:00.000Z"},"country":"United Kingdom","OPM":5,"total_sale_volume":745.0700206756592,"rate_of_return":0.0}
{"window":{"start":"2022-12-08T13:45:00.000Z","end":"2022-12-08T13:46:00.000Z"},"country":"United Kingdom","OPM":12,"total_sale_volume":945.2600090503693,"rate_of_return":0.0}
{"window":{"start":"2022-12-08T11:41:00.000Z","end":"2022-12-08T11:42:00.000Z"},"country":"United Kingdom","OPM":7,"total_sale_volume":390.22000885009766,"rate_of_return":0.0}
