{"window":{"start":"2022-12-09T18:43:00.000Z","end":"2022-12-09T18:44:00.000Z"},"country":"Germany","OPM":1,"total_sale_volume":553.1300048828125,"rate_of_return":0.0}
{"window":{"start":"2022-12-09T12:30:00.000Z","end":"2022-12-09T12:31:00.000Z"},"country":"Switzerland","OPM":1,"total_sale_volume":64.27999877929688,"rate_of_return":0.0}
{"window":{"start":"2022-12-08T11:50:00.000Z","end":"2022-12-08T11:51:00.000Z"},"country":"Germany","OPM":1,"total_sale_volume":33.2599983215332,"rate_of_return":0.0}
{"window":{"start":"2022-12-08T20:28:00.000Z","end":"2022-12-08T20:29:00.000Z"},"country":"United Kingdom","OPM":10,"total_sale_volume":547.3599984645844,"rate_of_return":0.1}
{"window":{"start":"2022-12-08T22:35:00.000Z","end":"2022-12-08T22:36:00.000Z"},"country":"United Kingdom","OPM":9,"total_sale_volume":236.89999985694885,"rate_of_return":0.0}
{"window":{"start":"2022-12-09T03:32:00.000Z","end":"2022-12-09T03:33:00.000Z"},"country":"France","OPM":1,"total_sale_volume":522.7000122070312,"rate_of_return":0.0}
{"window":{"start":"2022-12-09T06:25:00.000Z","end":"2022-12-09T06:26:00.000Z"},"country":"United Kingdom","OPM":9,"total_sale_volume":570.5799980163574,"rate_of_return":0.0}
{"window":{"start":"2022-12-09T11:59:00.000Z","end":"2022-12-09T12:00:00.000Z"},"country":"USA","OPM":1,"total_sale_volume":53.099998474121094,"rate_of_return":0.0}
{"window":{"start":"2022-12-09T22:10:00.000Z","end":"2022-12-09T22:11:00.000Z"},"country":"France","OPM":1,"total_sale_volume":25.19999885559082,"rate_of_return":0.0}
{"window":{"start":"2022-12-09T23:20:00.000Z","end":"2022-12-09T23:21:00.000Z"},"country":"United Kingdom","OPM":6,"total_sale_volume":230.85999512672424,"rate_of_return":0.0}
{"window":{"start":"2022-12-08T14:25:00.000Z","end":"2022-12-08T14:26:00.000Z"},"country":"United Kingdom","OPM":14,"total_sale_volume":2268.8300325870514,"rate_of_return":0.0}
{"window":{"start":"2022-12-08T14:55:00.000Z","end":"2022-12-08T14:56:00.000Z"},"country":"Germany","OPM":1,"total_sale_volume":24.600000381469727,"rate_of_return":0.0}
{"window":{"start":"2022-12-09T07:31:00.000Z","end":"2022-12-09T07:32:00.000Z"},"country":"United Kingdom","OPM":4,"total_sale_volume":90.8499984741211,"rate_of_return":0.0}
{"window":{"start":"2022-12-09T22:25:00.000Z","end":"2022-12-09T22:26:00.000Z"},"country":"Germany","OPM":1,"total_sale_volume":38.47999954223633,"rate_of_return":0.0}
{"window":{"start":"2022-12-09T04:15:00.000Z","end":"2022-12-09T04:16:00.000Z"},"country":"Switzerland","OPM":1,"total_sale_volume":213.25999450683594,"rate_of_return":0.0}
{"window":{"start":"2022-12-09T14:06:00.000Z","end":"2022-12-09T14:07:00.000Z"},"country":"United Kingdom","OPM":15,"total_sale_volume":2474.739965438843,"rate_of_return":0.06666666666666667}
{"window":{"start":"2022-12-09T06:28:00.000Z","end":"2022-12-09T06:29:00.000Z"},"country":"United Kingdom","OPM":7,"total_sale_volume":253.24001121520996,"rate_of_return":0.2857142857142857}
{"window":{"start":"2022-12-09T21:31:00.000Z","end":"2022-12-09T21:32:00.000Z"},"country":"United Kingdom","OPM":5,"total_sale_volume":339.2899971008301,"rate_of_return":0.0}
