{"window":{"start":"2022-12-09T13:25:00.000Z","end":"2022-12-09T13:26:00.000Z"},"country":"United Kingdom","OPM":9,"total_sale_volume":435.3999891281128,"rate_of_return":0.1111111111111111}
{"window":{"start":"2022-12-09T01:46:00.000Z","end":"2022-12-09T01:47:00.000Z"},"country":"Italy","OPM":1,"total_sale_volume":2.950000047683716,"rate_of_return":0.0}
{"window":{"start":"2022-12-09T01:10:00.000Z","end":"2022-12-09T01:11:00.000Z"},"country":"United Kingdom","OPM":4,"total_sale_volume":164.79000186920166,"rate_of_return":0.0}
{"window":{"start":"2022-12-08T20:39:00.000Z","end":"2022-12-08T20:40:00.000Z"},"country":"Spain","OPM":1,"total_sale_volume":16.900001525878906,"rate_of_return":0.0}
{"window":{"start":"2022-12-08T21:31:00.000Z","end":"2022-12-08T21:32:00.000Z"},"country":"United Kingdom","OPM":6,"total_sale_volume":226.92999601364136,"rate_of_return":0.0}
{"window":{"start":"2022-12-09T21:41:00.000Z","end":"2022-12-09T21:42:00.000Z"},"country":"United Kingdom","OPM":8,"total_sale_volume":1543.1599521636963,"rate_of_return":0.0}
{"window":{"start":"2022-12-09T02:22:00.000Z","end":"2022-12-09T02:23:00.000Z"},"country":"Australia","OPM":1,"total_sale_volume":29.8799991607666,"rate_of_return":0.0}
{"window":{"start":"2022-12-09T13:45:00.000Z","end":"2022-12-09T13:46:00.000Z"},"country":"United Kingdom","OPM":6,"total_sale_volume":531.499990940094,"rate_of_return":0.0}
{"window":{"start":"2022-12-09T15:24:00.000Z","end":"2022-12-09T15:25:00.000Z"},"country":"Portugal","OPM":1,"total_sale_volume":25.670000076293945,"rate_of_return":0.0}
{"window":{"start":"2022-12-09T12:57:00.000Z","end":"2022-12-09T12:58:00.000Z"},"country":"Netherlands","OPM":1,"total_sale_volume":547.0,"rate_of_return":0.0}
{"window":{"start":"2022-12-08T18:30:00.000Z","end":"2022-12-08T18:31:00.000Z"},"country":"EIRE","OPM":1,"total_sale_volume":251.2899932861328,"rate_of_return":0.0}
{"window":{"start":"2022-12-09T00:21:00.000Z","end":"2022-12-09T00:22:00.000Z"},"country":"Belgium","OPM":1,"total_sale_volume":43.849998474121094,"rate_of_return":0.0}
{"window":{"start":"2022-12-08T11:14:00.000Z","end":"2022-12-08T11:15:00.000Z"},"country":"United Kingdom","OPM":6,"total_sale_volume":363.0400047302246,"rate_of_return":0.0}
{"window":{"start":"2022-12-08T11:39:00.000Z","end":"2022-12-08T11:40:00.000Z"},"country":"Germany","OPM":1,"total_sale_volume":85.54000091552734,"rate_of_return":0.0}
{"window":{"start":"2022-12-09T02:56:00.000Z","end":"2022-12-09T02:57:00.000Z"},"country":"United Kingdom","OPM":12,"total_sale_volume":2917.0000677108765,"rate_of_return":0.0}
{"window":{"start":"2022-12-09T05:38:00.000Z","end":"2022-12-09T05:39:00.000Z"},"country":"United Kingdom","OPM":7,"total_sale_volume":809.1899852752686,"rate_of_return":0.0}
{"window":{"start":"2022-12-09T10:37:00.000Z","end":"2022-12-09T10:38:00.000Z"},"country":"France","OPM":1,"total_sale_volume":66.25999450683594,"rate_of_return":0.0}
{"window":{"start":"2022-12-09T17:40:00.000Z","end":"2022-12-09T17:41:00.000Z"},"country":"Germany","OPM":1,"total_sale_volume":29.520000457763672,"rate_of_return":0.0}
{"window":{"start":"2022-12-09T09:11:00.000Z","end":"2022-12-09T09:12:00.000Z"},"country":"United Kingdom","OPM":11,"total_sale_volume":554.8599996566772,"rate_of_return":0.0}
{"window":{"start":"2022-12-08T18:33:00.000Z","end":"2022-12-08T18:34:00.000Z"},"country":"United Kingdom","OPM":9,"total_sale_volume":673.5599992275238,"rate_of_return":0.0}
{"window":{"start":"2022-12-09T12:56:00.000Z","end":"2022-12-09T12:57:00.000Z"},"country":"Finland","OPM":1,"total_sale_volume":-3.2899999618530273,"rate_of_return":1.0}
{"window":{"start":"2022-12-09T02:29:00.000Z","end":"2022-12-09T02:30:00.000Z"},"country":"EIRE","OPM":1,"total_sale_volume":43.47999954223633,"rate_of_return":0.0}
{"window":{"start":"2022-12-09T21:28:00.000Z","end":"2022-12-09T21:29:00.000Z"},"country":"Portugal","OPM":1,"total_sale_volume":139.1999969482422,"rate_of_return":0.0}
{"window":{"start":"2022-12-09T07:32:00.000Z","end":"2022-12-09T07:33:00.000Z"},"country":"Australia","OPM":1,"total_sale_volume":13.649999618530273,"rate_of_return":0.0}
{"window":{"start":"2022-12-08T12:17:00.000Z","end":"2022-12-08T12:18:00.000Z"},"country":"Switzerland","OPM":1,"total_sale_volume":99.12000274658203,"rate_of_return":0.0}
{"window":{"start":"2022-12-09T15:04:00.000Z","end":"2022-12-09T15:05:00.000Z"},"country":"Portugal","OPM":1,"total_sale_volume":28.18000030517578,"rate_of_return":0.0}
{"window":{"start":"2022-12-08T21:40:00.000Z","end":"2022-12-08T21:41:00.000Z"},"country":"Portugal","OPM":1,"total_sale_volume":23.25,"rate_of_return":0.0}
{"window":{"start":"2022-12-08T08:42:00.000Z","end":"2022-12-08T08:43:00.000Z"},"country":"United Kingdom","OPM":7,"total_sale_volume":808.2199673652649,"rate_of_return":0.0}
