{"window":{"start":"2022-12-08T13:37:00.000Z","end":"2022-12-08T13:38:00.000Z"},"country":"United Kingdom","OPM":8,"total_sale_volume":547.2299830913544,"rate_of_return":0.125}
{"window":{"start":"2022-12-09T18:52:00.000Z","end":"2022-12-09T18:53:00.000Z"},"country":"United Kingdom","OPM":16,"total_sale_volume":757.8900127410889,"rate_of_return":0.0625}
{"window":{"start":"2022-12-08T10:11:00.000Z","end":"2022-12-08T10:12:00.000Z"},"country":"United Kingdom","OPM":8,"total_sale_volume":696.5999975204468,"rate_of_return":0.0}
{"window":{"start":"2022-12-08T15:47:00.000Z","end":"2022-12-08T15:48:00.000Z"},"country":"Portugal","OPM":1,"total_sale_volume":18.75,"rate_of_return":0.0}
{"window":{"start":"2022-12-08T12:25:00.000Z","end":"2022-12-08T12:26:00.000Z"},"country":"Belgium","OPM":1,"total_sale_volume":29.849998474121094,"rate_of_return":0.0}
{"window":{"start":"2022-12-08T11:14:00.000Z","end":"2022-12-08T11:15:00.000Z"},"country":"France","OPM":1,"total_sale_volume":35.65999984741211,"rate_of_return":0.0}
{"window":{"start":"2022-12-08T15:35:00.000Z","end":"2022-12-08T15:36:00.000Z"},"country":"European Community","OPM":1,"total_sale_volume":-129.45001220703125,"rate_of_return":1.0}
{"window":{"start":"2022-12-09T06:48:00.000Z","end":"2022-12-09T06:49:00.000Z"},"country":"United Kingdom","OPM":6,"total_sale_volume":218.12999534606934,"rate_of_return":0.0}
{"window":{"start":"2022-12-09T17:38:00.000Z","end":"2022-12-09T17:39:00.000Z"},"country":"United Kingdom","OPM":5,"total_sale_volume":388.2099914550781,"rate_of_return":0.0}
{"window":{"start":"2022-12-09T17:27:00.000Z","end":"2022-12-09T17:28:00.000Z"},"country":"Hong Kong","OPM":1,"total_sale_volume":30.649999618530273,"rate_of_return":0.0}
{"window":{"start":"2022-12-09T18:59:00.000Z","end":"2022-12-09T19:00:00.000Z"},"country":"France","OPM":1,"total_sale_volume":15.899999618530273,"rate_of_return":0.0}
{"window":{"start":"2022-12-09T15:46:00.000Z","end":"2022-12-09T15:47:00.000Z"},"country":"France","OPM":2,"total_sale_volume":100.18999481201172,"rate_of_return":0.0}
{"window":{"start":"2022-12-09T09:14:00.000Z","end":"2022-12-09T09:15:00.000Z"},"country":"United Kingdom","OPM":10,"total_sale_volume":748.4700016975403,"rate_of_return":0.0}
{"window":{"start":"2022-12-09T06:59:00.000Z","end":"2022-12-09T07:00:00.000Z"},"country":"United Kingdom","OPM":6,"total_sale_volume":199.13999605178833,"rate_of_return":0.0}
{"window":{"start":"2022-12-09T02:48:00.000Z","end":"2022-12-09T02:49:00.000Z"},"country":"France","OPM":1,"total_sale_volume":76.73999786376953,"rate_of_return":0.0}
{"window":{"start":"2022-12-08T09:25:00.000Z","end":"2022-12-08T09:26:00.000Z"},"country":"Italy","OPM":1,"total_sale_volume":27.100000381469727,"rate_of_return":0.0}
{"window":{"start":"2022-12-08T14:50:00.000Z","end":"2022-12-08T14:51:00.000Z"},"country":"EIRE","OPM":1,"total_sale_volume":96.30000305175781,"rate_of_return":0.0}
{"window":{"start":"2022-12-09T10:42:00.000Z","end":"2022-12-09T10:43:00.000Z"},"country":"United Kingdom","OPM":15,"total_sale_volume":976.290009021759,"rate_of_return":0.06666666666666667}
{"window":{"start":"2022-12-08T13:30:00.000Z","end":"2022-12-08T13:31:00.000Z"},"country":"EIRE","OPM":1,"total_sale_volume":10.079999923706055,"rate_of_return":0.0}
{"window":{"start":"2022-12-09T20:43:00.000Z","end":"2022-12-09T20:44:00.000Z"},"country":"Netherlands","OPM":1,"total_sale_volume":39.439998626708984,"rate_of_return":0.0}
{"window":{"start":"2022-12-09T11:07:00.000Z","end":"2022-12-09T11:08:00.000Z"},"country":"EIRE","OPM":1,"total_sale_volume":101.8499984741211,"rate_of_return":0.0}
{"window":{"start":"2022-12-08T10:56:00.000Z","end":"2022-12-08T10:57:00.000Z"},"country":"United Kingdom","OPM":8,"total_sale_volume":548.0500040054321,"rate_of_return":0.125}
{"window":{"start":"2022-12-08T20:36:00.000Z","end":"2022-12-08T20:37:00.000Z"},"country":"United Kingdom","OPM":6,"total_sale_volume":446.72000885009766,"rate_of_return":0.0}
{"window":{"start":"2022-12-08T10:40:00.000Z","end":"2022-12-08T10:41:00.000Z"},"country":"Germany","OPM":1,"total_sale_volume":113.55000305175781,"rate_of_return":0.0}
{"window":{"start":"2022-12-08T09:48:00.000Z","end":"2022-12-08T09:49:00.000Z"},"country":"United Kingdom","OPM":11,"total_sale_volume":909.4799888134003,"rate_of_return":0.0}
{"window":{"start":"2022-12-09T01:08:00.000Z","end":"2022-12-09T01:09:00.000Z"},"country":"United Kingdom","OPM":9,"total_sale_volume":708.0700149536133,"rate_of_return":0.0}
{"window":{"start":"2022-12-09T11:15:00.000Z","end":"2022-12-09T11:16:00.000Z"},"country":"United Kingdom","OPM":11,"total_sale_volume":489.2000028192997,"rate_of_return":0.18181818181818182}
{"window":{"start":"2022-12-09T04:57:00.000Z","end":"2022-12-09T04:58:00.000Z"},"country":"United Kingdom","OPM":10,"total_sale_volume":669.7399988174438,"rate_of_return":0.0}
{"window":{"start":"2022-12-09T13:27:00.000Z","end":"2022-12-09T13:28:00.000Z"},"country":"United Kingdom","OPM":13,"total_sale_volume":1161.5299944877625,"rate_of_return":0.0}
{"window":{"start":"2022-12-09T20:22:00.000Z","end":"2022-12-09T20:23:00.000Z"},"country":"United Kingdom","OPM":13,"total_sale_volume":574.9299964904785,"rate_of_return":0.0}
{"window":{"start":"2022-12-08T10:16:00.000Z","end":"2022-12-08T10:17:00.000Z"},"country":"Germany","OPM":1,"total_sale_volume":2.950000047683716,"rate_of_return":0.0}
