{"window":{"start":"2022-12-08T12:31:00.000Z","end":"2022-12-08T12:32:00.000Z"},"country":"France","OPM":2,"total_sale_volume":59.329999923706055,"rate_of_return":0.0}
{"window":{"start":"2022-12-09T20:53:00.000Z","end":"2022-12-09T20:54:00.000Z"},"country":"United Kingdom","OPM":6,"total_sale_volume":215.96999883651733,"rate_of_return":0.0}
{"window":{"start":"2022-12-09T13:53:00.000Z","end":"2022-12-09T13:54:00.000Z"},"country":"EIRE","OPM":1,"total_sale_volume":9.359999656677246,"rate_of_return":0.0}
{"window":{"start":"2022-12-09T23:07:00.000Z","end":"2022-12-09T23:08:00.000Z"},"country":"France","OPM":1,"total_sale_volume":124.89999389648438,"rate_of_return":0.0}
{"window":{"start":"2022-12-08T09:36:00.000Z","end":"2022-12-08T09:37:00.000Z"},"country":"United Kingdom","OPM":10,"total_sale_volume":662.4900064468384,"rate_of_return":0.0}
{"window":{"start":"2022-12-09T10:37:00.000Z","end":"2022-12-09T10:38:00.000Z"},"country":"United Kingdom","OPM":7,"total_sale_volume":143.2100019454956,"rate_of_return":0.0}
{"window":{"start":"2022-12-08T21:17:00.000Z","end":"2022-12-08T21:18:00.000Z"},"country":"United Kingdom","OPM":11,"total_sale_volume":845.4600063562393,"rate_of_return":0.0}
{"window":{"start":"2022-12-09T07:22:00.000Z","end":"2022-12-09T07:23:00.000Z"},"country":"Germany","OPM":1,"total_sale_volume":12.010000228881836,"rate_of_return":0.0}
{"window":{"start":"2022-12-09T21:12:00.000Z","end":"2022-12-09T21:13:00.000Z"},"country":"United Kingdom","OPM":7,"total_sale_volume":84.13999968767166,"rate_of_return":0.0}
{"window":{"start":"2022-12-09T12:40:00.000Z","end":"2022-12-09T12:41:00.000Z"},"country":"United Kingdom","OPM":12,"total_sale_volume":1257.2199888825417,"rate_of_return":0.0}
{"window":{"start":"2022-12-09T21:50:00.000Z","end":"2022-12-09T21:51:00.000Z"},"country":"United Kingdom","OPM":10,"total_sale_volume":1008.3300242424011,"rate_of_return":0.2}
{"window":{"start":"2022-12-08T11:11:00.000Z","end":"2022-12-08T11:12:00.000Z"},"country":"United Kingdom","OPM":8,"total_sale_volume":425.13000202178955,"rate_of_return":0.0}
{"window":{"start":"2022-12-09T07:25:00.000Z","end":"2022-12-09T07:26:00.000Z"},"country":"United Kingdom","OPM":5,"total_sale_volume":367.5199966430664,"rate_of_return":0.0}
{"window":{"start":"2022-12-08T13:44:00.000Z","end":"2022-12-08T13:45:00.000Z"},"country":"United Kingdom","OPM":5,"total_sale_volume":242.56000137329102,"rate_of_return":0.0}
{"window":{"start":"2022-12-09T10:21:00.000Z","end":"2022-12-09T10:22:00.000Z"},"country":"United Kingdom","OPM":8,"total_sale_volume":2484.2000274658203,"rate_of_return":0.0}
{"window":{"start":"2022-12-08T13:12:00.000Z","end":"2022-12-08T13:13:00.000Z"},"country":"United Kingdom","OPM":11,"total_sale_volume":2311.53995513916,"rate_of_return":0.0}
{"window":{"start":"2022-12-08T23:50:00.000Z","end":"2022-12-08T23:51:00.000Z"},"country":"EIRE","OPM":1,"total_sale_volume":1021.1199340820312,"rate_of_return":0.0}
{"window":{"start":"2022-12-09T11:08:00.000Z","end":"2022-12-09T11:09:00.000Z"},"country":"United Kingdom","OPM":13,"total_sale_volume":584.7599941492081,"rate_of_return":0.0}
{"window":{"start":"2022-12-09T18:36:00.000Z","end":"2022-12-09T18:37:00.000Z"},"country":"United Kingdom","OPM":9,"total_sale_volume":477.8599853515625,"rate_of_return":0.1111111111111111}
{"window":{"start":"2022-12-09T03:56:00.000Z","end":"2022-12-09T03:57:00.000Z"},"country":"Portugal","OPM":2,"total_sale_volume":133.77999877929688,"rate_of_return":0.0}
{"window":{"start":"2022-12-09T14:56:00.000Z","end":"2022-12-09T14:57:00.000Z"},"country":"United Kingdom","OPM":10,"total_sale_volume":434.5599879324436,"rate_of_return":0.1}
