{"window":{"start":"2022-12-09T04:14:00.000Z","end":"2022-12-09T04:15:00.000Z"},"country":"France","OPM":1,"total_sale_volume":16.520000457763672,"rate_of_return":0.0}
{"window":{"start":"2022-12-09T14:29:00.000Z","end":"2022-12-09T14:30:00.000Z"},"country":"Austria","OPM":1,"total_sale_volume":34.0,"rate_of_return":0.0}
{"window":{"start":"2022-12-09T22:21:00.000Z","end":"2022-12-09T22:22:00.000Z"},"country":"United Kingdom","OPM":6,"total_sale_volume":635.7700140476227,"rate_of_return":0.0}
{"window":{"start":"2022-12-09T10:30:00.000Z","end":"2022-12-09T10:31:00.000Z"},"country":"United Kingdom","OPM":8,"total_sale_volume":470.83000564575195,"rate_of_return":0.125}
{"window":{"start":"2022-12-08T22:25:00.000Z","end":"2022-12-08T22:26:00.000Z"},"country":"France","OPM":1,"total_sale_volume":13.700000762939453,"rate_of_return":0.0}
{"window":{"start":"2022-12-09T04:02:00.000Z","end":"2022-12-09T04:03:00.000Z"},"country":"United Kingdom","OPM":16,"total_sale_volume":998.339985370636,"rate_of_return":0.0}
{"window":{"start":"2022-12-09T05:52:00.000Z","end":"2022-12-09T05:53:00.000Z"},"country":"United Kingdom","OPM":9,"total_sale_volume":153.3100014925003,"rate_of_return":0.2222222222222222}
{"window":{"start":"2022-12-09T11:37:00.000Z","end":"2022-12-09T11:38:00.000Z"},"country":"United Kingdom","OPM":10,"total_sale_volume":636.5999900102615,"rate_of_return":0.0}
{"window":{"start":"2022-12-09T13:43:00.000Z","end":"2022-12-09T13:44:00.000Z"},"country":"United Kingdom","OPM":4,"total_sale_volume":128.57000207901,"rate_of_return":0.0}
{"window":{"start":"2022-12-08T21:09:00.000Z","end":"2022-12-08T21:10:00.000Z"},"country":"United Kingdom","OPM":9,"total_sale_volume":517.0999965667725,"rate_of_return":0.0}
{"window":{"start":"2022-12-09T08:45:00.000Z","end":"2022-12-09T08:46:00.000Z"},"country":"United Kingdom","OPM":6,"total_sale_volume":229.78999710083008,"rate_of_return":0.0}
{"window":{"start":"2022-12-08T19:03:00.000Z","end":"2022-12-08T19:04:00.000Z"},"country":"Netherlands","OPM":1,"total_sale_volume":193.75,"rate_of_return":0.0}
{"window":{"start":"2022-12-09T07:58:00.000Z","end":"2022-12-09T07:59:00.000Z"},"country":"United Kingdom","OPM":13,"total_sale_volume":348.17000007629395,"rate_of_return":0.0}
{"window":{"start":"2022-12-09T08:25:00.000Z","end":"2022-12-09T08:26:00.000Z"},"country":"United Kingdom","OPM":14,"total_sale_volume":562.4600043296814,"rate_of_return":0.0}
{"window":{"start":"2022-12-09T05:16:00.000Z","end":"2022-12-09T05:17:00.000Z"},"country":"Italy","OPM":1,"total_sale_volume":35.0099983215332,"rate_of_return":0.0}
{"window":{"start":"2022-12-08T22:03:00.000Z","end":"2022-12-08T22:04:00.000Z"},"country":"United Kingdom","OPM":11,"total_sale_volume":242.61999940872192,"rate_of_return":0.09090909090909091}
{"window":{"start":"2022-12-09T19:21:00.000Z","end":"2022-12-09T19:22:00.000Z"},"country":"United Kingdom","OPM":10,"total_sale_volume":296.81999802589417,"rate_of_return":0.1}
{"window":{"start":"2022-12-08T19:31:00.000Z","end":"2022-12-08T19:32:00.000Z"},"country":"Netherlands","OPM":1,"total_sale_volume":22.350000381469727,"rate_of_return":0.0}
{"window":{"start":"2022-12-09T07:17:00.000Z","end":"2022-12-09T07:18:00.000Z"},"country":"EIRE","OPM":1,"total_sale_volume":21.43000030517578,"rate_of_return":0.0}
