{"window":{"start":"2022-12-08T19:57:00.000Z","end":"2022-12-08T19:58:00.000Z"},"country":"EIRE","OPM":1,"total_sale_volume":25.19999885559082,"rate_of_return":0.0}
{"window":{"start":"2022-12-09T22:54:00.000Z","end":"2022-12-09T22:55:00.000Z"},"country":"Germany","OPM":1,"total_sale_volume":41.349998474121094,"rate_of_return":0.0}
{"window":{"start":"2022-12-08T19:19:00.000Z","end":"2022-12-08T19:20:00.000Z"},"country":"United Kingdom","OPM":12,"total_sale_volume":1030.779992699623,"rate_of_return":0.0}
{"window":{"start":"2022-12-09T18:29:00.000Z","end":"2022-12-09T18:30:00.000Z"},"country":"United Kingdom","OPM":7,"total_sale_volume":255.7299976348877,"rate_of_return":0.0}
{"window":{"start":"2022-12-09T23:42:00.000Z","end":"2022-12-09T23:43:00.000Z"},"country":"France","OPM":1,"total_sale_volume":9.899999618530273,"rate_of_return":0.0}
{"window":{"start":"2022-12-09T12:21:00.000Z","end":"2022-12-09T12:22:00.000Z"},"country":"United Kingdom","OPM":5,"total_sale_volume":122.07999992370605,"rate_of_return":0.0}
{"window":{"start":"2022-12-08T22:16:00.000Z","end":"2022-12-08T22:17:00.000Z"},"country":"United Kingdom","OPM":6,"total_sale_volume":269.4399905204773,"rate_of_return":0.0}
{"window":{"start":"2022-12-09T06:33:00.000Z","end":"2022-12-09T06:34:00.000Z"},"country":"United Kingdom","OPM":13,"total_sale_volume":647.0899963378906,"rate_of_return":0.0}
{"window":{"start":"2022-12-09T03:05:00.000Z","end":"2022-12-09T03:06:00.000Z"},"country":"United Kingdom","OPM":7,"total_sale_volume":517.9499940872192,"rate_of_return":0.0}
{"window":{"start":"2022-12-08T22:12:00.000Z","end":"2022-12-08T22:13:00.000Z"},"country":"United Kingdom","OPM":9,"total_sale_volume":692.1300001144409,"rate_of_return":0.0}
{"window":{"start":"2022-12-09T09:37:00.000Z","end":"2022-12-09T09:38:00.000Z"},"country":"Finland","OPM":1,"total_sale_volume":4.599999904632568,"rate_of_return":0.0}
{"window":{"start":"2022-12-08T19:22:00.000Z","end":"2022-12-08T19:23:00.000Z"},"country":"Singapore","OPM":1,"total_sale_volume":445.0,"rate_of_return":0.0}
{"window":{"start":"2022-12-09T16:07:00.000Z","end":"2022-12-09T16:08:00.000Z"},"country":"United Kingdom","OPM":9,"total_sale_volume":1421.6899795532227,"rate_of_return":0.0}
{"window":{"start":"2022-12-09T17:49:00.000Z","end":"2022-12-09T17:50:00.000Z"},"country":"United Kingdom","OPM":6,"total_sale_volume":600.0499973297119,"rate_of_return":0.0}
{"window":{"start":"2022-12-09T14:01:00.000Z","end":"2022-12-09T14:02:00.000Z"},"country":"EIRE","OPM":1,"total_sale_volume":10.5,"rate_of_return":0.0}
