{"window":{"start":"2022-12-09T09:32:00.000Z","end":"2022-12-09T09:33:00.000Z"},"country":"Sweden","OPM":1,"total_sale_volume":86.13999938964844,"rate_of_return":0.0}
{"window":{"start":"2022-12-08T13:48:00.000Z","end":"2022-12-08T13:49:00.000Z"},"country":"United Kingdom","OPM":10,"total_sale_volume":613.49998909235,"rate_of_return":0.0}
{"window":{"start":"2022-12-09T21:29:00.000Z","end":"2022-12-09T21:30:00.000Z"},"country":"United Kingdom","OPM":8,"total_sale_volume":309.58000433444977,"rate_of_return":0.125}
{"window":{"start":"2022-12-08T11:52:00.000Z","end":"2022-12-08T11:53:00.000Z"},"country":"United Kingdom","OPM":11,"total_sale_volume":491.8700112104416,"rate_of_return":0.09090909090909091}
{"window":{"start":"2022-12-08T23:02:00.000Z","end":"2022-12-08T23:03:00.000Z"},"country":"United Kingdom","OPM":7,"total_sale_volume":350.2599925994873,"rate_of_return":0.0}
{"window":{"start":"2022-12-09T12:16:00.000Z","end":"2022-12-09T12:17:00.000Z"},"country":"Norway","OPM":1,"total_sale_volume":109.94999694824219,"rate_of_return":0.0}
{"window":{"start":"2022-12-09T20:19:00.000Z","end":"2022-12-09T20:20:00.000Z"},"country":"United Kingdom","OPM":9,"total_sale_volume":9.590007692575455,"rate_of_return":0.2222222222222222}
{"window":{"start":"2022-12-09T04:51:00.000Z","end":"2022-12-09T04:52:00.000Z"},"country":"Germany","OPM":1,"total_sale_volume":2.25,"rate_of_return":0.0}
{"window":{"start":"2022-12-09T03:31:00.000Z","end":"2022-12-09T03:32:00.000Z"},"country":"France","OPM":1,"total_sale_volume":39.73999786376953,"rate_of_return":0.0}
{"window":{"start":"2022-12-09T16:36:00.000Z","end":"2022-12-09T16:37:00.000Z"},"country":"EIRE","OPM":1,"total_sale_volume":122.08999633789062,"rate_of_return":0.0}
{"window":{"start":"2022-12-09T03:59:00.000Z","end":"2022-12-09T04:00:00.000Z"},"country":"United Kingdom","OPM":11,"total_sale_volume":722.4899816513062,"rate_of_return":0.09090909090909091}
{"window":{"start":"2022-12-09T20:15:00.000Z","end":"2022-12-09T20:16:00.000Z"},"country":"United Kingdom","OPM":3,"total_sale_volume":87.83000087738037,"rate_of_return":0.0}
{"window":{"start":"2022-12-09T04:29:00.000Z","end":"2022-12-09T04:30:00.000Z"},"country":"United Kingdom","OPM":12,"total_sale_volume":675.5699966549873,"rate_of_return":0.0}
{"window":{"start":"2022-12-09T06:29:00.000Z","end":"2022-12-09T06:30:00.000Z"},"country":"Austria","OPM":1,"total_sale_volume":10.119999885559082,"rate_of_return":0.0}
