{"window":{"start":"2022-12-09T20:24:00.000Z","end":"2022-12-09T20:25:00.000Z"},"country":"United Kingdom","OPM":9,"total_sale_volume":-125.58998966217041,"rate_of_return":0.2222222222222222}
{"window":{"start":"2022-12-08T09:29:00.000Z","end":"2022-12-08T09:30:00.000Z"},"country":"United Kingdom","OPM":10,"total_sale_volume":631.5700025558472,"rate_of_return":0.0}
{"window":{"start":"2022-12-09T07:39:00.000Z","end":"2022-12-09T07:40:00.000Z"},"country":"United Kingdom","OPM":12,"total_sale_volume":1070.0999927520752,"rate_of_return":0.0}
{"window":{"start":"2022-12-09T18:10:00.000Z","end":"2022-12-09T18:11:00.000Z"},"country":"Unspecified","OPM":1,"total_sale_volume":10.90999984741211,"rate_of_return":0.0}
{"window":{"start":"2022-12-09T09:48:00.000Z","end":"2022-12-09T09:49:00.000Z"},"country":"Germany","OPM":1,"total_sale_volume":26.55000114440918,"rate_of_return":0.0}
{"window":{"start":"2022-12-09T15:05:00.000Z","end":"2022-12-09T15:06:00.000Z"},"country":"United Kingdom","OPM":12,"total_sale_volume":333.5099935531616,"rate_of_return":0.16666666666666666}
{"window":{"start":"2022-12-09T19:47:00.000Z","end":"2022-12-09T19:48:00.000Z"},"country":"United Kingdom","OPM":5,"total_sale_volume":263.6300048828125,"rate_of_return":0.4}
{"window":{"start":"2022-12-08T22:28:00.000Z","end":"2022-12-08T22:29:00.000Z"},"country":"United Kingdom","OPM":10,"total_sale_volume":752.8599967956543,"rate_of_return":0.0}
{"window":{"start":"2022-12-09T07:02:00.000Z","end":"2022-12-09T07:03:00.000Z"},"country":"Belgium","OPM":1,"total_sale_volume":1.7699999809265137,"rate_of_return":0.0}
{"window":{"start":"2022-12-08T22:15:00.000Z","end":"2022-12-08T22:16:00.000Z"},"country":"Channel Islands","OPM":1,"total_sale_volume":73.55999755859375,"rate_of_return":0.0}
{"window":{"start":"2022-12-08T08:50:00.000Z","end":"2022-12-08T08:51:00.000Z"},"country":"United Kingdom","OPM":8,"total_sale_volume":322.2499952316284,"rate_of_return":0.125}
{"window":{"start":"2022-12-09T01:05:00.000Z","end":"2022-12-09T01:06:00.000Z"},"country":"France","OPM":1,"total_sale_volume":18.25,"rate_of_return":0.0}
{"window":{"start":"2022-12-09T15:55:00.000Z","end":"2022-12-09T15:56:00.000Z"},"country":"United Kingdom","OPM":11,"total_sale_volume":710.8799839615822,"rate_of_return":0.0}
{"window":{"start":"2022-12-09T13:19:00.000Z","end":"2022-12-09T13:20:00.000Z"},"country":"United Kingdom","OPM":4,"total_sale_volume":453.7199869155884,"rate_of_return":0.0}
{"window":{"start":"2022-12-09T23:04:00.000Z","end":"2022-12-09T23:05:00.000Z"},"country":"Germany","OPM":1,"total_sale_volume":25.440000534057617,"rate_of_return":0.0}
{"window":{"start":"2022-12-08T15:05:00.000Z","end":"2022-12-08T15:06:00.000Z"},"country":"United Kingdom","OPM":10,"total_sale_volume":209.00999641418457,"rate_of_return":0.1}
{"window":{"start":"2022-12-09T09:42:00.000Z","end":"2022-12-09T09:43:00.000Z"},"country":"Switzerland","OPM":1,"total_sale_volume":45.31999969482422,"rate_of_return":0.0}
{"window":{"start":"2022-12-09T14:23:00.000Z","end":"2022-12-09T14:24:00.000Z"},"country":"United Kingdom","OPM":8,"total_sale_volume":661.4800203442574,"rate_of_return":0.0}
{"window":{"start":"2022-12-08T17:06:00.000Z","end":"2022-12-08T17:07:00.000Z"},"country":"United Kingdom","OPM":11,"total_sale_volume":1447.4399967193604,"rate_of_return":0.18181818181818182}
{"window":{"start":"2022-12-09T19:09:00.000Z","end":"2022-12-09T19:10:00.000Z"},"country":"United Kingdom","OPM":9,"total_sale_volume":604.1999983787537,"rate_of_return":0.1111111111111111}
{"window":{"start":"2022-12-08T15:58:00.000Z","end":"2022-12-08T15:59:00.000Z"},"country":"United Kingdom","OPM":6,"total_sale_volume":277.16000294685364,"rate_of_return":0.0}
{"window":{"start":"2022-12-09T13:12:00.000Z","end":"2022-12-09T13:13:00.000Z"},"country":"EIRE","OPM":1,"total_sale_volume":-391.9200134277344,"rate_of_return":1.0}
{"window":{"start":"2022-12-09T21:49:00.000Z","end":"2022-12-09T21:50:00.000Z"},"country":"United Kingdom","OPM":6,"total_sale_volume":240.00999927520752,"rate_of_return":0.0}
{"window":{"start":"2022-12-09T03:09:00.000Z","end":"2022-12-09T03:10:00.000Z"},"country":"USA","OPM":1,"total_sale_volume":39.880001068115234,"rate_of_return":0.0}
{"window":{"start":"2022-12-09T14:51:00.000Z","end":"2022-12-09T14:52:00.000Z"},"country":"United Kingdom","OPM":14,"total_sale_volume":1902.1400418281555,"rate_of_return":0.0}
{"window":{"start":"2022-12-08T19:36:00.000Z","end":"2022-12-08T19:37:00.000Z"},"country":"United Kingdom","OPM":13,"total_sale_volume":816.8000068664551,"rate_of_return":0.07692307692307693}
{"window":{"start":"2022-12-09T00:25:00.000Z","end":"2022-12-09T00:26:00.000Z"},"country":"United Kingdom","OPM":9,"total_sale_volume":417.2300101518631,"rate_of_return":0.0}
