{"window":{"start":"2022-12-08T19:25:00.000Z","end":"2022-12-08T19:26:00.000Z"},"country":"France","OPM":1,"total_sale_volume":94.63999938964844,"rate_of_return":0.0}
{"window":{"start":"2022-12-09T09:34:00.000Z","end":"2022-12-09T09:35:00.000Z"},"country":"United Kingdom","OPM":10,"total_sale_volume":392.4799979329109,"rate_of_return":0.0}
{"window":{"start":"2022-12-08T11:10:00.000Z","end":"2022-12-08T11:11:00.000Z"},"country":"RSA","OPM":1,"total_sale_volume":162.77999877929688,"rate_of_return":0.0}
{"window":{"start":"2022-12-09T18:33:00.000Z","end":"2022-12-09T18:34:00.000Z"},"country":"Switzerland","OPM":1,"total_sale_volume":38.45000076293945,"rate_of_return":0.0}
{"window":{"start":"2022-12-08T10:37:00.000Z","end":"2022-12-08T10:38:00.000Z"},"country":"United Kingdom","OPM":3,"total_sale_volume":103.97999572753906,"rate_of_return":0.0}
{"window":{"start":"2022-12-09T08:44:00.000Z","end":"2022-12-09T08:45:00.000Z"},"country":"EIRE","OPM":1,"total_sale_volume":37.86000061035156,"rate_of_return":0.0}
{"window":{"start":"2022-12-09T10:38:00.000Z","end":"2022-12-09T10:39:00.000Z"},"country":"United Kingdom","OPM":15,"total_sale_volume":769.9500215649605,"rate_of_return":0.13333333333333333}
{"window":{"start":"2022-12-09T14:34:00.000Z","end":"2022-12-09T14:35:00.000Z"},"country":"Spain","OPM":1,"total_sale_volume":391.6600036621094,"rate_of_return":0.0}
{"window":{"start":"2022-12-09T17:19:00.000Z","end":"2022-12-09T17:20:00.000Z"},"country":"United Kingdom","OPM":4,"total_sale_volume":302.0299882888794,"rate_of_return":0.0}
{"window":{"start":"2022-12-09T02:21:00.000Z","end":"2022-12-09T02:22:00.000Z"},"country":"United Kingdom","OPM":10,"total_sale_volume":622.4299945831299,"rate_of_return":0.0}
{"window":{"start":"2022-12-09T03:18:00.000Z","end":"2022-12-09T03:19:00.000Z"},"country":"Finland","OPM":1,"total_sale_volume":159.1199951171875,"rate_of_return":0.0}
{"window":{"start":"2022-12-08T17:46:00.000Z","end":"2022-12-08T17:47:00.000Z"},"country":"United Kingdom","OPM":7,"total_sale_volume":954.8099870681763,"rate_of_return":0.14285714285714285}
{"window":{"start":"2022-12-09T07:34:00.000Z","end":"2022-12-09T07:35:00.000Z"},"country":"EIRE","OPM":1,"total_sale_volume":27.100000381469727,"rate_of_return":0.0}
{"window":{"start":"2022-12-09T00:56:00.000Z","end":"2022-12-09T00:57:00.000Z"},"country":"Spain","OPM":1,"total_sale_volume":10.079999923706055,"rate_of_return":0.0}
{"window":{"start":"2022-12-08T10:24:00.000Z","end":"2022-12-08T10:25:00.000Z"},"country":"France","OPM":1,"total_sale_volume":-803.1799926757812,"rate_of_return":1.0}
{"window":{"start":"2022-12-08T17:16:00.000Z","end":"2022-12-08T17:17:00.000Z"},"country":"United Kingdom","OPM":5,"total_sale_volume":135.27999877929688,"rate_of_return":0.0}
{"window":{"start":"2022-12-09T03:09:00.000Z","end":"2022-12-09T03:10:00.000Z"},"country":"United Kingdom","OPM":15,"total_sale_volume":572.7000105381012,"rate_of_return":0.06666666666666667}
{"window":{"start":"2022-12-09T07:32:00.000Z","end":"2022-12-09T07:33:00.000Z"},"country":"Channel Islands","OPM":1,"total_sale_volume":41.30000305175781,"rate_of_return":0.0}
{"window":{"start":"2022-12-08T16:15:00.000Z","end":"2022-12-08T16:16:00.000Z"},"country":"United Kingdom","OPM":13,"total_sale_volume":797.9199967384338,"rate_of_return":0.0}
