{"window":{"start":"2022-12-09T01:32:00.000Z","end":"2022-12-09T01:33:00.000Z"},"country":"United Kingdom","OPM":11,"total_sale_volume":899.5799951553345,"rate_of_return":0.0}
{"window":{"start":"2022-12-08T13:32:00.000Z","end":"2022-12-08T13:33:00.000Z"},"country":"United Kingdom","OPM":11,"total_sale_volume":381.6699974536896,"rate_of_return":0.09090909090909091}
{"window":{"start":"2022-12-08T20:22:00.000Z","end":"2022-12-08T20:23:00.000Z"},"country":"Lebanon","OPM":1,"total_sale_volume":4.25,"rate_of_return":0.0}
{"window":{"start":"2022-12-09T06:43:00.000Z","end":"2022-12-09T06:44:00.000Z"},"country":"Germany","OPM":1,"total_sale_volume":208.36000061035156,"rate_of_return":0.0}
{"window":{"start":"2022-12-09T04:42:00.000Z","end":"2022-12-09T04:43:00.000Z"},"country":"United Kingdom","OPM":18,"total_sale_volume":1073.5199888944626,"rate_of_return":0.05555555555555555}
{"window":{"start":"2022-12-08T18:14:00.000Z","end":"2022-12-08T18:15:00.000Z"},"country":"United Kingdom","OPM":3,"total_sale_volume":302.1200008392334,"rate_of_return":0.0}
{"window":{"start":"2022-12-08T16:27:00.000Z","end":"2022-12-08T16:28:00.000Z"},"country":"United Kingdom","OPM":6,"total_sale_volume":61.06999683380127,"rate_of_return":0.16666666666666666}
{"window":{"start":"2022-12-09T12:24:00.000Z","end":"2022-12-09T12:25:00.000Z"},"country":"Germany","OPM":1,"total_sale_volume":-999.1699829101562,"rate_of_return":1.0}
{"window":{"start":"2022-12-08T20:22:00.000Z","end":"2022-12-08T20:23:00.000Z"},"country":"United Kingdom","OPM":12,"total_sale_volume":437.2199989557266,"rate_of_return":0.25}
{"window":{"start":"2022-12-09T09:18:00.000Z","end":"2022-12-09T09:19:00.000Z"},"country":"United Kingdom","OPM":10,"total_sale_volume":775.9999718666077,"rate_of_return":0.0}
{"window":{"start":"2022-12-09T05:05:00.000Z","end":"2022-12-09T05:06:00.000Z"},"country":"United Kingdom","OPM":13,"total_sale_volume":1237.619981765747,"rate_of_return":0.0}
{"window":{"start":"2022-12-09T02:24:00.000Z","end":"2022-12-09T02:25:00.000Z"},"country":"United Kingdom","OPM":5,"total_sale_volume":368.7199935913086,"rate_of_return":0.0}
{"window":{"start":"2022-12-08T19:02:00.000Z","end":"2022-12-08T19:03:00.000Z"},"country":"United Kingdom","OPM":11,"total_sale_volume":1339.9199953079224,"rate_of_return":0.0}
{"window":{"start":"2022-12-09T04:09:00.000Z","end":"2022-12-09T04:10:00.000Z"},"country":"United Kingdom","OPM":8,"total_sale_volume":164.1300020813942,"rate_of_return":0.0}
{"window":{"start":"2022-12-09T11:19:00.000Z","end":"2022-12-09T11:20:00.000Z"},"country":"United Kingdom","OPM":7,"total_sale_volume":217.48000240325928,"rate_of_return":0.2857142857142857}
{"window":{"start":"2022-12-09T03:50:00.000Z","end":"2022-12-09T03:51:00.000Z"},"country":"EIRE","OPM":2,"total_sale_volume":66.46999931335449,"rate_of_return":0.0}
{"window":{"start":"2022-12-08T18:14:00.000Z","end":"2022-12-08T18:15:00.000Z"},"country":"Norway","OPM":1,"total_sale_volume":75.0,"rate_of_return":0.0}
{"window":{"start":"2022-12-08T18:08:00.000Z","end":"2022-12-08T18:09:00.000Z"},"country":"France","OPM":1,"total_sale_volume":18.44999885559082,"rate_of_return":0.0}
{"window":{"start":"2022-12-08T09:18:00.000Z","end":"2022-12-08T09:19:00.000Z"},"country":"Bahrain","OPM":1,"total_sale_volume":49.560001373291016,"rate_of_return":0.0}
{"window":{"start":"2022-12-08T22:48:00.000Z","end":"2022-12-08T22:49:00.000Z"},"country":"United Kingdom","OPM":10,"total_sale_volume":466.0499954223633,"rate_of_return":0.1}
{"window":{"start":"2022-12-08T13:11:00.000Z","end":"2022-12-08T13:12:00.000Z"},"country":"United Kingdom","OPM":12,"total_sale_volume":556.7299914360046,"rate_of_return":0.0}
{"window":{"start":"2022-12-08T21:55:00.000Z","end":"2022-12-08T21:56:00.000Z"},"country":"United Kingdom","OPM":15,"total_sale_volume":429.84999656677246,"rate_of_return":0.06666666666666667}
