{"window":{"start":"2022-12-08T14:20:00.000Z","end":"2022-12-08T14:21:00.000Z"},"country":"France","OPM":2,"total_sale_volume":74.5,"rate_of_return":0.0}
{"window":{"start":"2022-12-09T13:28:00.000Z","end":"2022-12-09T13:29:00.000Z"},"country":"United Kingdom","OPM":8,"total_sale_volume":802.6299934387207,"rate_of_return":0.0}
{"window":{"start":"2022-12-09T08:41:00.000Z","end":"2022-12-09T08:42:00.000Z"},"country":"EIRE","OPM":1,"total_sale_volume":225.14999389648438,"rate_of_return":0.0}
{"window":{"start":"2022-12-09T16:48:00.000Z","end":"2022-12-09T16:49:00.000Z"},"country":"United Kingdom","OPM":11,"total_sale_volume":1159.670018196106,"rate_of_return":0.09090909090909091}
{"window":{"start":"2022-12-08T19:17:00.000Z","end":"2022-12-08T19:18:00.000Z"},"country":"Germany","OPM":1,"total_sale_volume":6.630000114440918,"rate_of_return":0.0}
{"window":{"start":"2022-12-09T09:07:00.000Z","end":"2022-12-09T09:08:00.000Z"},"country":"Spain","OPM":1,"total_sale_volume":16.6299991607666,"rate_of_return":0.0}
{"window":{"start":"2022-12-09T06:13:00.000Z","end":"2022-12-09T06:14:00.000Z"},"country":"United Kingdom","OPM":8,"total_sale_volume":275.6800012588501,"rate_of_return":0.125}
{"window":{"start":"2022-12-08T11:18:00.000Z","end":"2022-12-08T11:19:00.000Z"},"country":"United Kingdom","OPM":7,"total_sale_volume":6.60999870300293,"rate_of_return":0.14285714285714285}
{"window":{"start":"2022-12-09T07:05:00.000Z","end":"2022-12-09T07:06:00.000Z"},"country":"United Kingdom","OPM":6,"total_sale_volume":1690.5799617767334,"rate_of_return":0.0}
{"window":{"start":"2022-12-09T10:54:00.000Z","end":"2022-12-09T10:55:00.000Z"},"country":"United Kingdom","OPM":10,"total_sale_volume":595.430006980896,"rate_of_return":0.0}
{"window":{"start":"2022-12-09T10:01:00.000Z","end":"2022-12-09T10:02:00.000Z"},"country":"United Kingdom","OPM":12,"total_sale_volume":619.8799986839294,"rate_of_return":0.08333333333333333}
{"window":{"start":"2022-12-08T17:27:00.000Z","end":"2022-12-08T17:28:00.000Z"},"country":"Germany","OPM":1,"total_sale_volume":120.6300048828125,"rate_of_return":0.0}
{"window":{"start":"2022-12-09T23:27:00.000Z","end":"2022-12-09T23:28:00.000Z"},"country":"Netherlands","OPM":1,"total_sale_volume":35.849998474121094,"rate_of_return":0.0}
{"window":{"start":"2022-12-08T18:11:00.000Z","end":"2022-12-08T18:12:00.000Z"},"country":"EIRE","OPM":1,"total_sale_volume":52.72999954223633,"rate_of_return":0.0}
{"window":{"start":"2022-12-09T08:33:00.000Z","end":"2022-12-09T08:34:00.000Z"},"country":"Norway","OPM":1,"total_sale_volume":7.199999809265137,"rate_of_return":0.0}
{"window":{"start":"2022-12-08T18:54:00.000Z","end":"2022-12-08T18:55:00.000Z"},"country":"EIRE","OPM":1,"total_sale_volume":2.5,"rate_of_return":0.0}
{"window":{"start":"2022-12-08T11:40:00.000Z","end":"2022-12-08T11:41:00.000Z"},"country":"United Kingdom","OPM":9,"total_sale_volume":327.94999504089355,"rate_of_return":0.1111111111111111}
{"window":{"start":"2022-12-09T18:48:00.000Z","end":"2022-12-09T18:49:00.000Z"},"country":"United Kingdom","OPM":12,"total_sale_volume":529.8400180339813,"rate_of_return":0.0}
{"window":{"start":"2022-12-09T12:34:00.000Z","end":"2022-12-09T12:35:00.000Z"},"country":"Belgium","OPM":1,"total_sale_volume":61.45000076293945,"rate_of_return":0.0}
{"window":{"start":"2022-12-08T09:37:00.000Z","end":"2022-12-08T09:38:00.000Z"},"country":"United Kingdom","OPM":8,"total_sale_volume":608.6599984169006,"rate_of_return":0.0}
{"window":{"start":"2022-12-09T18:16:00.000Z","end":"2022-12-09T18:17:00.000Z"},"country":"United Kingdom","OPM":12,"total_sale_volume":894.9799671173096,"rate_of_return":0.0}
{"window":{"start":"2022-12-09T01:27:00.000Z","end":"2022-12-09T01:28:00.000Z"},"country":"United Kingdom","OPM":6,"total_sale_volume":296.4199914932251,"rate_of_return":0.0}
{"window":{"start":"2022-12-08T19:54:00.000Z","end":"2022-12-08T19:55:00.000Z"},"country":"France","OPM":1,"total_sale_volume":-54.64999771118164,"rate_of_return":1.0}
{"window":{"start":"2022-12-09T09:06:00.000Z","end":"2022-12-09T09:07:00.000Z"},"country":"Channel Islands","OPM":1,"total_sale_volume":11.9399995803833,"rate_of_return":0.0}
