{"window":{"start":"2022-12-09T19:15:00.000Z","end":"2022-12-09T19:16:00.000Z"},"country":"United Kingdom","OPM":5,"total_sale_volume":265.74999237060547,"rate_of_return":0.0}
{"window":{"start":"2022-12-09T13:11:00.000Z","end":"2022-12-09T13:12:00.000Z"},"country":"United Kingdom","OPM":8,"total_sale_volume":752.4000291824341,"rate_of_return":0.0}
{"window":{"start":"2022-12-08T15:25:00.000Z","end":"2022-12-08T15:26:00.000Z"},"country":"United Kingdom","OPM":10,"total_sale_volume":477.17000246047974,"rate_of_return":0.0}
{"window":{"start":"2022-12-08T22:00:00.000Z","end":"2022-12-08T22:01:00.000Z"},"country":"United Kingdom","OPM":14,"total_sale_volume":1061.5200029611588,"rate_of_return":0.0}
{"window":{"start":"2022-12-09T01:25:00.000Z","end":"2022-12-09T01:26:00.000Z"},"country":"United Kingdom","OPM":6,"total_sale_volume":383.4600028991699,"rate_of_return":0.0}
{"window":{"start":"2022-12-09T09:57:00.000Z","end":"2022-12-09T09:58:00.000Z"},"country":"Channel Islands","OPM":1,"total_sale_volume":44.18000030517578,"rate_of_return":0.0}
{"window":{"start":"2022-12-08T14:58:00.000Z","end":"2022-12-08T14:59:00.000Z"},"country":"Switzerland","OPM":1,"total_sale_volume":17.899999618530273,"rate_of_return":0.0}
{"window":{"start":"2022-12-09T05:59:00.000Z","end":"2022-12-09T06:00:00.000Z"},"country":"United Kingdom","OPM":13,"total_sale_volume":130.1100082397461,"rate_of_return":0.15384615384615385}
{"window":{"start":"2022-12-08T11:31:00.000Z","end":"2022-12-08T11:32:00.000Z"},"country":"United Kingdom","OPM":14,"total_sale_volume":1412.9199823141098,"rate_of_return":0.0}
{"window":{"start":"2022-12-08T11:07:00.000Z","end":"2022-12-08T11:08:00.000Z"},"country":"Germany","OPM":1,"total_sale_volume":14.15999984741211,"rate_of_return":0.0}
{"window":{"start":"2022-12-09T02:29:00.000Z","end":"2022-12-09T02:30:00.000Z"},"country":"United Kingdom","OPM":15,"total_sale_volume":1418.9299874305725,"rate_of_return":0.06666666666666667}
{"window":{"start":"2022-12-08T14:05:00.000Z","end":"2022-12-08T14:06:00.000Z"},"country":"Netherlands","OPM":1,"total_sale_volume":22.329999923706055,"rate_of_return":0.0}
{"window":{"start":"2022-12-08T18:10:00.000Z","end":"2022-12-08T18:11:00.000Z"},"country":"EIRE","OPM":1,"total_sale_volume":-23.68000030517578,"rate_of_return":1.0}
{"window":{"start":"2022-12-08T23:08:00.000Z","end":"2022-12-08T23:09:00.000Z"},"country":"Norway","OPM":1,"total_sale_volume":86.66999816894531,"rate_of_return":0.0}
{"window":{"start":"2022-12-08T16:42:00.000Z","end":"2022-12-08T16:43:00.000Z"},"country":"France","OPM":1,"total_sale_volume":92.9800033569336,"rate_of_return":0.0}
{"window":{"start":"2022-12-09T02:32:00.000Z","end":"2022-12-09T02:33:00.000Z"},"country":"United Kingdom","OPM":8,"total_sale_volume":508.6500005722046,"rate_of_return":0.0}
{"window":{"start":"2022-12-08T18:25:00.000Z","end":"2022-12-08T18:26:00.000Z"},"country":"United Kingdom","OPM":16,"total_sale_volume":1258.619989156723,"rate_of_return":0.0625}
{"window":{"start":"2022-12-09T02:39:00.000Z","end":"2022-12-09T02:40:00.000Z"},"country":"United Kingdom","OPM":7,"total_sale_volume":385.0399990081787,"rate_of_return":0.0}
{"window":{"start":"2022-12-09T03:38:00.000Z","end":"2022-12-09T03:39:00.000Z"},"country":"United Kingdom","OPM":8,"total_sale_volume":258.04999047517776,"rate_of_return":0.125}
{"window":{"start":"2022-12-09T12:46:00.000Z","end":"2022-12-09T12:47:00.000Z"},"country":"United Kingdom","OPM":12,"total_sale_volume":303.8400030732155,"rate_of_return":0.08333333333333333}
{"window":{"start":"2022-12-09T05:58:00.000Z","end":"2022-12-09T05:59:00.000Z"},"country":"Norway","OPM":1,"total_sale_volume":-19.079999923706055,"rate_of_return":1.0}
{"window":{"start":"2022-12-09T07:44:00.000Z","end":"2022-12-09T07:45:00.000Z"},"country":"United Kingdom","OPM":6,"total_sale_volume":493.6399828195572,"rate_of_return":0.0}
{"window":{"start":"2022-12-08T08:26:00.000Z","end":"2022-12-08T08:27:00.000Z"},"country":"United Kingdom","OPM":14,"total_sale_volume":941.2599809169769,"rate_of_return":0.0}
