{"window":{"start":"2022-12-09T03:18:00.000Z","end":"2022-12-09T03:19:00.000Z"},"country":"EIRE","OPM":1,"total_sale_volume":1.9399999380111694,"rate_of_return":0.0}
{"window":{"start":"2022-12-09T09:16:00.000Z","end":"2022-12-09T09:17:00.000Z"},"country":"United Kingdom","OPM":8,"total_sale_volume":214.32999992370605,"rate_of_return":0.0}
{"window":{"start":"2022-12-09T20:57:00.000Z","end":"2022-12-09T20:58:00.000Z"},"country":"United Kingdom","OPM":9,"total_sale_volume":306.55000495910645,"rate_of_return":0.0}
{"window":{"start":"2022-12-08T09:35:00.000Z","end":"2022-12-08T09:36:00.000Z"},"country":"United Kingdom","OPM":11,"total_sale_volume":1834.400019645691,"rate_of_return":0.09090909090909091}
{"window":{"start":"2022-12-08T12:05:00.000Z","end":"2022-12-08T12:06:00.000Z"},"country":"Germany","OPM":1,"total_sale_volume":2.5500001907348633,"rate_of_return":0.0}
{"window":{"start":"2022-12-08T13:52:00.000Z","end":"2022-12-08T13:53:00.000Z"},"country":"France","OPM":1,"total_sale_volume":5.789999961853027,"rate_of_return":0.0}
{"window":{"start":"2022-12-08T20:57:00.000Z","end":"2022-12-08T20:58:00.000Z"},"country":"Germany","OPM":1,"total_sale_volume":47.23999786376953,"rate_of_return":0.0}
{"window":{"start":"2022-12-09T18:53:00.000Z","end":"2022-12-09T18:54:00.000Z"},"country":"Australia","OPM":1,"total_sale_volume":54.849998474121094,"rate_of_return":0.0}
{"window":{"start":"2022-12-08T09:51:00.000Z","end":"2022-12-08T09:52:00.000Z"},"country":"Spain","OPM":1,"total_sale_volume":0.6499999761581421,"rate_of_return":0.0}
{"window":{"start":"2022-12-08T22:38:00.000Z","end":"2022-12-08T22:39:00.000Z"},"country":"Netherlands","OPM":1,"total_sale_volume":-14.40999984741211,"rate_of_return":1.0}
{"window":{"start":"2022-12-09T08:10:00.000Z","end":"2022-12-09T08:11:00.000Z"},"country":"United Kingdom","OPM":9,"total_sale_volume":1028.7899923324585,"rate_of_return":0.0}
{"window":{"start":"2022-12-08T10:59:00.000Z","end":"2022-12-08T11:00:00.000Z"},"country":"United Kingdom","OPM":7,"total_sale_volume":681.1500170230865,"rate_of_return":0.0}
{"window":{"start":"2022-12-09T09:30:00.000Z","end":"2022-12-09T09:31:00.000Z"},"country":"France","OPM":1,"total_sale_volume":98.16000366210938,"rate_of_return":0.0}
