{"window":{"start":"2022-12-08T12:31:00.000Z","end":"2022-12-08T12:32:00.000Z"},"country":"United Kingdom","OPM":9,"total_sale_volume":322.5899963378906,"rate_of_return":0.1111111111111111}
{"window":{"start":"2022-12-08T20:12:00.000Z","end":"2022-12-08T20:13:00.000Z"},"country":"United Kingdom","OPM":9,"total_sale_volume":1880.6099591255188,"rate_of_return":0.0}
{"window":{"start":"2022-12-08T22:54:00.000Z","end":"2022-12-08T22:55:00.000Z"},"country":"United Kingdom","OPM":10,"total_sale_volume":316.9100069999695,"rate_of_return":0.2}
{"window":{"start":"2022-12-09T23:03:00.000Z","end":"2022-12-09T23:04:00.000Z"},"country":"Channel Islands","OPM":1,"total_sale_volume":41.25,"rate_of_return":0.0}
{"window":{"start":"2022-12-09T18:51:00.000Z","end":"2022-12-09T18:52:00.000Z"},"country":"United Kingdom","OPM":12,"total_sale_volume":1156.5399968624115,"rate_of_return":0.0}
{"window":{"start":"2022-12-09T23:23:00.000Z","end":"2022-12-09T23:24:00.000Z"},"country":"United Kingdom","OPM":8,"total_sale_volume":298.75999641418457,"rate_of_return":0.0}
{"window":{"start":"2022-12-08T08:13:00.000Z","end":"2022-12-08T08:14:00.000Z"},"country":"Germany","OPM":1,"total_sale_volume":140.74000549316406,"rate_of_return":0.0}
{"window":{"start":"2022-12-09T14:29:00.000Z","end":"2022-12-09T14:30:00.000Z"},"country":"Spain","OPM":1,"total_sale_volume":12.539999961853027,"rate_of_return":0.0}
{"window":{"start":"2022-12-08T15:22:00.000Z","end":"2022-12-08T15:23:00.000Z"},"country":"EIRE","OPM":1,"total_sale_volume":-0.8399999737739563,"rate_of_return":1.0}
{"window":{"start":"2022-12-09T16:33:00.000Z","end":"2022-12-09T16:34:00.000Z"},"country":"United Kingdom","OPM":15,"total_sale_volume":796.1200041770935,"rate_of_return":0.0}
{"window":{"start":"2022-12-08T23:59:00.000Z","end":"2022-12-09T00:00:00.000Z"},"country":"Germany","OPM":1,"total_sale_volume":53.71999740600586,"rate_of_return":0.0}
{"window":{"start":"2022-12-08T12:18:00.000Z","end":"2022-12-08T12:19:00.000Z"},"country":"United Kingdom","OPM":8,"total_sale_volume":727.7299938201904,"rate_of_return":0.0}
{"window":{"start":"2022-12-09T11:34:00.000Z","end":"2022-12-09T11:35:00.000Z"},"country":"United Kingdom","OPM":9,"total_sale_volume":375.71000123023987,"rate_of_return":0.0}
{"window":{"start":"2022-12-09T10:49:00.000Z","end":"2022-12-09T10:50:00.000Z"},"country":"EIRE","OPM":1,"total_sale_volume":5.849999904632568,"rate_of_return":0.0}
{"window":{"start":"2022-12-08T22:26:00.000Z","end":"2022-12-08T22:27:00.000Z"},"country":"Germany","OPM":1,"total_sale_volume":181.07000732421875,"rate_of_return":0.0}
{"window":{"start":"2022-12-09T14:02:00.000Z","end":"2022-12-09T14:03:00.000Z"},"country":"Belgium","OPM":1,"total_sale_volume":9.989999771118164,"rate_of_return":0.0}
{"window":{"start":"2022-12-09T07:53:00.000Z","end":"2022-12-09T07:54:00.000Z"},"country":"Germany","OPM":1,"total_sale_volume":1.6799999475479126,"rate_of_return":0.0}
{"window":{"start":"2022-12-09T00:35:00.000Z","end":"2022-12-09T00:36:00.000Z"},"country":"United Kingdom","OPM":10,"total_sale_volume":-175.5199909210205,"rate_of_return":0.2}
