{"window":{"start":"2022-12-08T16:39:00.000Z","end":"2022-12-08T16:40:00.000Z"},"country":"Greece","OPM":1,"total_sale_volume":61.61000061035156,"rate_of_return":0.0}
{"window":{"start":"2022-12-09T03:51:00.000Z","end":"2022-12-09T03:52:00.000Z"},"country":"Norway","OPM":1,"total_sale_volume":53.54999923706055,"rate_of_return":0.0}
{"window":{"start":"2022-12-08T15:08:00.000Z","end":"2022-12-08T15:09:00.000Z"},"country":"EIRE","OPM":1,"total_sale_volume":6.579999923706055,"rate_of_return":0.0}
{"window":{"start":"2022-12-08T10:18:00.000Z","end":"2022-12-08T10:19:00.000Z"},"country":"Netherlands","OPM":1,"total_sale_volume":197.65000915527344,"rate_of_return":0.0}
{"window":{"start":"2022-12-08T13:56:00.000Z","end":"2022-12-08T13:57:00.000Z"},"country":"United Kingdom","OPM":3,"total_sale_volume":427.22997975349426,"rate_of_return":0.0}
{"window":{"start":"2022-12-09T17:47:00.000Z","end":"2022-12-09T17:48:00.000Z"},"country":"United Kingdom","OPM":11,"total_sale_volume":1036.3700041770935,"rate_of_return":0.0}
{"window":{"start":"2022-12-09T21:03:00.000Z","end":"2022-12-09T21:04:00.000Z"},"country":"United Kingdom","OPM":12,"total_sale_volume":587.300003528595,"rate_of_return":0.0}
{"window":{"start":"2022-12-09T11:31:00.000Z","end":"2022-12-09T11:32:00.000Z"},"country":"United Kingdom","OPM":13,"total_sale_volume":1512.1799793243408,"rate_of_return":0.0}
{"window":{"start":"2022-12-09T23:39:00.000Z","end":"2022-12-09T23:40:00.000Z"},"country":"United Kingdom","OPM":10,"total_sale_volume":577.3000081777573,"rate_of_return":0.0}
{"window":{"start":"2022-12-08T22:43:00.000Z","end":"2022-12-08T22:44:00.000Z"},"country":"United Kingdom","OPM":13,"total_sale_volume":1065.8100078105927,"rate_of_return":0.07692307692307693}
{"window":{"start":"2022-12-09T05:47:00.000Z","end":"2022-12-09T05:48:00.000Z"},"country":"United Kingdom","OPM":11,"total_sale_volume":544.6699872016907,"rate_of_return":0.09090909090909091}
{"window":{"start":"2022-12-08T19:44:00.000Z","end":"2022-12-08T19:45:00.000Z"},"country":"United Kingdom","OPM":5,"total_sale_volume":231.85999298095703,"rate_of_return":0.0}
