{"window":{"start":"2022-12-09T20:01:00.000Z","end":"2022-12-09T20:02:00.000Z"},"country":"Netherlands","OPM":1,"total_sale_volume":101.19000244140625,"rate_of_return":0.0}
{"window":{"start":"2022-12-09T08:38:00.000Z","end":"2022-12-09T08:39:00.000Z"},"country":"United Kingdom","OPM":12,"total_sale_volume":816.9899997711182,"rate_of_return":0.08333333333333333}
{"window":{"start":"2022-12-08T22:49:00.000Z","end":"2022-12-08T22:50:00.000Z"},"country":"United Kingdom","OPM":13,"total_sale_volume":506.22000563144684,"rate_of_return":0.15384615384615385}
{"window":{"start":"2022-12-08T14:37:00.000Z","end":"2022-12-08T14:38:00.000Z"},"country":"United Kingdom","OPM":3,"total_sale_volume":167.0199966430664,"rate_of_return":0.0}
{"window":{"start":"2022-12-09T20:54:00.000Z","end":"2022-12-09T20:55:00.000Z"},"country":"United Kingdom","OPM":8,"total_sale_volume":473.83001041412354,"rate_of_return":0.0}
{"window":{"start":"2022-12-09T05:46:00.000Z","end":"2022-12-09T05:47:00.000Z"},"country":"United Kingdom","OPM":9,"total_sale_volume":267.9899983406067,"rate_of_return":0.0}
{"window":{"start":"2022-12-08T14:51:00.000Z","end":"2022-12-08T14:52:00.000Z"},"country":"United Kingdom","OPM":17,"total_sale_volume":869.9700040817261,"rate_of_return":0.0}
{"window":{"start":"2022-12-09T11:05:00.000Z","end":"2022-12-09T11:06:00.000Z"},"country":"United Kingdom","OPM":7,"total_sale_volume":174.89000058174133,"rate_of_return":0.0}
{"window":{"start":"2022-12-08T23:45:00.000Z","end":"2022-12-08T23:46:00.000Z"},"country":"EIRE","OPM":1,"total_sale_volume":64.13999938964844,"rate_of_return":0.0}
{"window":{"start":"2022-12-09T21:17:00.000Z","end":"2022-12-09T21:18:00.000Z"},"country":"Netherlands","OPM":1,"total_sale_volume":4.199999809265137,"rate_of_return":0.0}
{"window":{"start":"2022-12-08T18:00:00.000Z","end":"2022-12-08T18:01:00.000Z"},"country":"EIRE","OPM":1,"total_sale_volume":431.95001220703125,"rate_of_return":0.0}
{"window":{"start":"2022-12-09T11:49:00.000Z","end":"2022-12-09T11:50:00.000Z"},"country":"Germany","OPM":1,"total_sale_volume":23.400001525878906,"rate_of_return":0.0}
{"window":{"start":"2022-12-09T02:52:00.000Z","end":"2022-12-09T02:53:00.000Z"},"country":"United Kingdom","OPM":11,"total_sale_volume":307.74999409914017,"rate_of_return":0.2727272727272727}
{"window":{"start":"2022-12-08T10:27:00.000Z","end":"2022-12-08T10:28:00.000Z"},"country":"United Kingdom","OPM":12,"total_sale_volume":1733.5400115251541,"rate_of_return":0.08333333333333333}
{"window":{"start":"2022-12-09T04:04:00.000Z","end":"2022-12-09T04:05:00.000Z"},"country":"United Kingdom","OPM":3,"total_sale_volume":151.83999872207642,"rate_of_return":0.0}
{"window":{"start":"2022-12-09T15:54:00.000Z","end":"2022-12-09T15:55:00.000Z"},"country":"United Kingdom","OPM":8,"total_sale_volume":482.42000675201416,"rate_of_return":0.0}
{"window":{"start":"2022-12-09T14:59:00.000Z","end":"2022-12-09T15:00:00.000Z"},"country":"United Kingdom","OPM":3,"total_sale_volume":257.6900005340576,"rate_of_return":0.0}
{"window":{"start":"2022-12-09T06:14:00.000Z","end":"2022-12-09T06:15:00.000Z"},"country":"Germany","OPM":1,"total_sale_volume":22.350000381469727,"rate_of_return":0.0}
{"window":{"start":"2022-12-09T19:25:00.000Z","end":"2022-12-09T19:26:00.000Z"},"country":"Spain","OPM":1,"total_sale_volume":38.650001525878906,"rate_of_return":0.0}
{"window":{"start":"2022-12-09T01:52:00.000Z","end":"2022-12-09T01:53:00.000Z"},"country":"Spain","OPM":1,"total_sale_volume":12.479999542236328,"rate_of_return":0.0}
{"window":{"start":"2022-12-09T18:18:00.000Z","end":"2022-12-09T18:19:00.000Z"},"country":"United Kingdom","OPM":14,"total_sale_volume":-4201.400020122528,"rate_of_return":0.07142857142857142}
{"window":{"start":"2022-12-08T13:24:00.000Z","end":"2022-12-08T13:25:00.000Z"},"country":"Australia","OPM":1,"total_sale_volume":58.220001220703125,"rate_of_return":0.0}
{"window":{"start":"2022-12-08T22:36:00.000Z","end":"2022-12-08T22:37:00.000Z"},"country":"Australia","OPM":1,"total_sale_volume":17.400001525878906,"rate_of_return":0.0}
{"window":{"start":"2022-12-08T19:37:00.000Z","end":"2022-12-08T19:38:00.000Z"},"country":"Australia","OPM":1,"total_sale_volume":14.829999923706055,"rate_of_return":0.0}
{"window":{"start":"2022-12-08T10:55:00.000Z","end":"2022-12-08T10:56:00.000Z"},"country":"United Kingdom","OPM":6,"total_sale_volume":422.0799970626831,"rate_of_return":0.0}
{"window":{"start":"2022-12-08T09:42:00.000Z","end":"2022-12-08T09:43:00.000Z"},"country":"United Kingdom","OPM":7,"total_sale_volume":719.409984588623,"rate_of_return":0.0}
{"window":{"start":"2022-12-09T21:52:00.000Z","end":"2022-12-09T21:53:00.000Z"},"country":"Germany","OPM":1,"total_sale_volume":188.39999389648438,"rate_of_return":0.0}
