{"window":{"start":"2022-12-09T06:53:00.000Z","end":"2022-12-09T06:54:00.000Z"},"country":"United Kingdom","OPM":8,"total_sale_volume":172.30000257492065,"rate_of_return":0.125}
{"window":{"start":"2022-12-09T23:27:00.000Z","end":"2022-12-09T23:28:00.000Z"},"country":"EIRE","OPM":1,"total_sale_volume":3.75,"rate_of_return":0.0}
{"window":{"start":"2022-12-08T23:17:00.000Z","end":"2022-12-08T23:18:00.000Z"},"country":"France","OPM":1,"total_sale_volume":150.88999938964844,"rate_of_return":0.0}
{"window":{"start":"2022-12-08T08:47:00.000Z","end":"2022-12-08T08:48:00.000Z"},"country":"Belgium","OPM":1,"total_sale_volume":24.34000015258789,"rate_of_return":0.0}
{"window":{"start":"2022-12-09T12:23:00.000Z","end":"2022-12-09T12:24:00.000Z"},"country":"United Kingdom","OPM":15,"total_sale_volume":1120.7999851703644,"rate_of_return":0.0}
{"window":{"start":"2022-12-09T17:13:00.000Z","end":"2022-12-09T17:14:00.000Z"},"country":"United Kingdom","OPM":12,"total_sale_volume":632.0600080490112,"rate_of_return":0.0}
{"window":{"start":"2022-12-09T07:23:00.000Z","end":"2022-12-09T07:24:00.000Z"},"country":"United Kingdom","OPM":15,"total_sale_volume":1288.5200052261353,"rate_of_return":0.06666666666666667}
{"window":{"start":"2022-12-09T03:49:00.000Z","end":"2022-12-09T03:50:00.000Z"},"country":"United Kingdom","OPM":7,"total_sale_volume":489.33999252319336,"rate_of_return":0.0}
{"window":{"start":"2022-12-09T13:00:00.000Z","end":"2022-12-09T13:01:00.000Z"},"country":"United Kingdom","OPM":4,"total_sale_volume":226.45000457763672,"rate_of_return":0.0}
{"window":{"start":"2022-12-09T00:18:00.000Z","end":"2022-12-09T00:19:00.000Z"},"country":"France","OPM":1,"total_sale_volume":16.6299991607666,"rate_of_return":0.0}
{"window":{"start":"2022-12-08T23:03:00.000Z","end":"2022-12-08T23:04:00.000Z"},"country":"United Kingdom","OPM":4,"total_sale_volume":474.84999561309814,"rate_of_return":0.0}
{"window":{"start":"2022-12-09T15:23:00.000Z","end":"2022-12-09T15:24:00.000Z"},"country":"United Kingdom","OPM":13,"total_sale_volume":641.9500102996826,"rate_of_return":0.0}
{"window":{"start":"2022-12-08T23:22:00.000Z","end":"2022-12-08T23:23:00.000Z"},"country":"Germany","OPM":1,"total_sale_volume":-41.470001220703125,"rate_of_return":1.0}
{"window":{"start":"2022-12-09T16:25:00.000Z","end":"2022-12-09T16:26:00.000Z"},"country":"United Kingdom","OPM":8,"total_sale_volume":347.4100036621094,"rate_of_return":0.0}
{"window":{"start":"2022-12-08T23:56:00.000Z","end":"2022-12-08T23:57:00.000Z"},"country":"United Kingdom","OPM":6,"total_sale_volume":219.139998793602,"rate_of_return":0.0}
{"window":{"start":"2022-12-09T20:56:00.000Z","end":"2022-12-09T20:57:00.000Z"},"country":"Switzerland","OPM":1,"total_sale_volume":46.79999923706055,"rate_of_return":0.0}
{"window":{"start":"2022-12-09T04:43:00.000Z","end":"2022-12-09T04:44:00.000Z"},"country":"Finland","OPM":1,"total_sale_volume":11.449999809265137,"rate_of_return":0.0}
{"window":{"start":"2022-12-09T23:14:00.000Z","end":"2022-12-09T23:15:00.000Z"},"country":"Belgium","OPM":1,"total_sale_volume":12.899999618530273,"rate_of_return":0.0}
{"window":{"start":"2022-12-09T17:26:00.000Z","end":"2022-12-09T17:27:00.000Z"},"country":"United Kingdom","OPM":7,"total_sale_volume":122.95999801158905,"rate_of_return":0.0}
{"window":{"start":"2022-12-08T18:46:00.000Z","end":"2022-12-08T18:47:00.000Z"},"country":"Switzerland","OPM":1,"total_sale_volume":7.380000114440918,"rate_of_return":0.0}
{"window":{"start":"2022-12-08T23:16:00.000Z","end":"2022-12-08T23:17:00.000Z"},"country":"France","OPM":1,"total_sale_volume":49.599998474121094,"rate_of_return":0.0}
{"window":{"start":"2022-12-09T01:46:00.000Z","end":"2022-12-09T01:47:00.000Z"},"country":"Germany","OPM":1,"total_sale_volume":24.899999618530273,"rate_of_return":0.0}
{"window":{"start":"2022-12-09T12:28:00.000Z","end":"2022-12-09T12:29:00.000Z"},"country":"United Kingdom","OPM":12,"total_sale_volume":2057.879940032959,"rate_of_return":0.08333333333333333}
{"window":{"start":"2022-12-08T23:46:00.000Z","end":"2022-12-08T23:47:00.000Z"},"country":"United Kingdom","OPM":8,"total_sale_volume":408.67001032829285,"rate_of_return":0.0}
{"window":{"start":"2022-12-08T18:26:00.000Z","end":"2022-12-08T18:27:00.000Z"},"country":"United Kingdom","OPM":10,"total_sale_volume":1665.6399612426758,"rate_of_return":0.1}
